source,category,id,name,description,town,address,latitude,longitude,service_time,fee_info,is_free,traffic_info,parking_info,website,image_url
Taiwan_Gov_OpenData_v2,attractions,Attraction_A15010200H_000001,目斗嶼,目斗嶼與其南側的吉貝嶼相隔7公里。全島周長843公尺，面積僅0.0244平方公里，是一個迷你小島，島上以目斗嶼燈塔聞名。由於附近有許多暗礁，以往常發生船難，所以在清代光緒年間設立目斗嶼燈塔，為船隻指引方向，至今已超過百年。目斗嶼燈塔高40公尺，黑白相間的塔身矗立在黑褐色的岩礁上，自然散發一股巍峨的氣勢。目斗嶼與其南側的吉貝嶼相隔7公里。全島周長843公尺，面積僅0.0244平方公里，是一個迷你小島，島上以目斗嶼燈塔聞名。由於附近有許多暗礁，以往常發生船難，所以在清代光緒年間設立目斗嶼燈塔，為船隻指引方向，至今已超過百年。目斗嶼燈塔高40公尺，黑白相間的塔身矗立在黑褐色的岩礁上，自然散發一股巍峨的氣勢。 由玄武岩組成的目斗嶼，極具原始風貌，黑色的岩石讓島的四周立體感十足且層次分明，激起浪花朵朵，透出一份豪壯之氣。從吉貝嶼前往目斗嶼的航程上，由於水域較淺，充足的陽光讓此海域擁有多樣化的海洋生物，當陽光灑落下來，光芒輕快地跳躍在清澈碧綠的水面上，海底世界一覽無遺。,白沙鄉,目斗嶼,23.7841,119.602,,,0.0,1. 目前無套裝行程，需團體包船前往，與船公司談妥後，由「北海遊客中心」所在地，赤崁碼頭出發。 ​2. 馬公到北海遊客中心： (1)機車／汽車：由馬公市區沿縣道203至東衛左轉北行，途經中屯、講美、港子，至赤崁碼頭即可抵達北海遊客中心。 (2)公車資訊：由馬公市搭乘外垵線、通樑線至赤崁站下車後，步行約10分鐘可抵達北海遊客中心。 3. 澎湖縣公共車船管理處公車時刻表連結,,,https://www.penghu-nsa.gov.tw/FileDownload/TravelInformation/NotSet/20140811141644331.jpg
Taiwan_Gov_OpenData_v2,attractions,Attraction_A15010200H_000002,吉貝嶼,吉貝嶼全島面積約3.1平方公里，海岸線長約13公里，是北海最大的島嶼，國內最熱門的旅遊景點。全島地勢東高西低，由海積地形組成的美麗沙灘及沙嘴，為本島最大的地形特色，沙灘位本島西南，由西崁山向南延伸；在沙灘的盡頭，因受海流影響而形成伸入海中的沙嘴，全長約800公尺，最寬處約200公尺，島的四周人工分散設置許多大小石滬，全盛時期達二百餘口，目前僅剩88口，島嶼距離赤崁約5浬，航程約20分鐘。 吉貝嶼全島面積約3.1平方公里，海岸線長約13公里，是北海最大的島嶼，國內最熱門的旅遊景點。全島地勢東高西低，由海積地形組成的美麗沙灘及沙嘴，為本島最大的地形特色，沙灘位本島西南，由西崁山向南延伸；在沙灘的盡頭，因受海流影響而形成伸入海中的沙嘴，全長約800公尺，最寬處約200公尺，島的四周人工分散設置許多大小石滬，全盛時期達二百餘口，目前僅剩88口，島嶼距離赤崁約5浬，航程約20分鐘。 因為吉貝嶼不僅是澎湖北方的漁場之一，由於潮差甚大且擁有廣大的潮間帶，早期的先民長期觀察魚類生態並利用潮差來捕魚，就地利用周邊的玄武岩與珊瑚礁，趁著每天退潮時堆砌石滬捕魚。根據記載，在清朝乾隆年間徵收「滬稅」時，吉貝便擁有1口大滬、4口小滬，可見石滬的建造遠在清乾隆以前便有了。 吉貝嶼海域石滬密佈，目前僅存的88座，佔全縣580多座石滬的近七分之一，退潮時，從當地小地名魟灣仔可以涉水走到西北方的過嶼。魟灣仔東西兩側沿岸石滬密集，數量約佔吉貝石滬的一半（約40個）。這種居民利用潮間帶，以玄武岩堆砌成的捕魚陷阱，是吉貝嶼最具特色的一項人文景觀。 追星景點 紅極一時的電視偶像劇「海豚灣戀人」，澤亞(許紹洋飾)長大後，在海豚灣邂逅易天邊(張紹涵飾)的地方就是吉貝沙尾。 『聽過海豚的傳說嗎？傳說中，海豚曾經銜著一枚鋼戒幫助一對失散了的戀人重新相聚，從此變成了愛情的守護神！ 在天邊的海豚灣，流傳著一段愛與傳說的故事！ 』 本劇播出時，帶動了很多的粉絲來到此地追星，易天邊與徐澤亞長大後第一次相遇的船屋、易天邊家的麵店還有海豚灣公車站牌都是粉絲們鏡頭捕捉的焦點，你是不是也是其中的一個呢？來到吉貝嶼，除了在吉貝沙尾感受沙灘、幻想船屋的場景外，也別忘了進入社區尋找劇中女主角易天邊的家哦，如果你有拍照，歡迎跟我們分享哦！ 另外，療傷系歌手辛曉琪「遺忘」MTV影片也是在吉貝拍攝，澎湖夏天特有的嬌艷、多彩，都在影片中。深受年輕人喜愛的「大仁哥」－陳柏霖與柯有倫為統一於2006年拍的「7-ELEVEN形象廣告」，兩個人騎著摩托車，而天空正飄過來白雲一朵，以及2人脫下短褲衝入清澈見底海水的畫面，都是在吉貝。,白沙鄉,吉貝嶼,23.73025,119.60246,,,0.0,1.前往吉貝需由赤崁碼頭附近的「北海遊客中心」購票搭乘船班前往。 2.選搭定期交通船或民營快艇(旺季行駛)前往吉貝嶼，約18分鐘即可抵達。 3.交通船時間： 開船時間 週六到週四 週五 吉貝出發 07:00／14:00 07:00／16:00 赤崁出發 11:15／17:00 11:15／17:30 4. 馬公到北海遊客中心： (1)自行前往：自馬公市區沿縣道203至東衛左轉北行，途經中屯、講美、港子，至赤崁碼頭即可抵達北海遊客中心。 (2)公車資訊：由馬公市搭乘外垵線、通樑線的公車至赤崁站下車後步行約10分鐘，可抵達北海遊客中心。 5.澎湖縣公共車船管理處公車時刻表連結,,,https://www.penghu-nsa.gov.tw/FileDownload/TravelInformation/NotSet/20170308150354509610354.jpg
Taiwan_Gov_OpenData_v2,attractions,Attraction_A15010200H_000003,姑婆嶼,姑婆嶼位於白沙的西北方、吉貝嶼的西南方，為一座玄武岩構成的方山台地，南、北長約1公里，是澎湖群島中最大的無人島。全島露出許多多孔狀玄武岩，表層覆蓋著富含鐵質的石英砂岩層，對比強烈，在澎湖各島不同地質中是個異數。姑婆嶼位於白沙的西北方、吉貝嶼的西南方，為一座玄武岩構成的方山台地，南、北長約1公里，是澎湖群島中最大的無人島。全島露出許多多孔狀玄武岩，表層覆蓋著富含鐵質的石英砂岩層，對比強烈，在澎湖各島不同地質中是個異數。 島上北面方山台地上建有一座英船的遇難紀念碑，東側為丁香魚場、東南側海域有美麗的珊瑚群、北側則是最著名的紫菜盛產地；每年農曆春節的前後，赤崁村會依姑婆嶼紫菜生長的情形，辦理大規模的採收活動，赤崁村公廟龍德宮管委會依據每戶人家男丁人口數分丁份收丁口錢作為登島採收的權利。澎湖島礁多，冬季風大浪大，澎湖的野生紫菜得天獨厚產量又多，在嚴寒冬季為漁民帶來不少收益。 姑婆嶼名稱的由來，有許多的傳說與聯想。據說在很久以前，村莊裡有一位少女，已有相戀多年的男友；但卻遭到父母反對，並強逼其另嫁良人。柔弱的少女，為了反抗父母的逼婚和證明其堅貞的愛情，便與情郎相偕離家出走到澎湖北海的無人島落腳；兩人以天地為證，以山海為誓，在那小島上共渡餘生。據說，她的晚輩來探望她時，均以姑婆尊稱；另一版本則是這位女孩為信守愛情的承諾，自我放逐至無人島孤獨終老，因早期未婚而終老者習俗稱為姑婆，這座無人島也被稱為姑婆嶼。但不論如何，當這個用一生信守愛情的故事口耳相傳至今的同時，姑婆的故事，也就成為這座無人島的美麗的傳說了！,白沙鄉,姑婆嶼,23.7157,119.5563,,,0.0,1. 目前無套裝行程，需團體包船前往，與船公司談妥後，由「北海遊客中心」所在地，赤崁碼頭出發。 2. 馬公到北海遊客中心：機車／汽車：由馬公市區沿縣道203至東衛左轉北行，途經中屯、講美、港子，至赤崁碼頭即可抵達北海遊客中心。,,,https://www.penghu-nsa.gov.tw/FileDownload/TravelInformation/NotSet/20230209120828543956.jpg
Taiwan_Gov_OpenData_v2,attractions,Attraction_A15010200H_000004,險礁嶼,險礁嶼位在吉貝嶼南方，因附近海域有許多暗礁而得名，整座島不大，北側及東北側主要由岩石及珊瑚淺坪組成，東南、西南及南側海域由貝殼和珊瑚碎屑形成金黃色的沙灘，由南遠眺猶如浮在碧海的白色小島。險礁嶼位在吉貝嶼南方，因附近海域有許多暗礁而得名，整座島不大，北側及東北側主要由岩石及珊瑚淺坪組成，東南、西南及南側海域由貝殼和珊瑚碎屑形成金黃色的沙灘，由南遠眺猶如浮在碧海的白色小島。 偶像劇「原味的夏天」以險礁為主要的拍攝場景，在島上原有的魚灶與石屋上搭建藍色小木屋，非常搶眼，吸引不少遊客的目光。險礁嶼四周的海底有五彩繽紛的珊瑚及熱帶魚生態，是知名的浮潛聖地。 險礁嶼的由來 所謂的險其實指的是海岸周圍的暗礁，一不小心可能船隻就會觸礁沈沒，可見其海面下的暗礁巨石自古以來對於漁民海上作業的威脅相當大，因此才將這座島嶼取名為險礁，除了真實地顯現這片海域的危險外，也同時提醒過往的船隻要加倍小心這片海域。 追星資訊 2003年於澎湖拍攝的電視偶像劇「原味的夏天」，民宿的場景正是在險礁，民宿的名字－[八釐米蔚藍]，是一間美麗的藍色屋頂的房子。澎湖湛藍的海、燦爛的陽光、潔白的沙灘上的，阿公經營的民宿面臨著財務危機，而跟阿公相依為命的夏日及夏恩，與來到這兒的嘉駿、品卉等人，發生什麼事情呢？他們情感的歸屬？片中的[八釐米蔚藍]是一間真正的房子，現在它的藍屋頂還在驕陽下等著你哦！同樣的場景，在「黑松沙士」的廣告也出現，“在這一刻，你給我的只有感動”，朋友們互助合作是珍貴的情誼，朋友們一起來吧！,白沙鄉,險礁嶼,23.7118,119.608,,,0.0,1.前往險礁需由赤崁碼頭附近的「北海遊客中心」購票搭乘船班前往（僅旺季有船隻行駛）。 2.馬公往北海遊客中心： （1）機車／汽車：由馬公市區沿縣道203至東衛左轉北行，途經中屯、講美、港子，至赤崁碼頭即可抵達北海遊客中心。 （2）公車資訊：由馬公市搭乘往外垵、通樑的公車於赤崁站下車，再步行約10分鐘即可到達。,,,https://www.penghu-nsa.gov.tw/FileDownload/TravelInformation/NotSet/20140812113519890.jpg
Taiwan_Gov_OpenData_v2,attractions,Attraction_A15010200H_000005,員貝嶼,員貝嶼位在白沙鄉岐頭村東方、鳥嶼西南方，鄰近澎澎灘。因為形狀像螺貝覆蓋於水面而得名，景觀相當優美且特殊。北邊海岸玄武岩柱狀節理發達，以石筆、石硯、無字天書和石墨最著名；員貝嶼東北側海崖柱狀玄武岩體發達，並形成上窄下寬如同百褶裙一般，有著許多摺痕，極具觀賞價值，員貝嶼「筆墨紙硯和百褶裙」不僅是著名地景，同時已列為玄武岩自然保留區；員貝嶼村落後方的小山丘是眺望美景的好地方，往西北岸即可眺望玄武岩奇觀，是來到員貝嶼必遊的景點喔!員貝嶼位在白沙鄉岐頭村東方、鳥嶼西南方，鄰近澎澎灘。因為形狀像螺貝覆蓋於水面而得名，景觀相當優美且特殊。北邊海岸玄武岩柱狀節理發達，以石筆、石硯、無字天書和石墨最著名；員貝嶼東北側海崖柱狀玄武岩體發達，並形成上窄下寬如同百褶裙一般，有著許多摺痕，極具觀賞價值，員貝嶼「筆墨紙硯和百褶裙」不僅是著名地景，同時已列為玄武岩自然保留區；員貝嶼村落後方的小山丘是眺望美景的好地方，往西北岸即可眺望玄武岩奇觀，是來到員貝嶼必遊的景點喔! 退潮時，在員貝嶼及湖西沙港間由珊瑚岩礁組成的海床會裸露出來，早期是員貝嶼先民對外交通孔道，深具海洋和人文意義，加上沿途的潮間帶生態及珊瑚礁多變的景致，一向是最熱門的潮間帶生態之旅的熱門路線。 玩家秘笈： 玩潮間帶，東海正夯 ​員貝港外的海上平台有花枝、海鱺在箱網中萬頭鑽動。鳥嶼潮間帶上河豚嬉鬧著馬糞海膽、小丑魚和藍雀鯛比可愛，退潮時從海上古道走向遠方島嶼，先民用蛙鏡、膠鞋征服海路和生活，是一份生命力和生活人文的饗宴。只是東海沈寂百年後，隨著潮間帶與休閒漁業活動興起，帶動遊客的休閒與歡笑，東海旅遊則越來越討喜。,白沙鄉,員貝嶼,23.6472,119.632,,,0.0,1.前往員貝嶼需由岐頭碼頭附近的「岐頭遊客中心」購票搭乘船班前往。 2.選搭定期交通船或民營快艇(旺季行駛)前往員貝嶼，約10分鐘即可抵達。 3.馬公到岐頭碼頭：自馬公巿區沿203縣道至東衛左轉，續經中正橋，永安橋進入白沙鄉，至港子大榕樹右轉即可到達。,,,https://www.penghu-nsa.gov.tw/FileDownload/TravelInformation/NotSet/20230209134015692173.png
Taiwan_Gov_OpenData_v2,attractions,Attraction_A15010200H_000006,小白沙嶼,地質景觀多變，南方有美麗的白色沙灘，是典型的沙嘴地形，還有因受到海水侵蝕而形成的豆腐狀的灘岩及壺穴；東岸的塔狀及彎曲狀的柱狀玄武岩，造型均十分特殊。地質景觀多變，南方有美麗的白色沙灘，是典型的沙嘴地形，還有因受到海水侵蝕而形成的豆腐狀的灘岩及壺穴；東岸的塔狀及彎曲狀的柱狀玄武岩，造型均十分特殊。,白沙鄉,小白沙嶼,23.678447,119.666641,,,0.0,小白沙嶼為澎湖玄武岩保留區，非經申請不得登島。,,,https://www.penghu-nsa.gov.tw/FileDownload/TravelInformation/NotSet/20140808143524285.jpg
Taiwan_Gov_OpenData_v2,attractions,Attraction_A15010200H_000007,鳥嶼,玄武岩柱從東岸一直延伸到北岸，形成高聳的海崖，下方的海蝕平臺則呈現出放射狀的玄武岩柱節理，玄武岩受到風浪侵蝕後，形成獨特的洋蔥狀的風化景觀，地形豐富多變。玄武岩柱從東岸一直延伸到北岸，形成高聳的海崖，下方的海蝕平臺則呈現出放射狀的玄武岩柱節理，玄武岩受到風浪侵蝕後，形成獨特的洋蔥狀的風化景觀，地形豐富多變。,白沙鄉,鳥嶼,23.66186,119.65943,,,0.0,1.前往鳥嶼需由岐頭碼頭附近的「岐頭遊客中心」購票搭乘船班前往。 2.選搭定期交通船或民營快艇(旺季行駛)前往員貝嶼，約15分鐘即可抵達。 3.馬公到岐頭碼頭：自馬公巿區沿203縣道至東衛左轉，續經中正橋，永安橋進入白沙鄉，至港子大榕樹右轉即可到達。,,,https://www.penghu-nsa.gov.tw/FileDownload/TravelInformation/NotSet/20140820093151050.png
Taiwan_Gov_OpenData_v2,attractions,Attraction_A15010200H_000008,虎井嶼北回歸線追日大道,北回歸線經過台灣三個縣以及經過四個國家風景區，而澎湖縣為北回歸線經過的縣市之一，且位為台灣之極西側。北回歸線經過台灣三個縣以及經過四個國家風景區，而澎湖縣為北回歸線經過的縣市之一，且位為台灣之極西側。 澎湖國家風景區管理處已於現地設立兩個造型意象，於2016年完成此追日大道的景觀意象，全長約55公尺，寬4公尺，步道上裝飾各國特有文化風俗標誌彩色石板立體浮雕並標示北回歸線經過全球16國地圖及16國國旗及國名。 步道終點的雙手意象，配合太陽照射角度隨季節變化，夕陽位置於春分秋分時位於正西，夏至日偏移至最北，冬至日偏移至最南，隨陽光變化景緻。,馬公市,虎井里,23.4864024932,119.5144101606,,,0.0,,,,https://www.penghu-nsa.gov.tw/FileDownload/TravelInformation/NotSet/20230202180503272428.JPG
Taiwan_Gov_OpenData_v2,attractions,Attraction_A15010200H_000009,重光里˙漳水神石碑,重光里二戰前俗稱後窟潭，地勢南高北低，早期遇雨積水而形成三個水潭，分別為「日潭」、「中潭」及「月潭」。於民國24年威靈宮擴建時，翻修凌霄寶塔，安置「漳水神」石碑，據說是要用來破除由南方的田溝流向聚落的「水箭」，且月潭弓形面則面向北方的吼門，即有破吼門鎮水煞的功能。 資料來源：部分摘自「重光里日月潭簡介」石敢當外觀：碑型 石敢當碑文：文字、符號 構建形式：片石圓弧形 尺 寸：0.41公尺*0.16公尺*1.28公尺 方 位：西南197° 碑文內容：雷令元亨利貞破水將軍鎮煞罡三十六天崗七十二地殺 重光里俗稱後窟潭，地勢南高北低，早期遇雨積水而形成三個水潭，分別為「日潭」、「中潭」及「月潭」。於1935年威靈宮擴建時，翻修凌霄寶塔，安置「漳水神」石碑，據說是要用來破除由南方的田溝流向聚落的「水箭」，且月潭弓形面則面向北方的吼門，即有破吼門鎮水煞的功能。 資料來源：部分摘自「重光里日月潭簡介」,馬公市,重光里運動公園東側,23.583611,119.570167,,,0.0,,,,https://www.penghu-nsa.gov.tw/FileDownload/TravelInformation/NotSet/20170514021556407428904.jpg
Taiwan_Gov_OpenData_v2,attractions,Attraction_A15010200H_000010,重光里˙凌霄寶塔,早期跨海大橋尚未興建時，通梁跟西嶼之間的地理，俗稱「吼門」。在環境上似海水會直衝村莊而來，且重光里西端稱草仔尾，以前屬馬公第一公墓，因此威靈殿池府王爺指示須建塔來抑制地理上的缺陷，其命名「凌霄寶塔」。塔頂葫蘆面向四面八方，並與日潭與月潭之間的「漳水神石碑」共同保衛整個村里。 資料來源：重光里地方耆老口述石敢當外觀：塔型 構建形式：圓錐形總 高：6.04公尺 總 高：6.04公尺 周 長：18.5公尺 塔頂飾物：葫蘆 早期跨海大橋尚未興建時，通梁跟西嶼之間的地理，俗稱「吼門」。在環境上似海水會直衝村莊而來，且重光里西端稱草仔尾，以前屬馬公第一公墓，因此威靈殿池府王爺指示須建塔來抑制地理上的缺陷，其命名「凌霄寶塔」。塔頂葫蘆面向四面八方，並與日潭與月潭之間的「漳水神石碑」共同保衛整個村里。 資料來源：重光里地方耆老口述,馬公市,重光里西方，鄰澎35鄉道,23.584278,119.567917,,,0.0,,,,https://www.penghu-nsa.gov.tw/FileDownload/TravelInformation/NotSet/20170514022623516803559.jpg
Taiwan_Gov_OpenData_v2,attractions,Attraction_A15010200H_000011,西衛里˙塔尖,西衛塔尖位於西衛里沿岸潮間帶上，是當地居民拾貝、採海菜的地區，早期因潮水洶湧流向通梁跨海大橋，居民擔憂對於村落有不良影響，故建塔治水收水煞，且鄰近西衛漁港，並有庇護漁船進出海域平安的功能。原為七層玄武岩造尖形塔，經過兩次整修為現今所見之九層(加上塔頂飾物)，故當地居民又稱九層塔。 資料來源：西衛里地方耆老口述石敢當外觀：塔型總 高：9.98公尺 圓 周 長：26.98公尺 構建形式：圓錐形 塔頂飾物：葫蘆 西衛塔尖位於西衛里沿岸潮間帶上，是當地居民拾貝、採海菜的地區，早期因潮水洶湧流向通梁跨海大橋，居民擔憂對於村落有不良影響，故建塔治水收水煞，且鄰近西衛漁港，並有庇護漁船進出海域平安的功能。原為七層玄武岩造尖形塔，經過兩次整修為現今所見之九層(加上塔頂飾物)，故當地居民又稱九層塔。 資料來源：西衛里地方耆老口述,馬公市,西衛漁港北側，西衛里社區活動中心旁潮間帶,23.581556,119.583639,,,0.0,,,,https://www.penghu-nsa.gov.tw/FileDownload/TravelInformation/NotSet/20170514022917079303249.jpg
Taiwan_Gov_OpenData_v2,attractions,Attraction_A15010200H_000012,案山里˙平安寶塔,傳說案山里曾有位法力高深之人，當這位村民都視為不凡的高人異士過世後，居民將他的體內器官於河邊清洗，但不小心將肝及腸遺漏了，後變成龜和蛇在村里作怪，居民不堪其擾，求助於案山北極殿上帝公，利用寶劍將作亂的龜和蛇收服於塔內，其劍、龜與蛇也成為石塔中的三寶。平安寶塔也成為今日案山的指標，同時具有保佑船隻行駛平安的功能。 資料來源：案山里地方耆老口述石敢當外觀：塔型總 高：5.93公尺 圓 周 長：13.88公尺 構建形式：圓錐形 塔頂飾物：葫蘆 傳說案山里曾有位法力高深之人，當這位村民都視為不凡的高人異士過世後，居民將他的體內器官於河邊清洗，但不小心將肝及腸遺漏了，後變成龜和蛇在村里作怪，居民不堪其擾，求助於案山北極殿上帝公，利用寶劍將作亂的龜和蛇收服於塔內，其劍、龜與蛇也成為石塔中的三寶。平安寶塔也成為今日案山的指標，同時具有保佑船隻行駛平安的功能。 資料來源：案山里地方耆老口述,馬公市,案山里海軍第二造船廠南側防坡堤旁,23.556667,119.574694,,,0.0,,,,https://www.penghu-nsa.gov.tw/FileDownload/TravelInformation/NotSet/20170514023114204303815.jpg
Taiwan_Gov_OpenData_v2,attractions,Attraction_A15010200H_000013,安宅里˙嶼仔尖塔,安宅海域是從事潮間帶活動與磯釣的熱門據點，更是馬公通往白沙、西嶼必經之地。以周王廟為主要信仰中心，早期澎湖土地貧瘠，先民為了豐厚土壤，會擔海沙來堆肥，使農作物順利生長，在俗稱嶼仔腳的沙地上建立石塔，用以辨識海水漲退情形，便於下海取沙，多年來保佑居民，屹立不搖。並傳說石塔有石頭掉落即表示村莊內有人殞世，是不祥之兆，後為補強石塔，經周王爺指示約於民國62年間用水泥填補過。 資料來源：安宅里地方耆老口述石敢當外觀：塔型總 高：4.16公尺 圓 周 長：19.28公尺 構建形式：圓錐形 塔頂飾物：葫蘆 安宅海域是從事潮間帶活動與磯釣的熱門據點，更是馬公通往白沙、西嶼必經之地。以周王廟為主要信仰中心，早期澎湖土地貧瘠，先民為了豐厚土壤，會擔海沙來堆肥，使農作物順利生長，在俗稱嶼仔腳的沙地上建立石塔，用以辨識海水漲退情形，便於下海取沙，多年來保佑居民，屹立不搖。並傳說石塔有石頭掉落即表示村莊內有人殞世，是不祥之兆，後為補強石塔，經周王爺指示約於民國62年間用水泥填補過。 資料來源：安宅里地方耆老口述,馬公市,安宅漁港西南側，中營前方之潮間帶上,23.5765,119.597,,,0.0,,,,https://www.penghu-nsa.gov.tw/FileDownload/TravelInformation/NotSet/20170514023314782428887.jpg
Taiwan_Gov_OpenData_v2,attractions,Attraction_A15010200H_000014,鎖港里˙南北石塔,澎湖自古以來風勢以東北季風最為劇烈，對居民生活造成威脅，故設立石塔，屬於信仰的精神寄託，達到鎮風止煞之作用，故又稱鎮山子午寶塔、鎮風塔。民國53年間，北極殿玄天上帝乩身指示，將倒塌石塔重建為九層，分為南午塔、北子塔兩座，又有「層層相疊，數數相疊，攀登九尊，永保久久」之說，壯觀程度可謂澎湖之最。 資料來源：鎖港里地方耆老口述南午塔 總 高：8.26公尺 圓 周 長：30.63公尺 石敢當外觀：塔型 石敢當碑文：符號 構建形式：圓錐形 塔頂飾物：石敢當 所在地點：北極殿東側，鄰近澎25鄉道鎖 北子塔 總 高：9.23公尺 圓 周 長：31.1公尺 石敢當外觀：塔型 石敢當碑文：符號 構建形式：圓錐形 塔頂飾物：石敢當 所在地點：鎖港社區活動中心旁，澎25鄉道段上 澎湖自古以來風勢以東北季風最為劇烈，對居民生活造成威脅，故設立石塔，屬於信仰的精神寄託，達到鎮風止煞之作用，故又稱鎮山子午寶塔、鎮風塔。民國53年間，北極殿玄天上帝乩身指示，將倒塌石塔重建為九層，分為南午塔、北子塔兩座，又有「層層相疊，數數相疊，攀登九尊，永保久久」之說，壯觀程度可謂澎湖之最。 資料來源：鎖港里地方耆老口述,馬公市,北極殿東側，鄰近澎25鄉道鎖,23.5260957933,119.6026437302,,,0.0,,,,https://www.penghu-nsa.gov.tw/FileDownload/TravelInformation/NotSet/20170514023738751178815.jpg
Taiwan_Gov_OpenData_v2,attractions,Attraction_A15010200H_000015,小門村˙大彎石塔,小門村東邊的海灣當地人稱之為大彎，據說當地許姓大戶二房生不出男丁，請示溫府王爺後，村民共同安設石塔，並依所在地命名為「大彎石塔」，故此塔有生男添丁的功效不脛而走。 資料來源：小門村地方耆老口述石敢當外觀：塔型 總 高：1.98公尺 圓 周 長：5.70公尺 構建形式：圓錐形 塔頂飾物：葫蘆 小門村東邊的海灣當地人稱之為大彎，據說當地許姓大戶二房生不出男丁，請示溫府王爺後，村民共同安設石塔，並依所在地命名為「大彎石塔」，故此塔有生男添丁的功效不脛而走。 資料來源：小門村地方耆老口述,西嶼鄉,小門地質館東側,23.654,119.517,,,0.0,,,,https://www.penghu-nsa.gov.tw/FileDownload/TravelInformation/NotSet/20170514143912049973725.jpg
Taiwan_Gov_OpenData_v2,attractions,Attraction_A15010200H_000016,小門村˙中營石塔,小門村與南方竹灣村之間的山頭俗稱「後營」，約民國54至55年間，村內多位中年人相繼去世，村民求助於震義宮，李府三千歲因而降示指出：「後營某座墳墓座南朝北正對村落，須立即建塔反制煞氣，方能保佑村民平安。」後選定村內中營旁建塔，故稱中營石塔。 資料來源：小門村地方耆老口述、部分摘自《澎湖的辟邪祈福塔》一書石敢當外觀：塔型、碑型 石敢當碑文：文字、符號總 高：1.60公尺 圓 周 長：5.26公尺 構建形式：圓錐形 塔頂飾物：葫蘆 小門村與南方竹灣村之間的山頭俗稱「後營」，約民國54至55年間，村內多位中年人相繼去世，村民求助於震義宮，李府三千歲因而降示指出：「後營某座墳墓座南朝北正對村落，須立即建塔反制煞氣，方能保佑村民平安。」後選定村內中營旁建塔，故稱中營石塔。 資料來源：小門村地方耆老口述、部分摘自《澎湖的辟邪祈福塔》一書,西嶼鄉,小門地質館南側,23.653556,119.517,,,0.0,,,,https://www.penghu-nsa.gov.tw/FileDownload/TravelInformation/NotSet/20170514144407159348338.jpg
Taiwan_Gov_OpenData_v2,attractions,Attraction_A15010200H_000017,小門村˙鐵鑠石塔,小門村地理屬俗稱「網行岐山」環抱，村民選擇低窪處並依山勢而居，故建塔鎮守山靈，以防止侵入村落的陰氣。另一說法，為當地一位許姓村民拿著鋤頭到此山坡挖掘，而觸動山靈，導致精神失常、胡言亂語，經由溫府王爺指示，安設石塔來鎮壓山靈，以庇佑居民平安。鐵鑠石塔坐落於小門村西方山丘上，有指引漁船進出漁港的作用。 資料來源：小門村地方耆老口述、部分摘自《澎湖的辟邪祈福塔》一書石敢當外觀：塔型 石敢當碑文：符號總 高：2.30公尺 圓 周 長：5.70公尺 構建形式：圓錐形 塔頂飾物：瓶形 小門村地理屬俗稱「網行岐山」環抱，村民選擇低窪處並依山勢而居，故建塔鎮守山靈，以防止侵入村落的陰氣。另一說法，為當地一位許姓村民拿著鋤頭到此山坡挖掘，而觸動山靈，導致精神失常、胡言亂語，經由溫府王爺指示，安設石塔來鎮壓山靈，以庇佑居民平安。鐵鑠石塔坐落於小門村西方山丘上，有指引漁船進出漁港的作用。 資料來源：小門村地方耆老口述、部分摘自《澎湖的辟邪祈福塔》一書,西嶼鄉,小門村落西方山丘上,23.653278,119.515,,,0.0,,,,https://www.penghu-nsa.gov.tw/FileDownload/TravelInformation/NotSet/20170514144706893723299.jpg
Taiwan_Gov_OpenData_v2,attractions,Attraction_A15010200H_000018,內垵村 塔公塔婆,自古以來塔公塔婆與塔城保護著內垵村民，不受先天地理環境的迫害。先民傳說因北港海中有暗礁，俗稱「海賴礁」與礁北的「鱟仔尾」猶如箭矢直射內垵聚落，造成村內居民時常遭受災難。故而建造塔公塔婆，並建造城牆相連擋煞，當時相連的城牆與塔婆幾乎一樣高。村落名門望族呂氏有孕在身，便說：「如產下男嬰就將其命名為塔，以茲紀念。」結果如其所願產下男嬰，故以「塔」為名，一直流傳至今。石敢當外觀：塔型 塔公 總 高：8.82公尺 寬 長：15公尺 構建形式：正方形 塔頂飾物：陶缸 塔婆 總 高：3.83公尺 圓 周 長：11.6公尺 構建形式：圓錐形 塔頂飾物：陶甕 自古以來塔公塔婆與塔城保護著內垵村民，不受先天地理環境的迫害。先民傳說因北港海中有暗礁，俗稱「海賴礁」與礁北的「鱟仔尾」猶如箭矢直射內垵聚落，造成村內居民時常遭受災難。故而建造塔公塔婆，並建造城牆相連擋煞，當時相連的城牆與塔婆幾乎一樣高。村落名門望族呂氏有孕在身，便說：「如產下男嬰就將其命名為塔，以茲紀念。」結果如其所願產下男嬰，故以「塔」為名，一直流傳至今。 資料來源：內垵村地方耆老口述、部分摘自《澎湖的辟邪祈福塔》一書,西嶼鄉,內垵北港南側,23.573917,119.499,,,0.0,,,,https://www.penghu-nsa.gov.tw/FileDownload/TravelInformation/NotSet/20230202150822677428.jpg
Taiwan_Gov_OpenData_v2,attractions,Attraction_A15010200H_000019,外垵村˙三仙塔,外垵村三仙塔分為東、西三仙塔，共兩處。東三仙塔已被周圍銀合歡覆蓋，西三仙塔位於村落西側，矗立於山崖上，周圍更有幾座小型碉堡及燒磚廠，位置居高臨下俯瞰整個外垵村。據說外垵村東西山丘相互對峙，先民認為東面山頭向南延伸較短，根據男為左女為右，早期以漁業為主的外垵村，男性經常發生船難，認定是聚落先天地理環境影響所致。依照溫府王爺指示在東西山頭各別建造三座石塔，東為西南走向，西為南北走向，一方延伸山勢意味著，延長男性的壽命，一方目的為縮短女性壽命，達到男女齊壽的功能。三仙塔所在位置即為外垵村制高點，將外垵美景盡收眼底，隨夕陽西下，更增添幾分色彩。 資料來源：外垵村地方耆老口述、部分摘自《澎湖的辟邪祈福塔》一書石敢當外觀：塔型 總 高：左-2.88公尺；中-2.54公尺；右-2.48公尺 圓 周 長：左-3.49公尺；中-4.20公尺；右-3.49公尺 構建形式：圓錐形 塔頂飾物：無 外垵村三仙塔分為東、西三仙塔，共兩處。東三仙塔已被周圍銀合歡覆蓋，西三仙塔位於村落西側，矗立於山崖上，周圍更有幾座小型碉堡及燒磚廠，位置居高臨下俯瞰整個外垵村。據說外垵村東西山丘相互對峙，先民認為東面山頭向南延伸較短，根據男為左女為右，早期以漁業為主的外垵村，男性經常發生船難，認定是聚落先天地理環境影響所致。依照溫府王爺指示在東西山頭各別建造三座石塔，東為西南走向，西為南北走向，一方延伸山勢意味著，延長男性的壽命，一方目的為縮短女性壽命，達到男女齊壽的功能。三仙塔所在位置即為外垵村制高點，將外垵美景盡收眼底，隨夕陽西下，更增添幾分色彩。 資料來源：外垵村地方耆老口述、部分摘自《澎湖的辟邪祈福塔》一書,西嶼鄉,外垵村落西側山崖上,23.562278,119.477,,,0.0,,,,https://www.penghu-nsa.gov.tw/FileDownload/TravelInformation/NotSet/20170514153254221848770.jpg
Taiwan_Gov_OpenData_v2,attractions,Attraction_A15010200H_000020,通梁˙碼頭符檯,通梁碼頭前有兩座東西相對稱的符檯，祈求港口出入的漁船平安。符檯最上方雕塑有姜太公神像及觀音佛祖神像，鎮煞氣鎮水文，更有阻止千歲船(看不見的船)入港的功能。 資料來源：通梁村地方耆老口述石敢當外觀：碑型 石敢當碑文：文字、圖像 通梁碼頭前有兩座東西相對稱的符檯，祈求港口出入的漁船平安。符檯最上方雕塑有姜太公神像及觀音佛祖神像，鎮煞氣鎮水文，更有阻止千歲船(看不見的船)入港的功能。 資料來源：通梁村地方耆老口述,白沙鄉,通梁碼頭前,23.656472,119.556,,,0.0,,,,https://www.penghu-nsa.gov.tw/FileDownload/TravelInformation/NotSet/20170515164430512901865.jpg
Taiwan_Gov_OpenData_v2,attractions,Attraction_A15010200H_000021,龍門村˙石塔,龍門後灣沙灘與兩側的東鼻頭與龍崗大山形成一個山凹，此地理環境似海浪拍打時會直衝村莊，帶來不好的煞氣，對居民有不良影響，故建塔治水收水煞。相傳於安塔時，使用活雞祭祀，並放於塔底，當時石塔頂部並無飾物，可直通塔底，村莊老一輩憶起小時候只要到石塔附近遊玩，皆想從石塔縫隙一探究竟是否真有其物，趣味十足。其中，塔底的八處伸腳有鎮方圓八方之意，故又稱「八卦塔」。 資料來源：龍門村地方耆老口述石敢當外觀：碑型 石敢當碑文：符號 總 高：4.34公尺 圓 周 長：31.2公尺 構建形式：圓錐形 塔頂飾物：葫蘆 龍門後灣沙灘與兩側的東鼻頭與龍崗大山形成一個山凹，此地理環境似海浪拍打時會直衝村莊，帶來不好的煞氣，對居民有不良影響，故建塔治水收水煞。相傳於安塔時，使用活雞祭祀，並放於塔底，當時石塔頂部並無飾物，可直通塔底，村莊老一輩憶起小時候只要到石塔附近遊玩，皆想從石塔縫隙一探究竟是否真有其物，趣味十足。其中，塔底的八處伸腳有鎮方圓八方之意，故又稱「八卦塔」。 資料來源：龍門村地方耆老口述,湖西鄉,龍門村落東北方，後灣沙灘西內側,23.565833,119.678,,,0.0,,,,https://www.penghu-nsa.gov.tw/FileDownload/TravelInformation/NotSet/20170515164805950401255.jpg
Taiwan_Gov_OpenData_v2,attractions,Attraction_A15010200H_000022,白坑村˙石塔,白坑石塔為先民認為北方海面的東北季風會直入村莊，是所謂的「飛煞」，故安設石塔保衛村平安，而實際安置年代已不可考。有趣的是白坑石塔是澎湖唯一漆有油漆的石塔，並於塔頂裝有太陽能標識燈，早期附近沒有地標，因此白坑石塔對於指引附近的船隻航行有很大的作用。於退潮時，可經由與白坑沙灘之間裸露出砂砱地到達石塔。 資料來源：白坑村地方耆老口述、部分摘自《澎湖的辟邪祈福塔》一書 石敢當外觀：塔型 總 高：4.27公尺 圓 周 長：24.3公尺 構建形式：圓錐形 塔頂飾物：石符 白坑石塔為先民認為北方海面的東北季風會直入村莊，是所謂的「飛煞」，故安設石塔保衛村平安，而實際安置年代已不可考。有趣的是白坑石塔是澎湖唯一漆有油漆的石塔，並於塔頂裝有太陽能標識燈，早期附近沒有地標，因此白坑石塔對於指引附近的船隻航行有很大的作用。於退潮時，可經由與白坑沙灘之間裸露出砂砱地到達石塔。 資料來源：白坑村地方耆老口述、部分摘自《澎湖的辟邪祈福塔》一書,湖西鄉,白坑沙灘北側，坐落於白坑後碧海潮間帶上,23.603556,119.66,,,0.0,,,,https://www.penghu-nsa.gov.tw/FileDownload/TravelInformation/NotSet/20170515165345075401540.jpg
Taiwan_Gov_OpenData_v2,attractions,Attraction_A15010200H_000023,青螺村˙陽明妙塔,早期青螺村主要生活區域以東邊為主，西邊相較於東邊發展較慢，經真武大帝指示將石塔安在「山仔頭」的高地，西村落也開始發展起來。現今所見陽明妙塔是於民國60年真武大帝指示重建，正確建塔年代已無從考起。特別的是，陽明妙塔是澎湖石塔中唯一有聚雨作用的石塔，相傳以前久旱不雨時，將俗稱「大青草」植物插於石塔上，幾日後必會天降甘霖，讓村民所種植的農作物得以生長。石塔所坐落位置屬七星地理的第一顆星，故有七星塔之稱。所在視野更是極佳，可俯瞰青螺沙嘴與嶼仔美景，保證讓人流連忘返。 資料來源：青螺村地方耆老口述、部分摘自《澎湖的辟邪祈福塔》一書石敢當外觀：塔型 石敢當碑文：文字 總 高：4.35公尺 圓 周 長：12.5公尺 構建形式：瓶形 塔頂飾物：葫蘆 早期青螺村主要生活區域以東邊為主，西邊相較於東邊發展較慢，經真武大帝指示將石塔安在「山仔頭」的高地，西村落也開始發展起來。現今所見陽明妙塔是於民國60年真武大帝指示重建，正確建塔年代已無從考起。特別的是，陽明妙塔是澎湖石塔中唯一有聚雨作用的石塔，相傳以前久旱不雨時，將俗稱「大青草」植物插於石塔上，幾日後必會天降甘霖，讓村民所種植的農作物得以生長。石塔所坐落位置屬七星地理的第一顆星，故有七星塔之稱。所在視野更是極佳，可俯瞰青螺沙嘴與嶼仔美景，保證讓人流連忘返。 資料來源：青螺村地方耆老口述、部分摘自《澎湖的辟邪祈福塔》一書,湖西鄉,坐落青螺村虎頭山，鄰近青螺漁港,23.603583,119.65,,,0.0,,,,https://www.penghu-nsa.gov.tw/FileDownload/TravelInformation/NotSet/20170515165955809776293.jpg
Taiwan_Gov_OpenData_v2,attractions,Attraction_A15010200H_000024,沙港村˙花後塔,沙港擁有廣大的潮間帶，有豐富的海洋資源。花後塔坐落於「花後」的海上，故名。於民國53年經玄天上帝乩身指示建造，因村里南方山頭地勢較高，北方地勢平坦，無法相抗衡抵擋，為使南北互相呼應而建此塔。且石塔一處留有「風口」，造型相當特殊。 資料來源：沙港村地方耆老口述、部分摘自《澎湖的辟邪祈福塔》一書石敢當外觀：塔型 總 高：3.78公尺 圓 周 長：15.3公尺 構建形式：圓錐形 塔頂飾物：無 沙港擁有廣大的潮間帶，有豐富的海洋資源。花後塔坐落於「花後」的海上，故名。於民國53年經玄天上帝乩身指示建造，因村里南方山頭地勢較高，北方地勢平坦，無法相抗衡抵擋，為使南北互相呼應而建此塔。且石塔一處留有「風口」，造型相當特殊。 資料來源：沙港村地方耆老口述、部分摘自《澎湖的辟邪祈福塔》一書,湖西鄉,沙港中漁港旁潮間帶，俗稱花後海上,23.6059848785,119.6263483651,,,0.0,,,,https://www.penghu-nsa.gov.tw/FileDownload/TravelInformation/NotSet/20170515170413184776228.jpg
Taiwan_Gov_OpenData_v2,attractions,Attraction_A15010200H_000025,沙港村˙大尾尖頂塔,沙港土地公前區域，於北勢及南勢(花後塔)各有一座石塔，此大尾尖頂山丘正好位於中央，於民國69年北極殿玄天上帝指示，需在此處安設石塔，以平衡地理缺陷，並達到鎮煞、彌補地理，保佑村民平安之功能。 資料來源：沙港村地方耆老口述、部分摘自《澎湖的辟邪祈福塔》一書石敢當外觀：塔型 石敢當碑文：符號 總 高：2.21公尺 圓 周 長：12.6公尺 構建形式：圓錐形 塔頂飾物：無 沙港土地公前區域，於北勢及南勢(花後塔)各有一座石塔，此大尾尖頂山丘正好位於中央，於民國69年北極殿玄天上帝指示，需在此處安設石塔，以平衡地理缺陷，並達到鎮煞、彌補地理，保佑村民平安之功能。 資料來源：沙港村地方耆老口述、部分摘自《澎湖的辟邪祈福塔》一書,湖西鄉,沙港村土地公前北極殿西北方,23.605472,119.629,,,0.0,,,,https://www.penghu-nsa.gov.tw/FileDownload/TravelInformation/NotSet/20170515170556794151206.jpg
Taiwan_Gov_OpenData_v2,attractions,Attraction_A15010200H_000026,鯨魚洞,這裡不但有酷似鯨魚的海蝕拱門－鯨魚洞，還有「食尚玩家」浩子和阿翔推薦的小管麵線、炒小魚干等傳統美食。你不妨也隨著浩子、阿翔腳步找家小店好好地大快朵頤一番。追星資訊 這裡不但有酷似鯨魚的海蝕拱門－鯨魚洞，還有「食尚玩家」浩子和阿翔推薦的小管麵線、炒小魚干等傳統美食。你不妨也隨著浩子、阿翔腳步找家小店好好地大快朵頤一番。,西嶼鄉,小門嶼,23.6551755274,119.51981339,,,0.0,,,,https://www.penghu-nsa.gov.tw/FileDownload/TravelInformation/NotSet/20170831112125692291191.JPG
Taiwan_Gov_OpenData_v2,attractions,Attraction_A15010200H_000027,澎湖輪碼頭,除了空運外，搭船是來澎湖的另一種交通選擇，其中，澎湖輪是一年四季往來澎湖與臺灣本島船運的主要交通。「7-ELEVEN形象廣告」，陳柏霖、柯有倫：「書上面說人是從大海來的」，機車後就停在澎湖輪碼頭；「三菱SAVRIN INSPIRE II-想像實現篇」我們的船不能橫越海洋，但我們的車可以靠.....澎湖輪。澎湖輪就靠泊市中心馬公港裡，妳找到馬公港臺華輪入出港的身影了嗎？除了空運外，搭船是來澎湖的另一種交通選擇，其中，澎湖輪是一年四季往來澎湖與臺灣本島船運的主要交通。「7-ELEVEN形象廣告」，陳柏霖、柯有倫：「書上面說人是從大海來的」，機車後就停在臺華輪碼頭；「三菱SAVRIN INSPIRE II-想像實現篇」我們的船不能橫越海洋，但我們的車可以靠......澎湖輪。澎湖輪就靠泊市中心馬公港裡，妳找到馬公港澎湖輪入出港的身影了嗎？,馬公市,臨海路36-1號,23.5623338026,119.5607886719,,,0.0,,,http://www.tnc-kao.com.tw/,https://www.penghu-nsa.gov.tw/FileDownload/TravelInformation/NotSet/20170831113736379791245.jpg
Taiwan_Gov_OpenData_v2,attractions,Attraction_A15010200H_000028,馬公港 漁人碼頭,馬公第二漁港延伸至馬公第一漁港是一條長長的木棧道，這裡就是漁人碼頭，早晚都有不少人悠閒散步著，在漁人碼頭中段的「菊島之星」，是一間船造型的漁產品直銷中心，可購買紀念品，附近商圈是品嚐澎湖海鮮漁產品的好地方。 追星景點 「力霸房屋 澎湖定居篇」廣告，年輕夫婦一開始所站立的地方是馬公第二漁港，延伸至馬公第一漁港是一條長長的木棧道，這裡就是漁人碼頭，早晚都有不少人悠閒散步著，在漁人碼頭中段的「菊島之星」，是一間船造型的漁產品直銷中心，可購買紀念品，附近商圈是品嚐澎湖海鮮漁產品的好地方。,馬公市,澎湖縣馬公市臨海路,23.5637317056,119.568164924,,,0.0,,,,https://www.penghu-nsa.gov.tw/FileDownload/TravelInformation/NotSet/20170905175023863889770.jpg
Taiwan_Gov_OpenData_v2,attractions,Attraction_A15010200H_000029,竹灣,西嶼鄉竹灣村海鱺箱網養殖場曾是「保力達B 養殖篇」廣告片的拍攝地點，澎湖漁民們的辛勤可在這個廣告片中窺知一二，澎湖海產的美味新鮮早為大家所知悉，片中活蹦亂跳的海鱺所做成的生魚片，是澎湖海鮮餐廳的主菜之一。 西嶼鄉竹灣村海鱺箱網養殖場曾是「保力達B 養殖篇」廣告片的拍攝地點，澎湖漁民們的辛勤可在這個廣告片中窺知一二，澎湖海產的美味新鮮早為大家所知悉，片中活蹦亂跳的海鱺所做成的生魚片，是澎湖海鮮餐廳的主菜之一。,西嶼鄉,竹灣村,23.6324281,119.5136711,,,0.0,,,,https://www.penghu-nsa.gov.tw/FileDownload/TravelInformation/NotSet/20170905175701317918686.jpg
Taiwan_Gov_OpenData_v2,attractions,Attraction_A15010200H_000030,牛心山,2006年「7-ELEVEN形象廣告」，柯有倫和陳柏霖兩個人騎著摩托車，捉著魚、邊喊著好渴的路上，路的盡頭可以看到的凸出的小山丘就是牛心山。當然，廣告片最後出現的地方是外垵村，外垵村是全國十大魅力漁村之一，她的夜景也是一絕。澎湖現在有不少的便利超商進駐，非常的方便，套句廣告詞－『好久不見的海風，歡迎光臨』。追星景點 2006年「7-ELEVEN形象廣告」，柯有倫和陳柏霖兩個人騎著摩托車，捉著魚、邊喊著好渴的路上，路的盡頭可以看到的凸出的小山丘就是牛心山。當然，廣告片最後出現的地方是外垵村，外垵村是全國十大魅力漁村之一，她的夜景也是一絕。澎湖現在有不少的便利超商進駐，非常的方便，套句廣告詞－『好久不見的海風，歡迎光臨』。,西嶼鄉,牛心山,23.5737298,119.5140622,,,0.0,,,,https://www.penghu-nsa.gov.tw/FileDownload/TravelInformation/NotSet/20180516153509856188815.JPG
Taiwan_Gov_OpenData_v2,attractions,Attraction_A15010200H_000031,大倉嶼,澎湖內海唯一有住人的小島，也是電視劇「移民天堂」的拍攝地點，一個即將廢校的「天堂小學」，一個因為任性調職來島上教書老師，一個因為失戀不再開口說話青年，三個娶了外籍新娘的家庭，交織成一個有笑、有淚的故事。劇中主要角色都由島上漁民、外籍新娘、小孩飾演，格外的平實自然。追星景點 澎湖內海唯一有住人的小島，也是電視劇「移民天堂」的拍攝地點，一個即將廢校的「天堂小學」，一個因為任性調職來島上教書老師，一個因為失戀不再開口說話青年，三個娶了外籍新娘的家庭，交織成一個有笑、有淚的故事。劇中主要角色都由島上漁民、外籍新娘、小孩飾演，格外的平實自然。,白沙鄉,大倉嶼,23.6194444,119.5688889,,,0.0,,,,https://www.penghu-nsa.gov.tw/FileDownload/TravelInformation/NotSet/20170911115551415078725.jpg
Taiwan_Gov_OpenData_v2,attractions,Attraction_A15010200H_000032,水仙宮(臺廈郊會館),原先被稱為渡頭街或水仙宮街的這個區域，是過去馬公市最繁榮的街道之一，水仙宮正是當地的信仰中心之一，不過現在這裡大部份人比較熟悉的是臺廈郊會館，因為1875年開始便以水仙宮做為會館。「郊」指的是清代商業公會，臺廈郊則是清代在臺灣、澎湖、廈門之間經營貿易的商戶所設立的商業公會。原先被稱為渡頭街或水仙宮街的這個區域，是過去馬公市最繁榮的街道之一，水仙宮正是當地的信仰中心之一，不過現在這裡大部份人比較熟悉的是臺廈郊會館，因為1875年開始便以水仙宮做為會館。「郊」指的是清代商業公會，臺廈郊則是清代在臺灣、澎湖、廈門之間經營貿易的商戶所設立的商業公會。 水仙宮最初建於1696年，是澎湖四大古廟之一，在1900年日治期間改稱「臺廈郊實業會館」，1929年改建成面寬三開間的兩層樓式建築，一樓做為臺廈郊辦公使用，二樓為水仙宮，供奉五位水仙尊王：大禹、伍員、屈原、項羽與魯班。整體建築屬於街屋型態，也是澎湖第一間兩層樓的廟宇建築，一、二樓以左右對稱的木質樓梯相連接，一樓屋簷銜接四角亭，作為內外過度空間，請抬頭看看：亭頂就是二樓水仙宮的廟埕喔！但是在重修後水仙宮的神明已搬遷到一樓供奉。 您可以注意看看這裡的窗戶，與一般廟宇建築不同的是特別設計了歐式的上下拉窗，同時也用澎湖的洗貝殼砂方式施工，作為仿石柱、壁面的材料，可以說融合了歐式與澎湖本土的風格。,馬公市,中山路6巷9號,23.56363,119.56431,,,0.0,,,,https://www.penghu-nsa.gov.tw/FileDownload/TravelInformation/NotSet/20230201115722431578.jpg
Taiwan_Gov_OpenData_v2,attractions,Attraction_A15010200H_000033,媽宮城隍廟,不知道您是否知道過往澎湖的廟宇有「公廟」、「私廟」之分呢？其中「公廟」又稱「闔澎」（台語可唸成蓋澎），而澎湖天后宮、媽宮城隍廟與澎湖觀音亭因為香火興旺，有著「闔澎三大古廟」的稱呼。不知道您是否知道過往澎湖的廟宇有「公廟」、「私廟」之分呢？其中「公廟」又稱「闔澎」（台語可唸成蓋澎），而澎湖天后宮、媽宮城隍廟與澎湖觀音亭因為香火興旺，有著「闔澎三大古廟」的稱呼。在每年農曆7月普渡的時候，會由城隍廟開始，其餘各地廟宇再接著進行，媽宮城隍廟便是每年澎湖普渡地起點，所以有一句俗諺說：「城隍廟放，觀音亭收」。 然而在澎湖同時有文澳及媽宮二座城隍廟，這在台灣地區來說其實是很特殊的情形，其實是因為文澳城隍廟的規模較小，清代官員覺得對神明不夠尊敬，因此於1779年，另外興建了您眼前的這座媽宮城隍廟；此後這裏經過多次修建，才有了如今的規模。,馬公市,光明路20號,23.5662,119.56636,,,0.0,,,,https://www.penghu-nsa.gov.tw/FileDownload/TravelInformation/NotSet/20230201085856512860.png
Taiwan_Gov_OpenData_v2,attractions,Attraction_A15010200H_000034,篤行十村,看到醒目的仿製「毋忘在莒」石碑，就表示您現在已經到了全台灣最古老的眷村—篤行十村，一棟棟木造日式宿舍，經翻修後已經改造成文創園區，由在地藝術家進駐佈置出各式各樣的裝置藝術，讓每個角落都有著迷人的風采。園區內還有懷舊柑仔店、復古旅店、咖啡輕食等休憩點，成為民眾熱愛的景點。看到醒目的仿製「毋忘在莒」石碑，就表示您現在已經到了全台灣最古老的眷村—篤行十村，一棟棟木造日式宿舍，經翻修後已經改造成文創園區，由在地藝術家進駐佈置出各式各樣的裝置藝術，讓每個角落都有著迷人的風采。園區內還有懷舊柑仔店、復古旅店、咖啡輕食等休憩點，成為民眾熱愛的景點。 篤行十村的前身是日治時期澎湖島要塞司令部和馬公重砲兵大隊軍官的宿舍。二次大戰後由國民政府接收，改為澎湖防衛司令部軍官有眷宿舍，並且命名為「篤行十村」。篤行十村是結合了歷史文化與人文地景的特色，澎湖縣政府為了確保眷村文化的永續傳承，在2007年公告為澎湖縣歷史建築，並且規劃成「眷村風貌特定專用區」，成為現在的「篤行十村眷村文化保存園區」。 如今的澎湖只剩下篤行十村這一處保存完整的日式宿舍群，整修過後的木造建築各有不同的用途，像是有活化利用建築的書店，還有唱紅「外婆的澎湖灣」的歌手潘安邦，以及歌手張雨生的故居，可以在館內聆聽著琅琅上口的樂曲，欣賞著他們的成長痕跡以及音樂創作的作品。,馬公市,新復路二巷22號,23.57063,119.57746,,,0.0,,,,https://www.penghu-nsa.gov.tw/FileDownload/TravelInformation/NotSet/20230201135251332725.JPG
Taiwan_Gov_OpenData_v2,attractions,Attraction_A15010200H_000035,蔡廷蘭進士第,蔡廷蘭是澎湖第一位進士，本名蔡崇文，廷蘭是他的別號，學者稱他為秋園先生。他在1845年中進士，不僅是澎湖第一位進士，也是唯一的進士。也因如此，蔡廷蘭的成功帶動澎湖的學風，他也曾在台南崇文、引心及澎湖文石等書院講學多年，對澎湖教育的發展功不可沒。蔡廷蘭著名的文學作品有1835 年因遭遇颱風漂流越南，，將海上歷險及越南風情寫成《海南雜著》一書，至今有俄、法、日、越文版發行。這座進士第是蔡廷蘭在中進士的隔年返鄉祭祖於舊居旁邊興建的。建築物總共佔地約51坪，形狀接近正方形，是四面有房、中間有著天井的澎湖傳統式民宅，正面中央的門楣還有一面玄武岩石匾，刻有「進士第」三個大字。最特別的是在廂房的屋頂採用燕尾屋脊作法，表現出官宅的特殊性，也是澎湖民宅中少有燕尾作法的宅邸。在進士第東側的老房子是蔡廷蘭出生的地方，門楣上有「瓊琚園林」字樣，代表蔡家是由金門瓊林移居而來，屋內正廳還有澎湖廳前後任通判聯名所贈的匾額「鄉國善士」，表揚著他對澎湖賑災的貢獻。,馬公市,雙頭掛29號,23.55065,119.61155,,,0.0,,,,https://www.penghu-nsa.gov.tw/FileDownload/TravelInformation/NotSet/20230201160059188055.jpg
Taiwan_Gov_OpenData_v2,attractions,Attraction_A15010200H_000036,山水濕地公園,山水濕地公園位於山水沙灘堤防後方，是澎湖珍貴的濕地。全園占地約1.7公頃，在2012年時透過降低海堤、連接內外濕地的環境改造工程，讓整個區域形成了集水生、濕生、旱生植物為一體的濕地生態，像是在山水濕地上就有不少的定沙植物，如外表看起來跟海膽很像的濱刺麥等。山水濕地公園位於山水沙灘堤防後方，是澎湖珍貴的濕地。全園占地約1.7公頃，在2012年時透過降低海堤、連接內外濕地的環境改造工程，讓整個區域形成了集水生、濕生、旱生植物為一體的濕地生態，像是在山水濕地上就有不少的定沙植物，如外表看起來跟海膽很像的濱刺麥等。因為改善工程的成功，2012年曾經以教育園的名義，榮獲國家卓越建設獎最高榮耀——最佳環境文化類卓越獎。 如今，生態豐富，環境良好，除了各種植物外，山水濕地也是不少鳥類的棲息地，其中有大、小白鷺和蒼鷺，還有鷸科的候鳥最為常見。公園內還規劃步道、觀景台等設施，可以沿著步道散步、賞鳥、觀海、看夕陽，十分輕鬆愜意。,馬公市,山水里,23.51684,119.5963,,,0.0,,,,https://www.penghu-nsa.gov.tw/FileDownload/TravelInformation/NotSet/20230201150020838815.JPG
Taiwan_Gov_OpenData_v2,attractions,Attraction_A15010200H_000037,青灣仙人掌公園,青灣仙人掌公園原本是日治時代廢棄的軍事營區，經過整頓後如今成為一座規劃完善的仙人掌公園，一旁還有玄武岩砌成的碉堡以及特殊的柱狀玄武岩景觀，爬到最高處還可以欣賞美麗的海景！一走進這座公園，就被數量龐大的仙人掌吸引了。這裡的仙人掌品種有將近一百種，園區中還規劃了不同區域，不僅可以賞景、DIY體驗，還有燒肉可以享用！ 在青灣仙人掌公園不僅可以觀賞多樣的特色植物，也能看到珍貴的遺跡，日治時期的軍營、觀測台、砲臺碉堡、彈藥庫和排水溝渠等設施都完整保留，其中一座1902年的大山堡壘砲台，是澎湖最早的日式砲台。 公園一旁有一座澎湖國際潛水中心，擁有得天獨厚的海灣地形，由於灣內風浪較小，特別適合初學者體驗。而在三分鐘車程之外有潔白的嵵裡沙灘。嵵裡沙灘綿延1公里多，由珊瑚和貝殼遺骸構成，海域平緩，海水湛藍，並有風積砂丘景觀可以觀賞，是澎湖本島天然條件很優良的海水浴場，早期也是非常著名的景點，但隨著業者的相繼退出，遊客相對減少，沙灘顯得較為幽靜。若是走到嵵裡的街上還可以看到曬魚的場景，因為嵵裡是典型的漁村，擁有許多漁產加工廠，所以到那邊不妨吃吃看當地著名的臭肉魚乾喔！,馬公市,嵵裡里嵵裡306號,23.52568,119.56693,,,0.0,,,,https://www.penghu-nsa.gov.tw/FileDownload/TravelInformation/NotSet/20230201162311388538.png
Taiwan_Gov_OpenData_v2,attractions,Attraction_A15010200H_000038,林投沙灘,位於湖西鄉的林投沙灘與林投公園、隘門沙灘相連，沙灘的砂質細密，因為看起來很像金色的沙子，因此有林投「金」沙灘的稱號。在沙灘上有一座以沙灘、貝殼、愛情、海潮及音律等元素為構想的貝殼教堂，以心貝為外觀造型，屋頂上有著心型鏤空的四葉幸運草，會隨著時間產生不同的、自然的光影律動，是沙灘上的一大亮點。 除了浪漫的場景之外，在林投沙灘還可以體驗澎湖傳統的捕魚法－「牽罟」。林投村是澎湖少數有延續傳統「牽罟」活動的地方。牽罟是澎湖先民常見取得漁獲的方法之一，然而隨著當代漁具進步和生活方式的改變，牽罟便逐漸沒落，現在反而成為當地觀光的體驗活動。 所謂的牽罟是使用地曳網捕魚，適合淺坪海灘、海底沒有礁石的地方。時間則是多以黃昏、黎明的時候進行。漁民首先會開著小船到外圍，將漁網放到海中，岸上的人再將漁網的兩個端點固定在岸邊後，一起同心協力拉著漁網往岸上拖行，最終將網中的漁獲捕撈起來。捕撈的漁獲會因為季節有所不同，常見的有鰺魚、竹筴魚和烏賊等，如果漁網中有小魚以及不可食用的海洋生物等，都會再放回海裡。,湖西鄉,澎20鄉道21號,23.55585,119.63869,,,0.0,,,,https://www.penghu-nsa.gov.tw/FileDownload/TravelInformation/NotSet/20230201162814772216.JPG
Taiwan_Gov_OpenData_v2,attractions,Attraction_A15010200H_000039,龍門南崁閉鎖陣地,看到大紅色飛揚的「龍」字和四平八穩的「門」字了嗎？這裡就是龍門閉鎖陣地，以前是「裡正角地下指揮所」，又叫做「湖西龍門南崁閉鎖陣地」，曾經具有重要的戰備地位。 在軍方移交之後被澎湖縣政府規劃為軍事文化景點，於2020年10月才完工啟用。場地規畫大致分為外部區域－景觀設施園區與內部區－龍門坑道。 坑道外有結合澎湖古八景打造鋼雕藝術創作，名為「魚躍龍門‧觀鼓浪」，透過鋼雕材質象徵國軍剛毅精神。坑道主體結構為日治時期所建造，全長705公尺、寬約60~80公分、高約兩公尺，可以容納步兵連150人。至於機槍堡、防砲堡、地下指揮所及雷達站等設施，則是國民政府軍隊接管後再增建的。此外，您還可以看到彈藥庫房、廚房、兵棋室及警戒兵等戰備設施。 在兵棋室裡，可以欣賞澎湖藝術家鄭美珠的彩繪壁畫，描繪的主題包括乙未攻澎戰爭中裡正角日軍登陸戰況、日治時期徵用村民開挖坑道的場景以及龍門位置地圖等不同的圖畫。,湖西鄉,漁港旁,23.57737,119.66151,,,0.0,,,,https://www.penghu-nsa.gov.tw/FileDownload/TravelInformation/NotSet/20230201163547445473.JPG
Taiwan_Gov_OpenData_v2,attractions,Attraction_A15010200H_000040,澎湖水族館,館內有觸摸池、魚兒啄菜等，每天上午及下午兩個時段在大洋池都有精彩的餵食秀，可以看到飼育員和海洋生物們的有趣互動。 以灰白色牆身、碧綠色屋瓦建造的二層樓建築是澎湖水族館，它位於澎湖的白沙鄉岐頭村，是由原來的水產試驗所擴建而成。館內規劃有濱海生態、礁岩池、大洋池生態等展示區，其中最受矚目的就是長達14公尺的拱型海底隧道，您可以漫步在隧道中，欣賞各種海底生物。 水族館大門正對面，有一段筆直地朝台灣海峽延伸出海的波浪海堤，當初是日本珍珠養殖公司闢建的養殖場，由於海堤特別的波浪形狀，吸引許多的遊客前來拍照。不過，想要在蔚藍海水中的拍照的話，記得先看好潮汐時刻，挑對漲潮時間來才拍得到，不然腳下就只會有一片潮濕的泥灘地！ 在水族館東側還有一座利用潮差設計建構的岐頭親水公園，裡面有潮間帶漫步活動區，潮差圓形戲水池和兒童遊樂設施，可以讓大人、小孩一起觀察潮間帶生物和了解潮汐作用，是個寓教於樂的遊憩區。,白沙鄉,岐頭村58號,23.65189,119.6079,,,0.0,,,,https://www.penghu-nsa.gov.tw/FileDownload/TravelInformation/NotSet/20230114212830125672.jpg
Taiwan_Gov_OpenData_v2,attractions,Attraction_A15010200H_000041,澎湖醫院&關稅局馬公支關,澎湖在明代曾經是將陶瓷輸往南洋的轉運站，不過荷蘭人在雅加達經營東印度公司直接跳過澎湖，到台灣建立亞洲貿易基地，導致澎湖的地位一落千丈。澎湖在明代曾經是將陶瓷輸往南洋的轉運站，不過荷蘭人在雅加達經營東印度公司直接跳過澎湖，到台灣建立亞洲貿易基地，導致澎湖的地位一落千丈。日治時期起初為了控管台灣港口交易情況，僅僅開放基隆、淡水、安平、高雄四處主要港口，但卻嚴重影響了台灣居民生活必需品的供應，最後只好再開放八處「特別輸出入港」，澎湖的「媽宮港」便是其中一處。在1906年時，安平稅關媽宮支署辦公廳便在媽宮迎薰門外的築地町落成，其建築是磚造兩層樓高的「望塔」，也是當時澎湖地區第一座洋式的官方建築。1934年將其改制為隸屬高雄稅關，因此被稱為「高雄關稅馬公支關」，媽宮人都稱之為「稅關」（台語）。,馬公市,啓明里臨海路31號,23.56293,119.56533,,,0.0,,,,https://www.penghu-nsa.gov.tw/FileDownload/TravelInformation/NotSet/20230201165512478101.jpg
Taiwan_Gov_OpenData_v2,attractions,Attraction_A15010200H_000042,觀音亭親水遊憩區,澎湖觀音亭奉祀的是南海觀世音菩薩，是澎湖極具代表性的古廟，然而觀音亭不僅僅是信仰的中心，更曾是做為重要的戰略位置。在這一帶可以扼守大山嶼，也能遠眺漁翁島和白沙鄉，早在1622年荷蘭統治之前便有駐軍紀錄，後來的明鄭、清領時期也沿用這樣的軍事配置。澎湖觀音亭奉祀的是南海觀世音菩薩，是澎湖極具代表性的古廟，然而觀音亭不僅僅是信仰的中心，更曾是做為重要的戰略位置。在這一帶可以扼守大山嶼，也能遠眺漁翁島和白沙鄉，早在1622年荷蘭統治之前便有駐軍紀錄，後來的明鄭、清領時期也沿用這樣的軍事配置。 具今有三百多年歷史的觀音亭歷經了多次的修建，最初興建於1696年，古鐘亭的古鐘也是此時建置，不過在1885年清法戰爭時一度被損毀，廟內文物和兩尊觀音像、十八羅漢像等全被掠奪。後來1891年澎湖水師鎮總兵吳宏洛捐銀兩重建。1923年，日治時期澎湖新廳舍落成時，原先在澎湖廳總鎮署衙前糯米材質的獅子也移到這裡，1959年重修的時候，則增建了左邊的望潮亭，可以欣賞台灣海峽的潮起潮落及台灣八景之一的西嶼落霞。 現在的觀音亭休憩園區，更新建了親水游憩區、國際風帆比賽中心、兒童遊樂場等運動休閒設施，成為居民、遊客熱門的戲水地點和休閒場所。,馬公市,介壽路7號,23.56759,119.56207,,,0.0,,,,https://www.penghu-nsa.gov.tw/FileDownload/TravelInformation/NotSet/20230201173128638773.jpg
Taiwan_Gov_OpenData_v2,attractions,Attraction_A15010200H_000043,澎湖開拓館,澎湖開拓館的前身是「澎湖縣長公館」，興建於1933年，是日治時期澎湖廳長與二戰後澎湖縣長的官邸，它的建築特色在於日洋混合的建築形式，也被稱為和洋折衷建築，並運用澎湖本地的建築素材。​澎湖開拓館的前身是「澎湖縣長公館」，興建於1933年，是日治時期澎湖廳長與二戰後澎湖縣長的官邸，它的建築特色在於日洋混合的建築形式，也被稱為和洋折衷建築，並運用澎湖本地的建築素材。,馬公市,治平路30號,23.56973,119.56733,,,0.0,,,,https://www.penghu-nsa.gov.tw/FileDownload/TravelInformation/NotSet/20230201173559591428.JPG
Taiwan_Gov_OpenData_v2,attractions,Attraction_A15010200H_000044,龍門濱海園區,龍門濱海園區位於澎湖本島的最東側，處在龍門、菓葉兩村中間的草原地帶，園區內的龍門後灣沙灘面朝台灣海峽，沙灘上有著名的坦克車造型廁所與更衣室，從階梯往上走，還能遠眺美景。因為與龍門村聚落中心有點距離，地點較為隱密，非常適合喜歡秘境氛圍的遊客。龍門濱海園區位於澎湖本島的最東側，處在龍門、菓葉兩村中間的草原地帶，園區內的龍門後灣沙灘面朝台灣海峽，沙灘上有著名的坦克車造型廁所與更衣室，從階梯往上走，還能遠眺美景。因為與龍門村聚落中心有點距離，地點較為隱密，非常適合喜歡秘境氛圍的遊客。 而您是否有聽過「夜靜龍門聽鼓浪」呢？這句話出現在光緒年間秀才許晉纓所作的「澎湖八景詩」中，之所以會有這樣的描述，是因為海底暗礁密布，高低落差大，當海浪進入龍門這片海域後，受到地形的阻擋，便發出像是打鼓般的轟隆聲，因此被稱為「龍門鼓浪」，在冬天強勁的東北季風，驚濤拍岸的場面可說是十分壯觀，因此想聽鼓浪的話可以前往在龍門福德古井旁的海岸觀賞和聆聽喔！ 若是沿著一旁的湖西自行車步道就會到龍門村的另一座沙灘－裡正角沙灘，夏季時適合戲水、浮潛，冬天的時候因為東北季風盛行，海浪會打到岸邊的石頭，會長滿許多綠色的海藻，場景十分特別。這個海灘還有特殊的歷史背景，在通往沙灘的小路旁邊有座「裡正角日軍上陸紀念碑」，是日軍在乙未戰爭佔領澎湖後立碑，其碑體以花崗石建造，主體由三個部分構成，現在只剩上部，基座是後來增建的。而在1945年後便將碑文磨掉陰刻改為「台灣光復紀念碑」，並於2000年時被澎湖縣政府登錄為「縣定古蹟」！,湖西鄉,龍門濱海園區 ,23.57737,119.66151,,,0.0,,,,https://www.penghu-nsa.gov.tw/FileDownload/TravelInformation/NotSet/20230201175011374368.JPG
Taiwan_Gov_OpenData_v2,attractions,Attraction_A15010200H_000045,南寮古厝群,過去與北寮合稱「龜壁港社」的南寮，在各自立村後，因為靠近內陸而發展農業，鄰近海的北寮則發展漁業。雖然農業在澎湖並不興盛，加上早年南寮村人口大量外移，但南寮村內還是保留很多以硓石建築的傳統房舍。紅瓦、石牆是特色之一，並有獨棟式、三合院式，也有大家族的集合建築，在這些古厝群當中，「許返古厝」最具有代表性。過去與北寮合稱「龜壁港社」的南寮，在各自立村後，因為靠近內陸而發展農業，鄰近海的北寮則發展漁業。雖然農業在澎湖並不興盛，加上早年南寮村人口大量外移，但南寮村內還是保留很多以硓石建築的傳統房舍。紅瓦、石牆是特色之一，並有獨棟式、三合院式，也有大家族的集合建築，在這些古厝群當中，「許返古厝」最具有代表性。 許返古厝建於清朝時期，大約是1851到1861年間，格局屬於一落四櫸頭，也就是有著三開間的廳堂、東西對稱各二間的廂房、還有天井空間的格局。建築主體也是以硓石為牆面的澎湖古厝，幾經翻修仍保存完好，由於它的道教法師宗教背景及藝術價值，被澎湖縣文化局登錄為歷史建築。 近年吸引許多民眾造訪，主要是因為藝術家們以浮球漁具作為創作素材，繪製出一張張動物臉譜，在硓石建築環繞的巷弄中，懸掛著上千顆彩色浮球的裝置藝術，與地上斑駁的光影營造出令人炫目的畫面，成為眾人喜愛的景點。,湖西鄉,南寮78號,23.58529,119.66875,,,0.0,,,,https://www.penghu-nsa.gov.tw/FileDownload/TravelInformation/NotSet/20230201182644878348.JPG
Taiwan_Gov_OpenData_v2,attractions,Attraction_A15010200H_000046,紅羅石滬&魚灶,位於紅羅灣底的紅羅村擁有十口石滬，大多數在清朝時期已經存在，有的則是日治時期興建的。其中，有三口石滬都是長300公尺以上的雙滬房石滬，而大滬石滬總長達1375公尺，為全澎湖縣第一大石滬。位於紅羅灣底的紅羅村擁有十口石滬，大多數在清朝時期已經存在，有的則是日治時期興建的。其中，有三口石滬都是長300公尺以上的雙滬房石滬，而大滬石滬總長達1375公尺，為全澎湖縣第一大石滬。 早年石滬漁業仍興盛的時候，為了祈求人員平安，漁獲豐富，因此有了拜滬的習俗。拜滬會於建滬、漁獲大豐收日以及像初一、十五的特定日子，準備牲禮祭品等祈求或答謝神明，也會當場起灶煮米粉、鮮魚犒賞大家，滬主也會準備兩個半斤紅龜分送給股東。 在1960年代澎湖傳統漁業最發達的時期，各漁港沿岸或附近村內都設有「魚灶」，作為蒸煮曬乾加工的場所，當漁船進港後，漁民將小管、丁香等漁獲挑到魚灶旁，先用鹽水浸泡洗乾淨，再放入圓型竹篩內，入鍋加水蒸煮，幾分鐘後便可起鍋，再推到路邊或空地上曝曬，等到晒乾後便可裝箱，銷往台灣本島或是外銷到日本。後來，隨著澎湖漁業衰退，傳統魚灶也漸漸走入歷史。,湖西鄉,湖西鄉紅羅村,23.57737,119.66151,,,0.0,,,,https://www.penghu-nsa.gov.tw/FileDownload/TravelInformation/NotSet/20230201183558207904.jpg
Taiwan_Gov_OpenData_v2,attractions,Attraction_A15010200H_000047,後寮三十人公廟,三十人公廟的起源根據廟內碑文的說法，在1622年時荷蘭派軍艦入侵媽宮，虎井嶼36位居民駕小船迎擊，但是寡不敵眾，全數陣亡。被村人在兩處海邊發現，就地埋葬，後來村民便興建「南埔廟」祭祀，也就是俗稱「三十人公廟」。現在看到的外觀是2017年信眾出資重建的樣貌。三十人公廟的起源根據廟內碑文的說法，在1622年時荷蘭派軍艦入侵媽宮，虎井嶼36位居民駕小船迎擊，但是寡不敵眾，全數陣亡。被村人在兩處海邊發現，就地埋葬，後來村民便興建「南埔廟」祭祀，也就是俗稱「三十人公廟」。現在看到的外觀是2017年信眾出資重建的樣貌。 三十人公廟前有一片潮間帶，在退潮時，是民眾挖厚殼蚌的好去處。在一旁也有設有自行車步道，遊客沿途可以看海，還能欣賞由藝術家洪易創作的大型雕塑「嗨鼠」，由於海豚的台語發音為「海鼠」或「海豬」，所以青花瓷風格的嗨鼠外型將海豚形象結合老鼠，上面描繪澎湖特色景點、動植物、古蹟等，耳朵上有「嗨」、「鼠」字樣；在嗨鼠一旁空地上，還有藝術家黃柏維創作的「澎湃有青」圓形地磚，結合天人菊、仙人掌、石滬等澎湖特色。 另外在後寮一個值得造訪的景點是威靈宮廟埕的石敢當，相傳在清道光年間，後寮與通樑之間的「風坑口」一帶，山裡的妖怪鬼魅四處作祟，在1842年威靈宮奉祀的保生大帝指示設立上面都加上雨字的「魑魅魍魎」四字來鎮邪祟，是澎湖少見有刻劃年代的石碑。,白沙鄉,澎8-1鄉道,23.66241,119.5699,,,0.0,,,,https://www.penghu-nsa.gov.tw/FileDownload/TravelInformation/NotSet/20230201184920958095.PNG
Taiwan_Gov_OpenData_v2,attractions,Attraction_A15010200H_000048,漁翁島遊客中心,西嶼因為位在澎湖本島的西邊而得名，別名則是「漁翁島」，因為自古台灣海峽的漁產就極為豐富，有許多的漁船在西嶼的西邊海域進行作業，因此漁翁島也曾作為歐洲人對澎湖群島的通稱。西嶼因為位在澎湖本島的西邊而得名，別名則是「漁翁島」，因為自古台灣海峽的漁產就極為豐富，有許多的漁船在西嶼的西邊海域進行作業，因此漁翁島也曾作為歐洲人對澎湖群島的通稱。 漁翁島遊客服務中心位在澎湖跨海大橋的西嶼這一側，服務中心內有豐富的展覽，也有專業的導覽人員解說西嶼的人文風情，登上樓上的觀景台還可以觀賞跨海大橋的側面全貌喔！ 遊客服務中心的對面有西嶼鄉老漁翁銅像，這座矗立西嶼超過30年的銅像象徵著西嶼漁業興盛，但經過日復一日的日曬和海風侵襲，讓原本耀眼的老漁翁生鏽斑駁，在2021年進行拋光打磨後重新亮相，展現原有的樣貌。 另外在遊客中心的前方有藝術家洪易為漁翁島製作的「魚躍有餘」雕塑，這件繽紛吸睛的作品以澎湖縣縣魚玳瑁石斑為主題，搭配澎湖的文化、自然、生態，希望藉由充滿想像力的雕塑，讓更多人認識澎湖的海洋生態環境。,西嶼鄉,1之2號,23.60546,119.51367,,,0.0,,,,https://www.penghu-nsa.gov.tw/FileDownload/TravelInformation/NotSet/20230202135200748296.JPG
Taiwan_Gov_OpenData_v2,attractions,Attraction_A15010200H_000049,大義宮,在西嶼鄉的竹灣村有著水深適中、水流平穩的港灣，主要經濟活動以漁業為主。早年更是作為澎湖漁船的產地，全盛時期有七至八家的造船廠，但是隨著漁業逐漸蕭條，造船廠生意一落千丈，目前只剩下位於竹灣的一間造船廠仍在經營。而竹灣的漁業型態也有所轉變，因為風平浪靜、海域廣大，從1975年起被選定為箱網養殖實驗海域，箱網養殖是一種以人工飼養魚類的方法，目前大多以白鯧、石斑、牡蠣為主要漁產。在西嶼鄉的竹灣村有著水深適中、水流平穩的港灣，主要經濟活動以漁業為主。早年更是作為澎湖漁船的產地，全盛時期有七至八家的造船廠，但是隨著漁業逐漸蕭條，造船廠生意一落千丈，目前只剩下位於竹灣的一間造船廠仍在經營。而竹灣的漁業型態也有所轉變，因為風平浪靜、海域廣大，從1975年起被選定為箱網養殖實驗海域，箱網養殖是一種以人工飼養魚類的方法，目前大多以白鯧、石斑、牡蠣為主要漁產。 除了漁業之外，竹灣以一年收成一次的白膜花生名聞遐邇，花生會於1月底2月初開始種植，6月起陸續採收。因為白膜花生是首次採收的花生，還沒完全成熟，所以口感獨特，是許多老饕的首選，竹灣也是澎湖公認花生品質最佳的產區。 在竹灣還有一個特別的景點，就是當地的信仰中心大義宮，主神供奉的是關公，廟前廣場有巨大的馬僮牽著關公坐騎赤兔馬的雕像。在廟裡的地下室還有著利用咾咕石砌成的蓮花珊瑚洞穴，牆面佈滿多種顏色珊瑚礁，讓人彷彿置身在海底世界中。而在大義宮旁邊還有竹灣螃蟹博物館，收藏超過六百種的螃蟹標本，數量達上千隻的螃蟹，還有許多是國內看不到的品種，令人大開眼界。,西嶼鄉,竹灣村76號,23.63243,119.51367,,,0.0,,,,https://www.penghu-nsa.gov.tw/FileDownload/TravelInformation/NotSet/20230202135602732488.JPG
Taiwan_Gov_OpenData_v2,attractions,Attraction_A15010200H_000050,小門自然紀念物,小門嶼四周環海，長期受波浪與潮汐的作用，塑造出多樣的海蝕地形。其中「鯨魚洞」是澎湖易達性且容易觀察的海蝕拱門，它的形成是因為受到海浪的侵蝕，將海崖貫穿變成中空，所以被稱為海蝕拱門。若是走到洞裡，還可以聽到十分震撼的海濤聲。小門嶼四周環海，長期受波浪與潮汐的作用，塑造出多樣的海蝕地形。其中「鯨魚洞」是澎湖易達性且容易觀察的海蝕拱門，它的形成是因為受到海浪的侵蝕，將海崖貫穿變成中空，所以被稱為海蝕拱門。若是走到洞裡，還可以聽到十分震撼的海濤聲。 另在環島步道旁的岩壁有露出明顯且完整的岩層，從上而下是矽質玄武岩柱狀節理、泥煤層、粉砂岩層與硫磺層，這就是「火山口湖遺跡」。和鯨魚洞一樣俱備稀有性和特殊性，都是認識海蝕演進過程與地質演化的最佳實地教材，因此同時被公告為小門自然紀念物。 小門地區著名的還有「小門嶼層」，由地質年代分析可以分為上下兩層，上層為殼灰岩，是由生物介殼遺骸、石英粒及微小有孔蟲膠結而成，下層是鐵質石英砂岩或砂泥岩互層，是經由風化作用而露出清楚的岩層，因為這樣的地質特色以小門地區顯露的最為完整，因此命名為「小門嶼層」。,西嶼鄉,11-12號,23.60546,119.51367,,,0.0,,,,https://www.penghu-nsa.gov.tw/FileDownload/TravelInformation/NotSet/20230202140628155303.JPG
Taiwan_Gov_OpenData_v2,attractions,Attraction_A15010200H_000051,小門菜宅,走在小門嶼的步道上，沿途可見澎湖的在地特色，用來鎮煞的石敢當，還能看到澎湖群島特有的農業文化景觀－「菜宅」，或稱「宅內」或「圍仔」，是利用能遮蔽與擋風的石牆來保護田地裡的農作物，大多數的菜宅是就地取材以硓石堆砌，但少數在水源豐沛的地方也有以蘆竹作為防風的設施。走在小門嶼的步道上，沿途可見澎湖的在地特色，用來鎮煞的石敢當，還能看到澎湖群島特有的農業文化景觀－「菜宅」，或稱「宅內」或「圍仔」，是利用能遮蔽與擋風的石牆來保護田地裡的農作物，大多數的菜宅是就地取材以硓石堆砌，但少數在水源豐沛的地方也有以蘆竹作為防風的設施。 菜宅建築的方式相當特別，將玄武岩及硓石經過曝曬，去除雜質，堆砌時以大石頭做為基礎，小石頭做為填充，疊砌過程中不使用水泥及石灰輔助，利用石頭之間的稜角做為卡榫，成為穩固的一道擋風牆。這樣的建築方式看似不細緻，卻能抵擋強勁的東北季風。 菜宅內的作物在春、夏兩季以南瓜、澎湖菜瓜、澎湖菜豆為主；到了秋、冬季則多半種植高麗菜、番茄和茼蒿等蔬果。菜宅除了種植當令的蔬果，最主要栽培的是蕃薯，當地也稱蕃薯為「栽母」。然而菜宅這種技術需要長時間累積，加上取材不易，這樣的傳統手藝慢慢失傳且取材不易，如今多用別的材料來建造現代的菜宅。,西嶼鄉,小門嶼,23.64858,119.51961,,,0.0,,,,https://www.penghu-nsa.gov.tw/FileDownload/TravelInformation/NotSet/20230202141127265904.JPG
Taiwan_Gov_OpenData_v2,attractions,Attraction_A15010200H_000052,小池角雙曲橋&虎目石滬,小池角的雙曲橋展臂入海，純白的橋身筆直地延伸至遠方，左右兩側各建立綠色的涼亭。雙曲橋正好位在潮間帶上，天氣好，遇上漲潮的時候，蔚藍的天空與腳下湛藍的的海水，交織出一幅海天美景；退潮後露出大片潮間帶岩盤，當地的居民會趁這個時候來撿拾螺貝或撈魚。小池角的雙曲橋展臂入海，純白的橋身筆直地延伸至遠方，左右兩側各建立綠色的涼亭。雙曲橋正好位在潮間帶上，天氣好，遇上漲潮的時候，蔚藍的天空與腳下湛藍的的海水，交織出一幅海天美景；退潮後露出大片潮間帶岩盤，當地的居民會趁這個時候來撿拾螺貝或撈魚。 雙曲橋的對岸就是虎目石滬，是池西村唯一的單滬房石滬，大約在1947年興建，由玄武岩砌成，左右兩道石堤中間夾著一座心型的滬房，好像心型的項鍊一樣，魚群在漲潮時游入石滬中，退潮之後就被困在裡面，漁民就能將漁獲捕撈上岸，這是早期澎湖漁業的主要方式。也因為這個特性，要想見到虎目石滬的真面目，就得看好潮汐時刻，等到退潮才能夠欣賞到完整愛心形狀的石滬喔。 另外要注意由於虎目石滬是私人財產，而且退潮的時候潮間帶相當溼滑，請不要隨意進入，以免發生危險！,西嶼鄉,西嶼池,23.60078,119.50845,,,0.0,,,,https://www.penghu-nsa.gov.tw/FileDownload/TravelInformation/NotSet/20230202143211470296.jpg
Taiwan_Gov_OpenData_v2,attractions,Attraction_A15010200H_000053,池西柱狀玄武岩&池西岩瀑九孔池,池西柱狀玄武岩在西嶼鄉西海岸線的中段，顏色偏向深黑色，往北走才漸漸轉為褐色，除了顏色，這裡的柱狀玄武岩變化也特別多樣，有直立、彎曲、倒臥、甚至傾斜等各種姿態。池西柱狀玄武岩在西嶼鄉西海岸線的中段，顏色偏向深黑色，往北走才漸漸轉為褐色，除了顏色，這裡的柱狀玄武岩變化也特別多樣，有直立、彎曲、倒臥、甚至傾斜等各種姿態。 這些氣勢雄偉的柱狀玄武岩是因為火山噴發時，高溫的岩漿遇到水和空氣冷卻收縮，表面產生如柱子一般的裂隙節理，才造成了這樣的景觀。早期池西柱狀玄武岩的上方曾設有魚塭，在雨後或魚塭排水時，水從岩石傾瀉而下，看起來很像瀑布，因此有池西岩瀑的稱呼；不過，也有人說池西岩瀑的名稱是因為岩石彎曲的節理構造，像是萬馬奔騰的水流沖入大海。 池西岩瀑下方的九孔池近年來也是打卡熱點，不過就和澎湖許多的景點一樣，並不是隨時都能欣賞得到。因為漲潮的時候，只能看到玄武岩柱，只有等到潮水退去後，一格一格的九孔池才會完全露出，這個時候才能夠步行到石滬上眺望海景以及柱狀玄武岩全貌，不過溼滑的路面要多加小心喔！,西嶼鄉,池西岩瀑,23.60391,119.50249,,,0.0,,,,https://www.penghu-nsa.gov.tw/FileDownload/TravelInformation/NotSet/20230202150944192383.png
Taiwan_Gov_OpenData_v2,attractions,Attraction_A15010200H_000054,五孔頂步道&五孔頂碉堡,在西嶼鄉赤馬村緝馬灣東港的高地上，有一座五孔頂砲台的遺跡。由於砲台石壁上鑿有五孔四角形窗，用來眺望內港、外海的敵情，所以被稱為五孔頂砲台。清光緒年間派駐澎湖的水師總兵吳宏洛建設澎湖城之後，大約於1888年在西嶼建造了五處砲台，緝馬灣這一座便是其中之一。在砲台下方有一座五孔頂碉堡，是順著山勢彎曲往下建造的地下駐兵營房，二端的出入口都有階梯狀的壕溝可以進出。如今砲台只剩下殘跡，不過碉堡經過整修大致完整而且堅固。在西嶼鄉赤馬村緝馬灣東港的高地上，有一座五孔頂砲台的遺跡。由於砲台石壁上鑿有五孔四角形窗，用來眺望內港、外海的敵情，所以被稱為五孔頂砲台。清光緒年間派駐澎湖的水師總兵吳宏洛建設澎湖城之後，大約於1888年在西嶼建造了五處砲台，緝馬灣這一座便是其中之一。在砲台下方有一座五孔頂碉堡，是順著山勢彎曲往下建造的地下駐兵營房，二端的出入口都有階梯狀的壕溝可以進出。如今砲台只剩下殘跡，不過碉堡經過整修大致完整而且堅固。 在五孔頂山腳下有長度約600公尺使用碎石與木棧道鋪成的步道，可以一路走到山頂，大約10到15分鐘就能登頂，是兼具歷史與自然風光的特色步道。 山頂上有一座觀海亭和眺望台，您可以在此一覽澎湖灣美景。由於山頂展望十分良好，不但可以觀賞海面上的日出，黃昏時還可看見船隻駛入馬公港，夜晚則可以俯瞰點點漁火的夜景，也能抬頭觀賞滿天星斗，將一整天的美景盡收眼底。,西嶼鄉,五孔頂步道,23.58061,119.51118,,,0.0,,,,https://www.penghu-nsa.gov.tw/FileDownload/TravelInformation/NotSet/20230202145054987428.JPG
Taiwan_Gov_OpenData_v2,attractions,Attraction_A15010200H_000055,西嶼彈藥本庫,我們常用「銅牆鐵壁」來形容房屋的堅固，不過，西嶼彈藥本庫可是貨真價實的銅牆鐵壁呢！西嶼彈藥本庫包含土窟式清涼彈藥庫，和俗稱銅牆鐵壁的洞窟式彈藥庫，是少見的日治初期軍事建築，也是日軍在澎湖島要塞的四大彈藥庫之一。我們常用「銅牆鐵壁」來形容房屋的堅固，不過，西嶼彈藥本庫可是貨真價實的銅牆鐵壁呢！西嶼彈藥本庫包含土窟式清涼彈藥庫，和俗稱銅牆鐵壁的洞窟式彈藥庫，是少見的日治初期軍事建築，也是日軍在澎湖島要塞的四大彈藥庫之一。 西嶼彈藥本庫顧名思義主要用來儲存火砲彈藥。洞窟式彈藥庫有單窟和雙窟二種乾燥彈藥庫，分別儲存有煙和無煙二種不同的火藥，洞窟彈藥庫採用雙層牆體穹窿結構，先在山腹的岩盤上，挖出一個圓拱形的山洞，用混凝土塊堆疊成外庫結構，再用鋼筋混凝土建造內庫空間，為了儲存無煙火藥，除了恆溫恆濕之外，旁邊牆體上也佈滿銅片，以達到徹底隔絕電磁脈衝波和溼氣的效果。 至於土窟式清涼彈藥庫則屬於地上建築，外牆由石牆疊砌而成，內牆做木板牆及防潮用的高架木地板，屋架採用鋼構桁架，屋瓦使用文化瓦也就是燻黑瓦來建造，屋頂上還裝有避雷針以防雷擊。兩種彈藥庫是台灣罕見日治初期的軍事建築，展現日治時期營造技術的特色，所以被指定為縣定古蹟修復保存。,西嶼鄉,西嶼彈藥本庫,23.56846,119.50879,,,0.0,,,,https://www.penghu-nsa.gov.tw/FileDownload/TravelInformation/NotSet/20230202152307069155.png
Taiwan_Gov_OpenData_v2,attractions,Attraction_A15010200H_000056,西嶼東臺,西嶼東臺又叫做東臺古堡，起初在清光緒年間，曾於西嶼建造新式海岸防禦砲臺，但是還未安裝新式的大砲，在清法戰爭期間，砲台遭到法軍攻擊時，無法還擊，導致法軍攻佔了西嶼和媽宮。後來清法合議後，法軍撤離澎湖，劉銘傳則多次奏請加強澎湖的海防，在1887年開始興建防守澎湖的四座砲臺，西嶼東臺就是其中的一座。 西嶼東臺又叫做東臺古堡，起初在清光緒年間，曾於西嶼建造新式海岸防禦砲臺，但是還未安裝新式的大砲，在清法戰爭期間，砲台遭到法軍攻擊時，無法還擊，導致法軍攻佔了西嶼和媽宮。後來清法合議後，法軍撤離澎湖，劉銘傳則多次奏請加強澎湖的海防，在1887年開始興建防守澎湖的四座砲臺，西嶼東臺就是其中的一座。 甲午戰爭隔年三月，日軍進攻澎湖，西嶼砲臺曾發揮部分戰力，造成日軍不少傷亡。日治時期，日軍繼續使用西嶼東砲臺，並且增添了部分施設。二次大戰後，已經不再具有戰力的西嶼東臺由國軍接管，增建了幾間營舍。直到1985年，西嶼西臺被內政部指定為國定古蹟後，國軍撤離，但是西嶼東臺則到1991年指定為國定古蹟的時候，仍然有部隊駐守，直到了2012年才移交給澎湖縣政府。 西嶼東臺的配置略呈方形，外堡門額上有劉銘傳題的「西嶼東臺」四個大字。內外堡之間設有壕溝做為緩衝，砲臺主體為磚石混合，牆體外側以當時最新的洋灰做為粉刷層。砲臺內除了砲位之外，還設有圓拱形穹窿構造的官廳、大兵房、藏兵洞、小藥庫及彈藥總庫等不同的空間，規模雖然比西嶼西臺小，但是仍為重要的海防之地。,西嶼鄉,內垵村,23.5689,119.50787,,,0.0,,,,https://www.penghu-nsa.gov.tw/FileDownload/TravelInformation/NotSet/20230202152843054725.JPG
Taiwan_Gov_OpenData_v2,attractions,Attraction_A15010200H_000057,外垵漁火,在澎湖，外垵漁火是元宵節的重頭戲，以當地的信仰中心溫王宮為主要的活動會場，有掛滿燈籠的平安橋，還有擲杯乞福龜和王爺夜巡等各式應景活動，其中最引人注目的還是外垵漁火，將近百艘的漁船齊聚在漁港，入夜之後點亮船上的燈火，就像是一場海上燈會，象徵著光明在望及添丁的寓意。在澎湖，外垵漁火是元宵節的重頭戲，以當地的信仰中心溫王宮為主要的活動會場，有掛滿燈籠的平安橋，還有擲杯乞福龜和王爺夜巡等各式應景活動，其中最引人注目的還是外垵漁火，將近百艘的漁船齊聚在漁港，入夜之後點亮船上的燈火，就像是一場海上燈會，象徵著光明在望及添丁的寓意。 欣賞外垵漁火最好的位置是在西三仙塔，白天時從山頂往下看，彷彿來到希臘知名的聖托里尼，因此也有「澎湖小希臘」之稱。矗立於山崖上的西三仙塔其實是作為鎮煞驅邪之用，因為外垵村有東西二座山丘相對，先民將東邊山頭俗稱「男左」，西邊則是「女右」，外垵村以漁業為主，男性出海經常遭遇不測，可是東面山頭又比較短，因此依照溫王爺的指示在東西山頭分別建造距離相近的三座石塔，藉著石塔走向從山延伸到海，延長男性的壽命，讓夫妻能夠白頭偕老。 外垵還有一個值得參觀的「餌砲」，是在二次大戰之前，日軍為了誤導美軍，使用水泥蓋的一座假大砲，是相當少見的軍事設施！,西嶼鄉,外垵,23.56832,119.48467,,,0.0,,,,https://www.penghu-nsa.gov.tw/FileDownload/TravelInformation/NotSet/20230202153746367443.JPG
Taiwan_Gov_OpenData_v2,attractions,Attraction_A15010200H_000058,桶盤嶼蓮花座,桶盤嶼西南海岸有一海蝕平臺，又被稱為浪蝕臺、波蝕棚，顧名思義就是海浪不斷地侵蝕著海崖，造成海崖逐漸崩退，形成和海面幾乎同高度的平坦岩台。在這海蝕平臺上有一座蓮花座，它其實是一個海底火山口的構造，因為四周經常被海水沖蝕而凹陷，只有中央有一個突起的小山丘，從遠處看起來就像蓮花座，因而被命名，當地人也稱之為「蓮花臺」。桶盤嶼西南海岸有一海蝕平臺，又被稱為浪蝕臺、波蝕棚，顧名思義就是海浪不斷地侵蝕著海崖，造成海崖逐漸崩退，形成和海面幾乎同高度的平坦岩台。在這海蝕平臺上有一座蓮花座，它其實是一個海底火山口的構造，因為四周經常被海水沖蝕而凹陷，只有中央有一個突起的小山丘，從遠處看起來就像蓮花座，因而被命名，當地人也稱之為「蓮花臺」。 蓮花座的外圈是由玄武岩圍成的，中間是漲潮時留下的海水，以及一些受到海水侵蝕的玄武岩斑駁的痕跡。退潮等海水退去時，就會看到整個蓮花座露出來，就像是蓮花出水一般，倘若配上黃昏滿天的霞光，真的有種置身仙境的錯覺。,馬公市,桶盤嶼,23.51245,119.52156,,,0.0,,,,https://www.penghu-nsa.gov.tw/FileDownload/TravelInformation/NotSet/20230202175327927609.JPG
Taiwan_Gov_OpenData_v2,attractions,Attraction_A15010200H_000059,虎井西山公園,虎井嶼全島分為東山及西山，村落位於兩座山中間的平坦區域。東山目前是軍事管制區，不對外開放，而西山在國軍撤防之後，便改建成虎井西山公園。虎井嶼全島分為東山及西山，村落位於兩座山中間的平坦區域。東山目前是軍事管制區，不對外開放，而西山在國軍撤防之後，便改建成虎井西山公園。 在西山公園上最引人注目的就是一尊大型的漢白玉觀音和神態各有不同的十八羅漢，這尊觀音像是旅居香港的鄉親捐贈給故鄉虎井，由中國的師傅雕刻而成，表情與衣服的線條都十分生動，當初還因為觀音像過於巨大無法直接運送，是被分成三等份運送到虎井再重新接上！ 在西山公園散步的途中可能會發現許多的龍舌蘭，因為龍舌蘭耐旱且適應力強，在澎湖時常可以看見，但是龍舌蘭的葉緣十分尖刺，在過往甚至會在海岸線種植龍舌蘭作為防禦用途。虎井，最著名的還有蜈蚣酒、仙人掌汁和鮮魚湯三寶，因為虎井盛產肥大的紅腳蜈蚣，相傳製成蜈蚣酒對於治療風溼及皮膚病相當有效，不過，菸酒管理法規定自製的酒只能自用，所以曾經紅極一時的蜈蚣酒現在已經買不到了，但是還是可以品嚐仙人掌汁和鮮魚湯喔！,馬公市,虎井西山公園,23.4897,119.51151,,,0.0,,,,https://www.penghu-nsa.gov.tw/FileDownload/TravelInformation/NotSet/20230202175946709919.png
Taiwan_Gov_OpenData_v2,attractions,Attraction_A15010200H_000060,虎井柱狀玄武岩,虎井嶼是澎湖群島的第七大島，虎井原名好井，位於虎井東山，有一口因岩層自然崩塌所形成的深穴。穴中湧出地下水，水質甘美，當地人便稱這口井為「好井」，相傳有一次島上一位婦人，帶著小孩前去這口「好井」汲水時，小孩不慎掉落井中淹死，村民為警示這口曾經淹沒小孩的井，因而改稱「虎井」，但也可能是來自閩南話「虎」與「好」的諧音。虎井嶼是澎湖群島的第七大島，虎井原名好井，位於虎井東山，有一口因岩層自然崩塌所形成的深穴。穴中湧出地下水，水質甘美，當地人便稱這口井為「好井」，相傳有一次島上一位婦人，帶著小孩前去這口「好井」汲水時，小孩不慎掉落井中淹死，村民為警示這口曾經淹沒小孩的井，因而改稱「虎井」，但也可能是來自閩南話「虎」與「好」的諧音。 虎井嶼的柱狀玄武岩與與桶盤嶼十分相似皆有壯觀的玄武岩柱狀節理，排列在險峻的山崖邊，就像一整片的巨石林，氣勢十分雄偉。玄武岩下方的山坡草地上，常常可以見到山羊的蹤影，與氣勢磅礡的柱狀玄武岩形成一幅別處難得見到的美景。並因為虎井嶼有著雄偉的柱狀節理玄武岩景觀，也是北回歸線23.5°經過的地帶，2020年時獲選為台灣經典小鎮之一。,馬公市,虎井嶼,23.49056,119.52778,,,0.0,,,,https://www.penghu-nsa.gov.tw/FileDownload/TravelInformation/NotSet/20230202180248053428.png
Taiwan_Gov_OpenData_v2,attractions,Attraction_A15010200H_000061,虎井軍事觀測所,在虎井西山上有一座看似小型碉堡的軍事觀測所，除了眼前所見的石造建築外，其實它是一個地下化的軍事設施，是日治時期日軍用來監視海面觀測，所以被當地人稱為「螞蟻孔」。日軍在1940年左右，開始在虎井建構海防相關的軍事設施，其中，最早興建的就是這一個軍事觀測所，曾經被謠傳為「日軍山本五十六大將南進指揮所」，但後來經過考證，已經證實是錯誤傳言，這個螞蟻孔只是單純海防駐軍。在虎井西山上有一座看似小型碉堡的軍事觀測所，除了眼前所見的石造建築外，其實它是一個地下化的軍事設施，是日治時期日軍用來監視海面觀測，所以被當地人稱為「螞蟻孔」。日軍在1940年左右，開始在虎井建構海防相關的軍事設施，其中，最早興建的就是這一個軍事觀測所，曾經被謠傳為「日軍山本五十六大將南進指揮所」，但後來經過考證，已經證實是錯誤傳言，這個螞蟻孔只是單純海防駐軍。 虎井軍事觀測所設有二個出入口，分別位在呈南北走向的通道兩端。地下坑道採用鋼筋混凝土結構，長約42公尺，寬約20公尺，狹長型的空間以通道分隔，兩側分別設有兵房、辦公室、庫房、以及通信室等空間。一般會從北端進入，而南端出口處則有一小平台，可以架設望遠鏡，用來監視海上軍情，是當時作為重要的軍事據點之一。,馬公市,虎井軍事觀測所,23.4861,119.50985,,,0.0,,,,https://www.penghu-nsa.gov.tw/FileDownload/TravelInformation/NotSet/20230202180910225904.JPG
Taiwan_Gov_OpenData_v2,attractions,Attraction_A15010200H_000062,牛母坪,這一大片草原為什麼叫做牛母坪呢？請往大海的方向看就會知道了！因為岸邊有一大塊形狀像牛一樣的岩石浮在海面，於是這片崖頂的大草原就被稱為牛母坪了。牛母坪海岸不僅具有海灣地形也有海蝕平台，而且牛母坪的火山角礫岩不但有厚度且具有層理，還有崩移的構造，可能熔岩層是屬於不同時期噴發，因此推測牛母坪一帶可能為古火山口，為澎湖群島九個古火山口之一。這一大片草原為什麼叫做牛母坪呢？請往大海的方向看就會知道了！因為岸邊有一大塊形狀像牛一樣的岩石浮在海面，於是這片崖頂的大草原就被稱為牛母坪了。牛母坪海岸不僅具有海灣地形也有海蝕平台，而且牛母坪的火山角礫岩不但有厚度且具有層理，還有崩移的構造，可能熔岩層是屬於不同時期噴發，因此推測牛母坪一帶可能為古火山口，為澎湖群島九個古火山口之一。 從牛母坪沿著小路往走下可以到達牛母坪灣，是全台灣唯一一個由玄武岩、砂粒、和珊瑚礁岩三種岩石混合構成的礫灘。在這座海灣可以游泳、浮潛、挖野生蚵類，也可以海釣，不過這裡的海底是珊瑚礁，有可能發生魚兒還沒上鈎就掛鈎的情況喔。 牛母坪除了是當地人放牧的好去處，也是露營的絕佳地點，可以同時感受到天空以及草原的廣闊，還能同時欣賞草原的碧綠以及海水的湛藍，十分愜意悠閒。,七美鄉,牛母坪,23.20878,119.43534,,,0.0,,,,https://www.penghu-nsa.gov.tw/FileDownload/TravelInformation/NotSet/20230208141548084383.jpg
Taiwan_Gov_OpenData_v2,attractions,Attraction_A15010200H_000063,花嶼,"澎湖群島的火山岩地質都屬於玄武岩，唯一的例外是花嶼，構成的岩石是安山岩，安山岩是火山噴發岩漿快速冷卻而成的岩石，黏稠性高、流動速度慢，多半在火山口附近堆積成錐狀，和玄武岩形成的方山地形不同。大約形成於6,500萬年前，是澎湖最古老、也是最西邊的島嶼。​澎湖群島的火山岩地質都屬於玄武岩，唯一的例外是花嶼，構成的岩石是安山岩，安山岩是火山噴發岩漿快速冷卻而成的岩石，黏稠性高、流動速度慢，多半在火山口附近堆積成錐狀，和玄武岩形成的方山地形不同。大約形成於6,500萬年前，是澎湖最古老、也是最西邊的島嶼。 花嶼位在望安西北，島上有近百種原生植物，因此被命名為花嶼。目前居民只有一百多人，因為在黑潮支流與親潮交會點，漁獲十分豐富，居民多以漁業為生。東半部的煙墩山海拔五十三公尺，是島上最高點，西半部山頂建有花嶼燈塔，純白色塔身由鋼筋混凝土建造，是台灣最西邊的燈塔，也是花嶼重要地標。 在東南側礁石上，還有傳說中呂洞賓「仙腳印」的左腳足跡，和望安島天台山的右腳印正好成一對，不過只有在退潮時才看得到喔！",望安鄉,花嶼,23.40361,119.3225,,,0.0,,,,https://www.penghu-nsa.gov.tw/FileDownload/TravelInformation/NotSet/20230208142126882904.png
Taiwan_Gov_OpenData_v2,attractions,Attraction_A15010200H_000064,貓嶼,"貓嶼位在望安西南16公里、花嶼南方8公里海域，隸屬望安鄉花嶼村，包含大、小貓嶼及周圍礁岩。大小兩島都是玄武岩構成，四周被陡峭懸崖圍繞，攀登不易。貓嶼位在望安西南16公里、花嶼南方8公里海域，隸屬望安鄉花嶼村，包含大、小貓嶼及周圍礁岩。大小兩島都是玄武岩構成，四周被陡峭懸崖圍繞，攀登不易。 大貓嶼是從地表冒出的巨型岩脈，地形高聳，最高海拔約70到79公尺，是澎湖群島中最高的地方。大貓嶼海蝕地形發達，周圍有許多海蝕洞，北端海崖有巨大海蝕拱門；東側在退潮時會露出海蝕平台，平台上有不少壺穴。小貓嶼則位於大貓嶼東方，地形更陡峭，退潮時兩島間有一條火山集塊岩組成的石脈相通。 在澎湖民間有這麼一句話：「鳥嶼無鳥，貓嶼無貓」，貓嶼是因外型像兩隻蹲著的貓而得名，而不是有很多貓，甚至是座無人島，不過有非常多候鳥在這裡棲息，夏季時燕鷗會選擇人煙罕至、地形險惡的貓嶼來繁殖，主要以白眉燕鷗、玄燕鷗為主，每年各約有3,000至5,000隻在貓嶼繁殖。在澎湖要看玄燕鷗主要以貓嶼為主，北海甚少，偶有零星的玄燕鷗出現。澎湖縣政府因此在1991年將大、小貓嶼公告為「貓嶼海鳥保護區」，保護區範圍包含陸地以及延伸100公尺的海域，沒有特殊需求不可任意登島，您可選擇搭船在周邊欣賞燕鷗飛舞的美麗景象。",望安鄉,貓嶼,23.32512,119.32125,,,0.0,,,,https://www.penghu-nsa.gov.tw/FileDownload/TravelInformation/NotSet/20230208142411991838.JPG
Taiwan_Gov_OpenData_v2,attractions,Attraction_A15010200H_000065,東吉嶼,您知道澎湖有個海洋國家公園嗎？「澎湖南方四島國家公園」包含東吉、西吉、東嶼坪、西嶼坪四個島和周邊島礁、海域，由於人煙稀少，仍保持原始樣貌，是生態旅遊重要地點。您知道澎湖有個海洋國家公園嗎？「澎湖南方四島國家公園」包含東吉、西吉、東嶼坪、西嶼坪四個島和周邊島礁、海域，由於人煙稀少，仍保持原始樣貌，是生態旅遊重要地點。 其中最東邊的東吉嶼，在南方四島中面積最大，也是澎湖群島中離台灣本島最近的島嶼，曾經也是台澎間海運貿易轉運站；附近海域有多處螺旋狀暗流，常有船隻觸礁沉沒，因此被稱為「黑水溝」，為保護船隻安全，日治時期興建兩座燈塔，北方的東吉燈塔是全島制高點，黑白相間的塔身十分醒目。也因曾有日軍駐守，東北角可見當地人稱為「兵厝」的日軍炮兵房舍遺址。 若是從遊客服務中心向西到八卦山，登上高處可眺望東吉碼頭、東吉燈塔和附近海景。八卦山岩層是狹長玄武岩，左側有顆像眼睛的圓形岩石，被稱為是「東吉之眼」。而東吉嶼四周海岸幾乎都是陡峭的柱狀玄武岩海崖，東北角有一個巨大海蝕平台，當地人稱為「大坪」，退潮時會發現大量潮間帶生物。由於擁有豐富玄武岩地景，因此和西吉、頭巾、鐵砧嶼共同被列為「澎湖南海玄武岩自然保留區」。,望安鄉,東吉嶼,23.25583,119.6725,,,0.0,,,,https://www.penghu-nsa.gov.tw/FileDownload/TravelInformation/NotSet/20230208142809429744.png
Taiwan_Gov_OpenData_v2,attractions,Attraction_A15010200H_000066,西吉嶼,西吉嶼位在東吉嶼西方約4.5公里，和東吉嶼同屬「南方四島國家公園」之一，西側及北側有著玄武岩海崖，柱狀節理分明，綿延數百公尺，十分壯觀，也被列為「南海玄武岩自然保留區」，居民已於1978年全數遷出，目前是一座無人島，要登島需先經過申請。西吉嶼位在東吉嶼西方約4.5公里，和東吉嶼同屬「南方四島國家公園」之一，西側及北側有著玄武岩海崖，柱狀節理分明，綿延數百公尺，十分壯觀，也被列為「南海玄武岩自然保留區」，居民已於1978年全數遷出，目前是一座無人島，要登島需先經過申請。 儘管房舍多已破敗，但聚落結構仍清晰可見，也能看見信仰中心西吉宮遺跡，和為了鎮煞避邪而建造的四座石塔。以及當年為抵擋東北季風，村落北側以玄武岩建造的菜宅，如今雖然廢村已久，遷居各處的西吉村民，每年端午、中秋等重大節慶，都會相約返村小住幾天，帶著下一代進行尋根之旅。 而西吉嶼最為人熟知的景點，是島嶼西北側的海蝕洞，由於形狀像灶口，在地人俗稱「灶籠」；洞內四周海水因陽光折射呈現藍寶石色澤，因此也被稱為「藍洞」。 島嶼的東側和南側則多為岩岸地形，東北方潮間帶，岩石受海水侵蝕產生凹洞，形成壺穴地形，或擴大成為「潮池」，和灶籠同樣是西吉嶼值得一看的地質景觀。,望安鄉,西吉嶼,23.24917,119.61556,,,0.0,,,,https://www.penghu-nsa.gov.tw/FileDownload/TravelInformation/NotSet/20230208143243133309.png
Taiwan_Gov_OpenData_v2,attractions,Attraction_A15010200H_000067,東嶼坪嶼,南方四島中的東嶼坪嶼是澎湖火山熔岩形成的島嶼，屬於玄武岩方山地形，島上處處可見玄武岩節理景觀，東岸及北岸有海蝕溝、海蝕洞及海蝕柱等地形。南岸和西岸則有珊瑚碎屑組成的砂礫灘，其餘是陡峭的柱狀玄武岩海崖。西南側的碼頭邊，還有一塊火山角礫岩及岩脈組成的岩塊，當地人稱為「塔仔」。南方四島中的東嶼坪嶼是澎湖火山熔岩形成的島嶼，屬於玄武岩方山地形，島上處處可見玄武岩節理景觀，東岸及北岸有海蝕溝、海蝕洞及海蝕柱等地形。南岸和西岸則有珊瑚碎屑組成的砂礫灘，其餘是陡峭的柱狀玄武岩海崖。西南側的碼頭邊，還有一塊火山角礫岩及岩脈組成的岩塊，當地人稱為「塔仔」。 東嶼坪嶼其實是由南北兩個陸塊組成，通常用「前山」、「後山」來稱呼。北方陸塊是後山，可看到許多保護作物的菜宅遺跡，還有依地勢而建的梯田，是澎湖較少見的景觀。前後山之間低平的谷地叫「沙溝仔」，是聚落集中地區，房舍從港口附近由南往北，沿山丘背風處延伸，並造有金龍塔和池府塔兩座守護島嶼的石塔。 而您只要沿著前山和後山的環狀步道，再銜接池府塔和海濱步道，就會到矗立在東嶼坪港邊的「前山」，能從各種角度將島上的自然和人文風光盡收眼底。附近海域生態也非常豐富，擁有許多珊瑚，近年最吸睛的莫過於被稱為海底薰衣草的紫色鹿角珊瑚，一整片夢幻的紫色珊瑚森林，讓人流連忘返！,望安鄉,東嶼坪嶼,23.25972,119.51667,,,0.0,,,,https://www.penghu-nsa.gov.tw/FileDownload/TravelInformation/NotSet/20230208143743852293.png
Taiwan_Gov_OpenData_v2,attractions,Attraction_A15010200H_000068,西嶼坪嶼,南方四島中最西邊的西嶼坪嶼，距離望安約25分鐘航程，緊鄰東嶼坪嶼，兩島關係密切，合稱「半坪嶼」或「嶼坪」。在岸邊就可見到島上信仰中心「華娘廟」，供奉主神是華娘，還有武帥、媽祖等神祇。要前往村莊的話，要從碼頭走上一條叫「好漢坡」的斜坡才會抵達，在這裡可以看到許多硓石和玄武岩堆疊的古厝，然而目前居民幾乎都已經外移。南方四島中最西邊的西嶼坪嶼，距離望安約25分鐘航程，緊鄰東嶼坪嶼，兩島關係密切，合稱「半坪嶼」或「嶼坪」。在岸邊就可見到島上信仰中心「華娘廟」，供奉主神是華娘，還有武帥、媽祖等神祇。要前往村莊的話，要從碼頭走上一條叫「好漢坡」的斜坡才會抵達，在這裡可以看到許多硓石和玄武岩堆疊的古厝，然而目前居民幾乎都已經外移。 西嶼坪嶼主要為四角型方山地形，東側為柱狀玄武岩海崖，西側連綿的海崖間，可以見到被海流侵蝕形成的海蝕溝與海蝕洞。東側和北側則有玄武岩礫灘，東北角距離海岸不遠處還可看見孤立在海中的海蝕柱，當地人稱為「吊仔」。在西北角的西尾山則可眺望鐵砧嶼與頭巾嶼，海天一色，景致十分秀麗。 西嶼坪嶼不僅陸地上景觀多元，海底世界也很精彩，周邊海域珊瑚數量與種類繁多、色彩鮮艷，是南方四島中覆蓋率最高的，海底可見大片分枝形或桌面形的軸孔珊瑚，各種海洋生物穿梭其間，非常有保育價值，也是浮潛者的天堂！,望安鄉,西嶼坪嶼,23.25972,119.51667,,,0.0,,,,https://www.penghu-nsa.gov.tw/FileDownload/TravelInformation/NotSet/20230208144054633941.png
Taiwan_Gov_OpenData_v2,attractions,Attraction_A15010200H_000069,吉貝沙尾,"說到吉貝嶼，不少人會聯想到「海豚灣戀人」這部知名偶像劇，但是吉貝嶼也以位在西南方的吉貝沙尾聞名。沙尾也就是「沙嘴」，是海積地形的一種，由於海流的推擠，造成珊瑚碎屑和貝殼沙沈積，形成各種海積地形。在西南方沙灘由西崁山向東南延伸，在沙灘盡頭，形成伸入海中的沙嘴地形。吉貝沙尾長約800公尺、寬200公尺，由於沿岸流的方向會受季節性風向而改變，沙尾的形狀和大小也因此產生變化，呈現類似擺尾的自然現象。吉貝沙尾遍佈金黃色的沙子，因此也稱「黃金沙嘴」，可以在這裡進行水上活動，也能欣賞日出、日落。說到吉貝嶼，不少人會聯想到「海豚灣戀人」這部知名偶像劇，但是吉貝嶼也以位在西南方的吉貝沙尾聞名。沙尾也就是「沙嘴」，是海積地形的一種，由於海流的推擠，造成珊瑚碎屑和貝殼沙沈積，形成各種海積地形。在西南方沙灘由西崁山向東南延伸，在沙灘盡頭，形成伸入海中的沙嘴地形。吉貝沙尾長約800公尺、寬200公尺，由於沿岸流的方向會受季節性風向而改變，沙尾的形狀和大小也因此產生變化，呈現類似擺尾的自然現象。吉貝沙尾遍佈金黃色的沙子，因此也稱「黃金沙嘴」，可以在這裡進行水上活動，也能欣賞日出、日落。 鄰近沙尾的西崁山原本是獨立的玄武岩礁，因珊瑚碎屑長期堆積形成一座陸連島，而與吉貝本島相連，是吉貝嶼最高點，能遠眺目斗嶼、姑婆嶼和鐵砧嶼，退潮時還能看到週邊的石滬和潮間帶。 吉貝嶼在每年春秋季候鳥南遷北返的最佳停棲地點，候鳥在此覓食補充體力繼續前行，2013年的春天曾調查到一天3,000多隻的赤腹鷹飛經吉貝，其他稀有的鳥種也經常於此時出現在吉貝嶼。",白沙鄉,吉貝沙尾,23.72792,119.60316,,,0.0,,,,https://www.penghu-nsa.gov.tw/FileDownload/TravelInformation/NotSet/20230208144940275428.jpg
Taiwan_Gov_OpenData_v2,attractions,Attraction_A15010200H_000070,吉貝武聖殿,聚落中心的武聖殿是吉貝最早的寺廟，為雙層建築，供奉主神為文衡聖帝，也就是關公、關聖帝君。鄰近的觀音寺，和武聖殿同為村民信仰中心，傳說一百多年前，吉貝東方海面出現一道紅光，村民在當地發現一尊觀音金身，於是將祂帶回，先供奉在武聖殿，隨後募款興建現在的觀音寺，從此吉貝也變得更加繁榮。吉貝嶼是澎湖北海最大島，村民聚落主要集中在觀音寺到武聖殿一帶。如同澎湖大多數地區，吉貝早期住宅常使用硓石或玄武岩，硓石是珊瑚死亡後，在海底堆積成的珊瑚礁石灰岩，當岩塊鹽分減少，就可作為建築材料。建造時先在地上釘鐵條綁繩線，劃出石牆範圍，再將石塊整齊堆疊完成，可說是澎湖建築特色。 聚落中心的武聖殿是吉貝最早的寺廟，為雙層建築，供奉主神為文衡聖帝，也就是關公、關聖帝君。鄰近的觀音寺，和武聖殿同為村民信仰中心，傳說一百多年前，吉貝東方海面出現一道紅光，村民在當地發現一尊觀音金身，於是將祂帶回，先供奉在武聖殿，隨後募款興建現在的觀音寺，從此吉貝也變得更加繁榮。 聚落後方可見許多菜宅，這是一種以玄武岩或硓石砌牆的建築，可抵擋強風，讓作物順利生長。往北走到海岸，可看見美麗的沙灘與沙洲，近年最特別的是，由於海流搬運堆積，吉貝嶼北崁西北端的沙洲不斷增長，形成潟湖地形，並幾乎和陸地相連，也讓吉貝嶼的面積增加許多呢！,白沙鄉,武聖殿,23.74224,119.61324,,,0.0,,,,https://www.penghu-nsa.gov.tw/FileDownload/TravelInformation/NotSet/20230208145529181815.jpg
Taiwan_Gov_OpenData_v2,attractions,Attraction_A15010200H_000071,東方龍馬,位於吉貝嶼港口東西側的大型鐘缽和木魚石塔，並非普通建築，而是用來鎮守吉貝的石敢當，通稱「東鐘西叩」。位於吉貝嶼港口東西側的大型鐘缽和木魚石塔，並非普通建築，而是用來鎮守吉貝的石敢當，通稱「東鐘西叩」。 澎湖的石敢當就像金門的風獅爺，都是海島居民發展出的獨特信仰象徵，由於四面環海，冬季有長達半年的東北季風，且土壤貧瘠不利農耕，先天條件不佳，加上早年瘟疫流行，先民認為是邪煞導致，為祈求平安，澎湖石敢當文化便因此誕生。石敢當有塔、石碑或符狀等形式，通常設置在村里四周、海邊、山坡、路沖等地方，不僅是澎湖人的生活信仰，也是在地的文化特色。 吉貝嶼港口這兩座石敢當，傳說是觀音菩薩顯靈，託夢指示村中耆老建造，用來守護居民並加速當地的繁榮。於是在港口東側，被稱為「龍馬」的地方，建造黃色磐缽石塔，西側則建造紅色木魚石塔，並分別在石塔旁的岩石上寫著「東方龍馬壯山河」和「西境海雲飛日月」的詞句，以彰顯吉貝的精神。兩座石敢當也正好對應島上觀音寺的「暮鼓」和「晨鐘」，成為吉貝重要文化資產。,白沙鄉,東方龍馬,23.74162,119.61925,,,0.0,,,,https://www.penghu-nsa.gov.tw/FileDownload/TravelInformation/NotSet/20230208150033010354.jpg
Taiwan_Gov_OpenData_v2,attractions,Attraction_A15010200H_000072,吉貝石滬文化館,在吉貝嶼的碼頭旁邊有吉貝遊客服務中心，這裡提供提供民眾民宿、搭船、旅遊景點諮詢，也是休息、等候船班的好地方。在遊客中心的東側有石滬文化館，是為了保護傳統的石滬文化而設立。因為澎湖是全世界石滬最多的地方，總計將近600口，其中吉貝就有近百口，因此被稱為「石滬的故鄉」。在吉貝嶼的碼頭旁邊有吉貝遊客服務中心，這裡提供提供民眾民宿、搭船、旅遊景點諮詢，也是休息、等候船班的好地方。在遊客中心的東側有石滬文化館，是為了保護傳統的石滬文化而設立。因為澎湖是全世界石滬最多的地方，總計將近600口，其中吉貝就有近百口，因此被稱為「石滬的故鄉」。 石滬是一種傳統的捕魚陷阱，在潮間帶上，利用石塊堆疊砌成堤岸，漲潮時將魚群帶入石滬內，退潮時便會將牠們困在裡面。石滬的建造，需要一群人分工合作才能完成，這群人等同石滬的股東，建造完成後，以抽籤方式排定順序，輪值者才擁有當天的巡滬、捕撈權。 這是一種最合乎自然生態的捕魚技術，在共享、共生的機制，不僅是人際互助典範，也是早年吉貝的社會組織基礎，具有重大文化意義。因此在「吉貝石滬文化館」，分為靜態陳列與多媒體影片播放，展示上百種早期生活器具，介紹石滬結構、修建與捕魚方法，以增進大眾對石滬的了解，並作為技術的傳承。,白沙鄉,吉貝村182-2號,23.74665,119.61224,,,0.0,,,,https://www.penghu-nsa.gov.tw/FileDownload/TravelInformation/NotSet/20230208150524198254.jpg
Taiwan_Gov_OpenData_v2,attractions,Attraction_A15010200H_000073,目斗嶼燈塔,這座黑白相間的燈塔，是目斗嶼的地標－目斗嶼燈塔。目斗嶼位在吉貝島北方約3.8海浬，因爲形狀像木匠彈線用的「墨斗」，而被稱為「墨斗嶼」，後來取其諧音，改稱「目斗嶼」。在澎湖群島有人居住的島嶼中，目斗嶼是位於最北端的一個，因此也被稱為「北島」，而目斗嶼燈塔的舊稱便是「北島燈塔」。這座黑白相間的燈塔，是目斗嶼的地標－目斗嶼燈塔。目斗嶼位在吉貝島北方約3.8海浬，因爲形狀像木匠彈線用的「墨斗」，而被稱為「墨斗嶼」，後來取其諧音，改稱「目斗嶼」。在澎湖群島有人居住的島嶼中，目斗嶼是位於最北端的一個，因此也被稱為「北島」，而目斗嶼燈塔的舊稱便是「北島燈塔」。 這座燈塔的建造，和四周的險惡海底地形有極大關係。澎湖群島有許多急流，漁民之間流傳一句俗話是「一磽、二吼、三西流」，其中排第一的「一磽」，就是指目斗嶼北面的大磽嶼，四周暗礁遍布水流湍急，和附近的二磽嶼，連成一片險惡的海域，時常發生海難，當時統治的日本便建造這座燈塔，替船隻指引方向。 為了避免受風浪侵襲而腐銹，塔基以磚頭建造，塔身選擇使用不易鏽蝕的鑄鐵材質，外觀則以黑白相間的平行條紋呈現，作為醒目的警告標誌。燈塔周圍的建築是駐守人員的宿舍和辦公室，燈塔內部不開放參觀，但僅僅是在四周欣賞這壯麗的建築，也就不虛此行了。,白沙鄉,目斗嶼島,23.78639,119.60028,,,0.0,,,,https://www.penghu-nsa.gov.tw/FileDownload/TravelInformation/NotSet/20230209112957539016.png
Taiwan_Gov_OpenData_v2,attractions,Attraction_A15010200H_000074,北鐵砧嶼,澎湖有兩個鐵砧嶼，因外型和鐵砧相似而得名。其中隸屬白沙鄉的北鐵砧嶼，位於澎湖本島西北方外海，是一座無人島，主體由玄武岩方山台地構成，四周被陡峭的海崖圍繞，柱狀玄武岩底層的火山角礫岩，岩性比較脆弱，因東北季風影響，北岸岩層受到海流長期沖刷侵蝕，形成一個巨大海蝕洞，連小型船隻都能進入，規模比西吉嶼的藍洞更大，是澎湖最大的海蝕洞。洞內因照射不到陽光，溫度比洞外低了三到五度，因此還被稱為「冷氣洞」。澎湖有兩個鐵砧嶼，因外型和鐵砧相似而得名。其中隸屬白沙鄉的北鐵砧嶼，位於澎湖本島西北方外海，是一座無人島，主體由玄武岩方山台地構成，四周被陡峭的海崖圍繞，柱狀玄武岩底層的火山角礫岩，岩性比較脆弱，因東北季風影響，北岸岩層受到海流長期沖刷侵蝕，形成一個巨大海蝕洞，連小型船隻都能進入，規模比西吉嶼的藍洞更大，是澎湖最大的海蝕洞。洞內因照射不到陽光，溫度比洞外低了三到五度，因此還被稱為「冷氣洞」。 若是登島後，放眼望去除了平台狀的玄武岩，還可看見形狀特殊的蜂窩岩，以及受流水侵蝕形成的玄武岩節理溝痕，都是北鐵砧嶼的地形特色。 這裡也曾作為國軍的靶場，殘留不少鐵片和岩石碎片。而因為北鐵砧嶼的潮間帶短淺，週邊平台少，幾乎沒有民眾前來，因此聚集了成千上百隻鳥類在島上繁殖棲息，其中最多的就是白眉燕鷗，每當有船隻靠近，白眉燕鷗便會發出警戒聲，並成群在上空盤旋，彷彿提醒遊客，牠們才是這裡的主人！,白沙鄉,目斗嶼島,23.78639,119.60028,,,0.0,,,,https://www.penghu-nsa.gov.tw/FileDownload/TravelInformation/NotSet/20230209120359746725.jpg
Taiwan_Gov_OpenData_v2,attractions,Attraction_A15010200H_000075,金嶼,在白沙鄉有一位著名的商人張百萬，雖然張百萬故居是位於白沙島瓦硐村，但民間盛傳他能成為富翁，卻是和金嶼大有關係！在白沙鄉有一位著名的商人張百萬，雖然張百萬故居是位於白沙島瓦硐村，但民間盛傳他能成為富翁，卻是和金嶼大有關係！ 金嶼位於白沙島赤崁村北方海域，退潮時可涉水抵達。據說張百萬在發跡前，經常到一座無人島捕魚，並撿拾島上的黑石回家，日積月累下來，帶回家的黑石足以砌成圍牆，後來透過高人指點，才得知這些黑石其實是黑金，他也因此發了大財，成為澎湖首富，而這座無人島，便被命名為金嶼。 雖然這故事的真實性不可考，但能確定的是，今天的金嶼並沒有黑金，島上的黑石其實就是玄武岩。這裡的玄武岩柱狀節理相當有特色，千變萬化，有直立、橫臥，還有放射狀。金嶼南端有個著名的自然景觀，是由橫臥的柱狀玄武岩構成，遠遠看去有如一頭大獅子，也和埃及人面獅身像有幾分神似，當地人稱之為「獅仔頭」，十分值得一看喔！,白沙鄉,金嶼,23.6925,119.59506,,,0.0,,,,https://www.penghu-nsa.gov.tw/FileDownload/TravelInformation/NotSet/20230209133512676725.png
Taiwan_Gov_OpenData_v2,attractions,Attraction_A15010200H_000076,澎澎灘,澎澎灘位於白沙鄉，處在鳥嶼和員貝嶼之間，其成因是海流作用將原本吉貝島、鳥嶼及員貝嶼等處的沙子，沖刷到鳥嶼外海而堆積出的天然沙洲，並在1986年韋恩颱風的推波助瀾之下匯集成沙灘島，從此澎澎灘在滿潮的時候也不會被淹沒。而在不斷的堆積之下，現在的尾端逐漸和鳥嶼相連，退潮時可以涉水而過。 澎澎灘位於白沙鄉，處在鳥嶼和員貝嶼之間，其成因是海流作用將原本吉貝島、鳥嶼及員貝嶼等處的沙子，沖刷到鳥嶼外海而堆積出的天然沙洲，並在1986年韋恩颱風的推波助瀾之下匯集成沙灘島，從此澎澎灘在滿潮的時候也不會被淹沒。而在不斷的堆積之下，現在的尾端逐漸和鳥嶼相連，退潮時可以涉水而過。 澎澎灘整體形狀狹長，是由潔白的珊瑚碎屑、貝殼及石英等構成，尾端會隨海潮洋流搖曳不定，遠看彷彿一尾白龍在海中擺尾，因此又被稱為「活龍灘」。在澎澎灘可以體驗到各式各樣的水上活動，像是浮潛、搭乘香蕉船和乘坐水上摩托車，還能嘗試「透明的獨木舟」，或是結合衝浪和獨木舟特色的「SUP立槳」，保證可以盡興而歸！ 除了能暢玩水上活動之外，澎澎灘也是生態保育區，在每年4到10月，有許多燕鷗會在此繁殖、棲息，其中以紅燕鷗、鳳頭燕鷗為主，因此縣政府將沙洲四分之三區域劃為海鳥保護區，禁止遊客進入，以免破壞鳥類自然生態。,白沙鄉,澎澎灘,23.65904,119.6397,,,0.0,,,,https://www.penghu-nsa.gov.tw/FileDownload/TravelInformation/NotSet/20230209134714286443.png
Taiwan_Gov_OpenData_v2,attractions,Attraction_A15010200H_000077,錠鉤嶼,錠鉤嶼位於雞善嶼東南方約一公里，隸屬湖西鄉，「錠鉤」是船錨的意思，正是因為形狀和船錨相似而有錠鉤嶼的名字。錠鉤嶼全島由結構緊密的柱狀玄武岩構成，岩石中常含有橄欖石團塊，是由於岩漿流出地表的方向不同，冷卻後形成多樣化的柱狀節理，再經過風化與海蝕作用後，造成奇特且多樣的海蝕地形，因而獲得「海上小桂林」的稱號。錠鉤嶼位於雞善嶼東南方約一公里，隸屬湖西鄉，「錠鉤」是船錨的意思，正是因為形狀和船錨相似而有錠鉤嶼的名字。錠鉤嶼全島由結構緊密的柱狀玄武岩構成，岩石中常含有橄欖石團塊，是由於岩漿流出地表的方向不同，冷卻後形成多樣化的柱狀節理，再經過風化與海蝕作用後，造成奇特且多樣的海蝕地形，因而獲得「海上小桂林」的稱號。 特殊的地質景觀使錠鉤嶼與雞善嶼、小白沙嶼一樣，共同被列為澎湖縣玄武岩自然保留區，不能擅自登島，一般民眾只能參加海上巡航的行程遠觀島嶼的景致。也因為人煙罕見，每年4到9月間，會有各種珍貴的保育鳥種到這裡棲息繁殖，例如白眉燕鷗、紅燕鷗和蒼燕鷗等夏季候鳥，是愛鳥人士們不可錯過的賞鳥景點！ 而每年的冬季11月到隔年1月，錠鉤嶼沿岸的礁石盛產天然的「黑金」紫菜，清代時便由湖西、湖東、白坑、北寮4村輪流到錠鉤嶼採集紫菜，是當地漁民們的共有產業，一般民眾不得私自登陸採集喔！,湖西鄉,錠鉤嶼,23.61861,119.70028,,,0.0,,,,https://www.penghu-nsa.gov.tw/FileDownload/TravelInformation/NotSet/20230209135514584093.png
Taiwan_Gov_OpenData_v2,attractions,Attraction_A15010200H_000078,雞善嶼,提到澎湖的玄武岩景觀，就不能不提到雞善嶼。擁有「東海黃山」稱號的雞善嶼位於湖西鄉北寮村東北方4公里的海上，是由大、小雞善島嶼組成，退潮時兩島相連，可步行往來。提到澎湖的玄武岩景觀，就不能不提到雞善嶼。擁有「東海黃山」稱號的雞善嶼位於湖西鄉北寮村東北方4公里的海上，是由大、小雞善島嶼組成，退潮時兩島相連，可步行往來。 大、小雞善嶼都是玄武岩方山台地，四周海崖的柱狀節理非常清晰，大雞善嶼周圍有多處海蝕溝與海蝕洞，東南方有一處淺灘；小雞善嶼則是由六角形的柱狀玄武岩緊密排列，如同管風琴一樣，因此雞善嶼的英文名稱就以管風琴（Organ）命名。在這裡的玄武岩常含有綠色橄欖石，在地質學上橄欖石代表地下深處的成份，是玄武岩熔岩上升時所夾帶上來的高熔點的礦物，特殊的景觀被列為玄武岩自然保留區，必須事先申請才能登島。 而雞善嶼冬季時和錠鉤嶼一樣盛產紫菜，從清代開始，雞善嶼由菓葉、南寮與紅羅三社輪流採集，是附近村落的主要收入，也是居民口中的「黑金」。 春、夏的時候則多為燕鷗的繁殖地，以鳳頭燕鷗為主，甚至有被稱為「神話之鳥」的稀有候鳥「黑嘴端鳳頭燕鷗」在此出沒，您可以搭乘巡航觀賞不同鳥類，是愛好賞鳥人士的絕佳地點。,湖西鄉,雞善嶼,23.62662,119.68582,,,0.0,,,,https://www.penghu-nsa.gov.tw/FileDownload/TravelInformation/NotSet/20230209135749214175.png
Taiwan_Gov_OpenData_v2,attractions,Attraction_A15010200H_000079,鎖港自行車休憩站,"澎湖菊島線為16條多元自行車路線唯一離島型路線，鎖港自行車休憩站係位於澎湖鎖港里，是菊島線澎南地區第一座自行車休憩站，除提供自行車車友休憩空間以外，更結合國際知名藝術家洪易打造自行車地景藝術，地坪鋪面更結合在地藝術家彩繪海洋生物套膜印製，提供舒適自行車休憩空間外，吸引旅客拍照停留，展現地景美學以塑造澎南景區的自明性，打造緊密結合地景藝術及環境空間，並能讓旅客探索澎南各知名景點，如風櫃海蝕洞聽濤、山水沙灘及井垵獨木舟體驗等澎湖世界最美麗海灣海洋景色。於112年完工的鎖港自行車休憩站，是騎自行車必去的打卡景點，我們邀請台灣當代藝術家洪易，以數字「15」代表1市5鄉的澎湖島嶼，並搭配繽紛活潑的色彩，表現多元在地元素和濃厚的人文氣息，而流線形曲面的金黃色錢鰻構成英文字母「L」，搭配車輪內含澎湖二字構成的「OVE」，以及似「潮」字的「湖」。除了LOVE自行車標示外還有「愛心天鵝」可愛的外型更透過長長的脖子組成了愛心符號將天鵝的寓意展現的貼切無疑，身上的圖文組合更是融入澎湖在地元素、吉祥寓意、讓整件作品更顯得歡喜、歡慶。另外，在休憩區還有自行車維修樁，提供車友臨時的修護工具，讓車友和愛車都能獲得充分的休息。 澎湖菊島線為16條多元自行車路線唯一離島型路線，鎖港自行車休憩站係位於澎湖鎖港里，是菊島線澎南地區第一座自行車休憩站，除提供自行車車友休憩空間以外，更結合國際知名藝術家洪易打造自行車地景藝術，地坪鋪面更結合在地藝術家彩繪海洋生物套膜印製，提供舒適自行車休憩空間外，吸引旅客拍照停留，展現地景美學以塑造澎南景區的自明性，打造緊密結合地景藝術及環境空間，並能讓旅客探索澎南各知名景點，如風櫃海蝕洞聽濤、山水沙灘及井垵獨木舟體驗等澎湖世界最美麗海灣海洋景色。 [ 追風海島 , 潮遊澎湖 ] -洪易 騎著單車，乘著海風的吹拂，走訪特色美景，深刻體驗環遊澎湖灣的美好。台灣當代藝術家洪易，以數字「15」代表1市5鄉的澎湖島嶼，並搭配繽紛活潑的色彩，表現多元在地元素和濃厚的人文氣息，而流線形曲面的金黃色錢鰻構成英文字母「L」，搭配車輪內含澎湖二字構成的「OVE」，以及似「潮」字的「湖」，在藝術家洪易細膩巧思下，描繪頭戴著天人菊的幸福遊客，「愛(Love)追風」是一件很「潮」的事！ [ 愛心天鵝 ] -洪易 天鵝,被視為忠誠和永恆愛情的象徵。人們常常以天鵝比喻忠貞不渝的愛情。 天鵝更是和平善良、忠誠、勇敢、志向高遠的象徵,自古以來,人們稱之為“美善天使”。 愛心天鵝可愛的外型更透過長長的脖子組成了愛心符號將天鵝的寓意展現的貼切無疑，身上的圖文組合更是融入澎湖在地元素、吉祥寓意、讓整件作品更顯得歡喜、歡慶。",馬公市,國宅段288-1,23.54092,119.60572,,,0.0,沿澎湖縣201縣道往風櫃方向行駛，目標位於鎖港段，鄰近澎湖農會澎南超市店。,,,https://www.penghu-nsa.gov.tw/FileDownload/TravelInformation/NotSet/20230301173332960863.JPG
Taiwan_Gov_OpenData_v2,attractions,Attraction_A15010200H_000080,網垵沙灘(夢幻沙灘),在您眼前這一片金黃色的小沙灘，就是西嶼的秘境——夢幻沙灘，原名為網垵沙灘，是一座小而美的沙灘，綿延大約200公尺，之所以稱為夢幻沙灘，不僅僅因為是西嶼觀賞日落的最佳地點，更因爲是退潮才會出現的沙灘，平時都是在海裡的，所以一定要先查好潮汐的時間才能看見喔！在您眼前這一片金黃色的小沙灘，就是西嶼的秘境——夢幻沙灘，原名為網垵沙灘，是一座小而美的沙灘，綿延大約200公尺，之所以稱為夢幻沙灘，不僅僅因為是西嶼觀賞日落的最佳地點，更因爲是退潮才會出現的沙灘，平時都是在海裡的，所以一定要先查好潮汐的時間才能看見喔！ 距離夢幻沙灘不遠的小池角社區中，有一條充滿歷史感的竹仔街，曾被稱為「開嶼第一街」，約300公尺的街道在日治時期相當熱鬧，有西裝店、打鐵店、糕餅店等。竹仔街當年最繁榮的時候從街頭到街尾共有24間三合院，不過在沒落與人口外流之後，老屋幾乎人去樓空，已不復見昔日的繁華。二戰的時候，大批的反共救國軍進駐竹仔街，並且在街上經營福利社，到救國軍離開後才荒廢，129號的門楣上方，還留有一個斑駁的國徽，敘述這段歷史。如今連當初命名的大片竹林都已經消失，深感物換星移，不復舊貌。,西嶼鄉,夢幻沙灘,23.61191,119.50887,,,0.0,馬公出發，沿澎203號縣道，往西嶼鄉方向，接著走澎8鄉道，再接澎3鄉道,,,https://www.penghu-nsa.gov.tw/FileDownload/TravelInformation/NotSet/20230421113840074128.JPG
Taiwan_Gov_OpenData_v2,attractions,Attraction_A15010200H_000081,嗨鼠地景藝術,它最大的特色在於其包含了許多華人喜愛的元素與寓意在其中，無論是外觀上的青花描色，或者是作品規格與圖騰內容，都與東方文化有著密切關連，青花瓷是充滿東方特色的藝術呈現形式，而藍色又能呼應到澎湖的海島風光，天海一色成為當地人或是遊客的打卡景點，活潑俏皮的嗨鼠迎著陽光、頂著彩球，燦笑的表情充滿童趣在澎湖海豚的地方用語發音為 ‘hai-chu’，而另一個含義則為『很好、高品質(high)的處(chu)所』。因此設計端以「海豚」與「老鼠」為出發點，打造出俏皮活潑的「嗨鼠」， 配合自行車旅遊，嗨鼠作為迎賓要角之一，身上的花紋是文化與特色的縮影，不僅能展現給遊客欣賞，也能激發起當地民眾的共鳴心靈。它最大的特色在於其包含了許多華人喜愛的元素與寓意在其中，無論是外觀上的青花描色，或者是作品規格與圖騰內容，都與東方文化有著密切關連，青花瓷是充滿東方特色的藝術呈現形式，而藍色又能呼應到澎湖的海島風光，天海一色成為當地人或是遊客的打卡景點，活潑俏皮的嗨鼠迎著陽光、頂著彩球，燦笑的表情充滿童趣；作品圍繞在數字8，意為中文「發」的諧音。另外花紋上涵蓋了澎湖所有特色，雖然澎湖面積不大僅但卻擁有雙心石滬、綠蠵龜與燈塔等豐富的文化與創意資源嗨鼠所代表的不只是澎湖在地文化，更是促進當地觀光產業活絡的重要角色 。,白沙鄉,白沙鄉,23.6626234564,119.5741533063,,,0.0,,,,https://www.penghu-nsa.gov.tw/FileDownload/TravelInformation/NotSet/20250407105920990716.jpg
Taiwan_Gov_OpenData_v2,attractions,Attraction_A15010200H_000082,菓葉灰窯,在菓葉海岸邊的這幢灰白色、彷彿城堡的建築，就是菓葉灰窯，雖然位在國有保安林地上，卻是由民眾獨力興建的石灰燒製窯場。在1960年興建的時候，因為水泥還不普遍，所以牆體都以澎湖當地的玄武岩加上灰漿砌築；後來增建的部份才出現空心磚的牆體，以及鋼筋混凝士的樓板和屋頂。 菓葉灰窯創設的年代，台灣本島營造業方興未艾，當時石灰是主流的建材黏著劑，澎湖的石灰便大量銷往台灣本島。 在菓葉海岸邊的這幢灰白色、彷彿城堡的建築，就是菓葉灰窯，雖然位在國有保安林地上，卻是由民眾獨力興建的石灰燒製窯場。在1960年興建的時候，因為水泥還不普遍，所以牆體都以澎湖當地的玄武岩加上灰漿砌築；後來增建的部份才出現空心磚的牆體，以及鋼筋混凝士的樓板和屋頂。 菓葉灰窯創設的年代，台灣本島營造業方興未艾，當時石灰是主流的建材黏著劑，澎湖的石灰便大量銷往台灣本島。加上修造木船、運動場地畫標線或製作石膏模型等都用得到石灰，因此，菓葉灰窯那時的生意十分興隆。業主也在燒石灰窯的硬體設施下了不少功夫。不過，燒製石灰對空氣污染很大，在水泥量產之後，澎湖的灰窯生產急速下滑，到1970年左右就走入尾聲，菓葉灰窯只搭上了榮景的末班車。 來看看您眼前的菓葉灰窯，有東、西兩組建築群，東側的建物群除了大、小兩座窯爐之外，還有幾間篩石灰用的灰間以及儲物用的棧間，兩座窯爐都呈圓形。西側的建物群則只有一些棧間、廁所及水塔等附屬建築。,湖西鄉,菓葉村南邊海岸,23.5754019931,119.6807039713,,,0.0,公車：搭乘尖山循環線，至「菓葉下」站下車； 搭乘龍門循環線，至「菓葉」站下車。 汽／機車：馬公市區→縣道204→縣道202 →右轉行駛到目的地， 約24分鐘車程。,,,https://www.penghu-nsa.gov.tw/FileDownload/TravelInformation/NotSet/20250911112546161428.jpg
Taiwan_Gov_OpenData_v2,attractions,Attraction_A15010200H_000083,西嶼西臺遊客中心,提供旅遊諮詢、販賣部等服務。提供旅遊諮詢、販賣部等服務。,西嶼鄉,外垵村1鄰1之15號,23.56509,119.48994,,,0.0,1. 機車／汽車：自馬公巿區沿縣道203，經白沙鄉過跨海大橋進入西嶼鄉，經過內垵村後可抵達。 2. 公車資訊：搭乘外垵線至西臺古堡站下車。,,,https://www.penghu-nsa.gov.tw/FileDownload/TravelInformation/NotSet/20150609155537857.JPG
Taiwan_Gov_OpenData_v2,attractions,Attraction_A15010200H_000084,澎湖天后宮,對大海的子民而言，海上守護神－媽祖當然是重要的心靈寄託。澎湖天后宮是台灣最早建立的媽祖廟，列為「國定古蹟」。早期中國福建沿海漁民為保佑出海船隻與作業平安順遂，會在船上供奉媽祖以求庇佑，後期則在澎湖定居後移往岸上建廟奉祀，時光飛逝，轉眼間庇護澎湖縣民400多年，當時稱為「娘宮」、「娘娘宮」、「娘媽宮」、「媽娘宮」、「媽祖宮」等，就連船渡口也稱為「媽祖宮」，再簡稱「媽宮」。由於「媽宮」與「馬公」在日語是諧音，馬公筆劃少、易辨識，日本人在日軍未佔領台、澎之前，軍事地圖上就已經標示著馬公。日軍領台後旋即於1901年在澎湖設置了馬公要港部，但行政區域仍維持清朝的「媽宮澳」名稱。之後才於西元1920年把「媽宮澳」改為「馬公街」，正式成為馬公地名的由來。對大海的子民而言，海上守護神－媽祖當然是重要的心靈寄託。澎湖天后宮是台灣最早建立的媽祖廟，列為「國定古蹟」。早期中國福建沿海漁民為保佑出海船隻與作業平安順遂，會在船上供奉媽祖以求庇佑，後期則在澎湖定居後移往岸上建廟奉祀，時光飛逝，轉眼間庇護澎湖縣民400多年，當時稱為「娘宮」、「娘娘宮」、「娘媽宮」、「媽娘宮」、「媽祖宮」等，就連船渡口也稱為「媽祖宮」，再簡稱「媽宮」。由於「媽宮」與「馬公」在日語是諧音，馬公筆劃少、易辨識，日本人在日軍未佔領台、澎之前，軍事地圖上就已經標示著馬公。日軍領台後旋即於1901年在澎湖設置了馬公要港部，但行政區域仍維持清朝的「媽宮澳」名稱。之後才於西元1920年把「媽宮澳」改為「馬公街」，正式成為馬公地名的由來。 天后宮不僅是馬公的地標，更為澎湖的精神象徵，不僅歷史悠久，其建築特色也令人玩味。天后宮共分為前（山川殿）、正、後三殿，左右各有一護龍。山川殿的廟名額上巧雕三龍盤護，栩栩如生的神態，儘管年久褪色，仍能感受當時精工巧琢。前後進的樑柱上，尚有獅座、各式斗拱，用來支撐樑柱與屋頂，宮內還可見到人物鑿花如「趙子龍單騎救主」等故事。正殿屏門上雕刻的題材以四季吉祥圖騰為主，象徵四季平安、福壽綿長，手法相當精緻，可說是木匠工藝的上層精品。 追星景點 具有四百多年歷史的澎湖天后宮，是澎湖最早的一間廟宇，為了拍攝取景過程順利，許多劇組人員在外景開拍前或拍攝中遇到狀況，前來這裡焚香祭禱，祈求媽祖保佑，據說問題皆可迎刃而解，非常靈驗。金曲歌后詹雅雯的人生公路專輯，專輯MV全部在澎湖拍攝的，其中「澎湖戀歌」MV中可以看到澎湖天后宮古樸脫俗的外觀外，並可欣賞雕刻十分精細的木雕作品。,馬公市,正義街1號,23.5646814,119.5640262,,,0.0,自馬公商港或公車總站，沿民族路步行或趨車皆容易到達。,,,https://www.penghu-nsa.gov.tw/FileDownload/TravelInformation/NotSet/20230201090056059293.JPG
Taiwan_Gov_OpenData_v2,attractions,Attraction_A15010200H_000085,施公祠,施公祠原稱施將軍廟，按「施將軍廟碑記」，可確證此廟係施琅平臺封靖海侯後所建之生祠，最遲不會晚於康熙35年（1696）。道光年間加祀海璮殉職之官兵，故不專稱將軍廟，而改稱施公祠。施公祠原稱施將軍廟，按「施將軍廟碑記」，可確證此廟係施琅平臺封靖海侯後所建之生祠，最遲不會晚於康熙35年（1696）。道光年間加祀海璮殉職之官兵，故不專稱將軍廟，而改稱施公祠。 日治後，廟址（媽宮澳東街、今署立澎湖醫院處）於大正3年（1914）被徵用，闢為醫院院舍，故與海壇館一同遷建於中央街今址，神像初置於海壇標兵之伙房供祭祀，復由施琅部屬之後代項秀明於是年重建。目前依文化資產保存法公告為縣（巿）定古蹟。,馬公市,中央街1巷10號,23.564566,119.56423,,,0.0,施公祠位於澎湖天后宮附近，中央街內，中央街區巷道狹小，可由中央街或惠安路民族路交接處，步行前往參觀。,,,https://www.penghu-nsa.gov.tw/FileDownload/TravelInformation/NotSet/20140814162334678.JPG
Taiwan_Gov_OpenData_v2,attractions,Attraction_A15010200H_000086,萬軍井,施公祠外側右前方，有一井，原名媽宮大井，因有施琅禱於天后而得湧泉之傳說，又稱施將軍井、施井，以井水豐沛可供應萬軍飲用，也有師泉井、萬軍井的說法。目前依文化資產法公告為縣(巿)定古蹟施公祠外側右前方，有一井，原名媽宮大井，因有施琅禱於天后而得湧泉之傳說，又稱施將軍井、施井，以井水豐沛可供應萬軍飲用，也有師泉井、萬軍井的說法。目前依文化資產法公告為縣(巿)定古蹟,馬公市,中央街1 巷11號,23.5644979,119.5641429,,,0.0,萬軍井位於施公祠外側右前方，中央街區巷道狹小，可由中央街或惠安路民族路交接處，步行前往參觀。,,,https://www.penghu-nsa.gov.tw/FileDownload/TravelInformation/NotSet/20140826085806425.jpg
Taiwan_Gov_OpenData_v2,attractions,Attraction_A15010200H_000087,四眼井&乾益堂,中央老街是馬公、甚至是整個澎湖群島最初發展的街道，從媽宮建城的時候就已經存在，至今已超過四百年的歷史。過去的中央街是澎湖人生活的重心，如今隨著馬公市的發展已經轉型成觀光老街。中央老街是馬公、甚至是整個澎湖群島最初發展的街道，從媽宮建城的時候就已經存在，至今已超過四百年的歷史。過去的中央街是澎湖人生活的重心，如今隨著馬公市的發展已經轉型成觀光老街。 街道發展時，為了用水方便，居民就共同挖了澎湖最古老的四眼水井，馬公人多稱之為四孔井。在有自來水之前一直是當地用水的主要來源，因為具有歷史發展的意義，被指定為縣定古蹟保存。 四眼井的最下層是玄武岩壁，往上有硓石壁，最上層則是紅磚壁。至於讓這口古井被命名為四眼井的四個圓形汲水口，則是在水井完成後，為防止居民取水的時候跌入，才用花崗岩搭出平台，再用玄武岩鑿出內徑約35公分的石圈，也讓整個井比周圍道路高出30公分。 和四眼井一樣都是縣定古蹟的「乾益堂中藥行」，目前已經傳承至第四代，曾經是澎湖第一家聘請中醫師駐診的中藥房，也是中央街上見證殖民歲月與民國時期風華的重要地標之一。不過乾益堂廣為觀光客所知，是因為他的藥膳蛋，幾乎每個到中央街一遊的遊客都會被那一鍋藥膳蛋的香氣吸引呢！,馬公市,中央街,23.56487,119.56487,,,0.0,馬公市中心約5至10分鐘步程,,,https://www.penghu-nsa.gov.tw/FileDownload/TravelInformation/NotSet/20140814103945089.JPG
Taiwan_Gov_OpenData_v2,attractions,Attraction_A15010200H_000088,順承門,媽宮城又稱為「澎湖城」、「光緒城」。為臺灣最晚的官建城池。清法戰役時澎湖輕易的被法軍攻陷，和議後臺灣巡撫劉銘傳與閩浙總督楊昌濬會籌防務，認為澎湖有建軍事防禦功能城池之必要，遂由當時澎湖總兵吳宏洛監造，於光緒15年（1889）竣工。媽宮城又稱為「澎湖城」、「光緒城」，為臺灣最晚的官建城池。 清法戰役時澎湖輕易的被法軍攻陷，和議後臺灣巡撫劉銘傳與閩浙總督楊昌濬會籌防務，認為澎湖有建軍事防禦功能城池之必要，遂由當時澎湖總兵吳宏洛監造，於光緒15年（1889）竣工。 媽宮城設有六門，朝陽門（東門，已拆除）、即敍門（小南門，已拆除）、拱辰門（北門，已拆除）、迎薰門（南門，已拆除），大西門（今中興門）及順承門為現今僅存的媽宮城遺址（國定古蹟），若想要眺望馬公港的美景，登上順承門的敵樓是不錯的選擇哦!,馬公市,中山路（馬公商港旁）,23.5630684,119.5622635,,,0.0,機車／汽車：順承門位於中山路上，馬公商港旁。,,,https://www.penghu-nsa.gov.tw/FileDownload/TravelInformation/NotSet/20140826111343313.jpg
Taiwan_Gov_OpenData_v2,attractions,Attraction_A15010200H_000089,眷村文化園區,篤行十村是台灣最古老的眷村。日治時期，日本馬公重砲兵大隊進駐後，陸續興建了軍事設施、官舍和宿舍，就是篤行十村的前身。篤行十村是台灣最古老的眷村。日治時期，日本馬公重砲兵大隊進駐後，陸續興建了軍事設施、官舍和宿舍，就是篤行十村的前身。 戰後國軍隨政府來台後接收，並分配給軍眷居住，之後軍眷人數增多，軍方在此日式住宅附近增建宿舍，造成目前獨特的宿舍群。日式房舍眷村位於媽宮古城牆邊，獨樹一幟，建材以竹、木材、編竹夾泥牆、石灰、黃泥及澎湖特有的玄武岩、硓咕石為主，建築結構與工法結合本地特色，並帶有部份歐美風格。 眷村位於馬公巿新復里。澎湖縣政府於民國95年(西元2006年)將眷舍列入歷史建築保存，規劃為「眷村文化園區」。而澎湖縣政府也積極重建，讓篤行十村連結國定古蹟的「順承門」與「媽宮古城牆」，成為帶狀的人文歷史景點。 追星景點 篤行十村除了具有特色和歷史背景的宿舍群外，更孕育了許多知名藝人，如唱紅「外婆的澎湖灣」的歌手潘安邦和「我的未來不是夢」的張雨生童年亦在此度過。二位著名歌手的舊居，目前已分別規劃成藝展空間和紀念館，更為眷村增添了更豐富的人文內涵。阮虔芷、趙舜、趙學煌、龍君兒等人也來自澎湖眷村，而「那些年，我們一起追的女孩」的男主角柯震東的父親，小時候也住在此眷村。,馬公市,新復里,23.56282,119.55825,,,0.0,機車／汽車： 1.公車總站(民生路)至介壽路左轉，即可到達。 2.中山路接新復路即可到達。,,,https://www.penghu-nsa.gov.tw/FileDownload/TravelInformation/NotSet/20170901115421023871025.jpg
Taiwan_Gov_OpenData_v2,attractions,Attraction_A15010200H_000090,南海遊客中心,提供旅遊諮詢、遊艇服務、候船室、販賣部等服務提供旅遊諮詢、遊艇服務、候船室、販賣部等服務 南海遊客中心為馬公至南海各離島觀光旅遊出入門戶，是旅客往來澎湖南海各島(望安、七美、虎井、桶盤、花嶼、澎湖南方四島…等)的搭船必經之地。,馬公市,光復里1鄰新營路25號,23.5664677,119.5725128,,,0.0,位於南海遊艇碼頭旁。巿區步行或自行駕車前往皆容易到達。,,,https://www.penghu-nsa.gov.tw/FileDownload/TravelInformation/NotSet/20140815082404503.jpg
Taiwan_Gov_OpenData_v2,attractions,Attraction_A15010200H_000091,澎湖生活博物館,2010年正式開館營運，是臺灣第一座城市博物館，全館展示以真實的標本文物、文獻、圖片、生態造景、縮景模型及身歷其境的聲光多媒體交替運用，使展示內容更加生活化。2010年正式開館營運，是臺灣第一座城市博物館，全館展示以真實的標本文物、文獻、圖片、生態造景、縮景模型及身歷其境的聲光多媒體交替運用，使展示內容更加生活化。 澎湖生活博物館連結,馬公市,新生路327號,23.5669671,119.5794515,,,0.0,1. 機車／汽車：自馬公巿區沿新生路即可到達。 2. 公車資訊：請選擇風櫃線（繞經澎湖國軍醫院線）及烏崁線，至孔子廟站下車。 3.澎湖縣公共車船管理處時刻表連結,,http://www.phlm.nat.gov.tw/ch/,https://www.penghu-nsa.gov.tw/FileDownload/TravelInformation/NotSet/20140814172102285.JPG
Taiwan_Gov_OpenData_v2,attractions,Attraction_A15010200H_000092,澎湖遊客中心,提供澎湖觀光資源展示解說、旅遊諮詢等服務。 多媒體簡報放映時間：上午9:30、10:30， 下午14:30、15:30澎湖遊客中心位於馬公市，提供旅遊諮詢服務，並有展區的導覽解說與豐富的展示品，像是古厝或是澎湖王船的模型等等，在旅遊前可以先到這裡參觀了解澎湖的歷史與文化。 得到滿滿的旅遊資訊後不妨到澎湖遊客中心旁邊的澎湖休憩園區散步，園區面積廣達140公頃，包含森林保育區、水源涵養區、菜園苗圃區和花海景觀區。其中花海景觀區，每年會依照不同的主題、季節，種植像是矮牽牛花、薰衣草、波斯菊等多種觀賞性的花草提供民眾欣賞。但其實因為澎湖東北季風強盛，植物生存環境嚴苛，不容易生長，美麗的花海都是由專業人員付出很多的辛勞與嘗試才成功打造出來的喔！ 在廣大的園區中可以走在多條的林蔭步道上，像是有榕園木棧步道和迎翠步道等。若是走到花海區旁邊的天人湖，還有「小雙心石滬」的人工造景，讓您不用到七美就可以觀賞到澎湖的特殊景觀！園區中還有在1996年時就成立澎湖第一座的水土保持戶外教室，旁邊設置有集水系統設施區、土壤沖蝕模擬區、仙人掌多肉植物園區等，提供環境教育的功能，讓您可以進一步了解澎湖特殊的地形景觀和生態環境。 提供澎湖觀光資源展示解說、旅遊諮詢等服務。 多媒體簡報放映時間：上午9:30、10:30， 下午14:30、15:30 無障礙服務： 1.提供輪椅租借2台、手搖車租借1台 2.無障礙廁所1間 3.無障礙停車位機車1處、汽車1處 4.無障礙專用席5處,馬公市,光華里171號,23.5563898147,119.6065873008,,,0.0,1.機車／汽車：自馬公巿區沿中華路，接縣道204，經石泉後，即可到達。 2.公車資訊：請搭乘尖山線或澎南線，至澎湖國家風景區站下車。,,,https://www.penghu-nsa.gov.tw/FileDownload/TravelInformation/NotSet/20220412082350680445.JPG
Taiwan_Gov_OpenData_v2,attractions,Attraction_A15010200H_000093,菜園休閒漁業區,澎湖開拓館的前身是「澎湖縣長公館」，興建於1933年，是日治時期澎湖廳長與二戰後澎湖縣長的官邸，它的建築特色在於日洋混合的建築形式，也被稱為和洋折衷建築，並運用澎湖本地的建築素材。 菜園休閒漁業區位於馬公市東南方的內灣，經過多年的開發，成為多元化的生態園區。範圍涵蓋雙湖園、興仁水庫、菜園生命紀念公園、菜園港東側和菜園魚塭之潮間帶，面積約82公頃。早在日治時期開始，菜園里的東側沿岸已築有魚塭，後來逐場所。在這裡除了全年可見澎湖的縣鳥一小雲雀，冬天時則有雁鴨科，甚至是保育類的黑面琵鷺會到這裡過冬，並且還可見到專門捕捉魚類的魚鷹出現。如此多樣的生態是因為菜園濕地有著上百種的植物，包含紅樹林植物海茄苳、欖李和水筆仔，提供生物們食物的來源，豐富的生態資源，讓菜園可以作為觀察自然生態及賞鳥的好去處。 除了生態之外，因為菜園里是濱海的漁村，這裡的居民以沿岸漁業及潮間帶撿拾為主。在1973年，臺灣省水產試驗所在菜園灣內輔導牡蠣養殖成功後，菜園的牡蠣養殖日漸興盛，成為當地主要的經濟產業，在這裡可見到成堆的蚵殼山，還能欣賞藝術家用牡犡殼堆疊而成的藝術作品。近年來以海為田的箱網養殖業也成為澎湖的漁業主力，並在漁業的觀光發展之下，民眾可以到海洋牧場了解人工箱網養殖的方式，還有釣海鱺、烏賊、吃碳烤牡蠣或蚵仔麵線等多種趣味活動。菜園休閒漁業區可說是一處兼具生態、保育、觀光休憩的多功能園區呢！,馬公市,菜園里,23.55011,119.5953,,,0.0,機車／汽車：自馬公市區經中華路，接縣道204至石泉國小右轉，205號縣道後左轉，看到「菜園生命公園」指標右轉，一小段路後即可到達。,,,https://www.penghu-nsa.gov.tw/FileDownload/TravelInformation/NotSet/20160830182845818569891.JPG
Taiwan_Gov_OpenData_v2,attractions,Attraction_A15010200H_000094,鎖港南北石塔,澎湖的冬天氣候惡劣，經常吹起狂風，因此居民常會設置避邪物，例如石敢當或者石塔，用來鎮風、制煞。鎖港南北邊各有一座石塔，北塔叫做子塔，南塔叫做午塔，正式名稱合稱子午寶塔，是澎湖最為壯觀的鎮風塔。澎湖的冬天氣候惡劣，經常吹起狂風，因此居民常會設置避邪物，例如石敢當或者石塔，用來鎮風、制煞。鎖港南北邊各有一座石塔，北塔叫做子塔，南塔叫做午塔，正式名稱合稱子午寶塔，是澎湖最為壯觀的鎮風塔。 起初的石塔只有七層，後來石塔倒塌後，經神明指示重建為九層，成為現在高大的樣子。九層圓錐的外型，使用黑色玄武岩疊砌而成，呈現步步高升的階梯狀，塔頂還安置了一座石碑，有著「層層相疊，數數相疊，攀登九尊，永保久久」的寓意。 其實石塔附近的海邊，原本有許多沙，但是長年被強勁的東北季風吹往南邊，因而逐漸消失，於是當地就流傳了一句話：「鎖港了一粒山，豬母水了一個垵」，說的就是鎖港的沙被風吹到南邊山水里的沙灘。因此居民興建了兩座石塔，不僅是為了彌補靠山的消失，對風水造成的破壞，也是祈求海沙不要再被吹走了。 石塔因爲四周無高山屏障，所以也作為居民海上漁捕時辨識方位的指標，在石塔周圍還有著名的鎖港漁港和鎖港漁市場，收穫滿滿漁獲的漁船，會在每日上午與下午回港進行競價拍賣、零售的活動，可以買到最新鮮的當季海鮮。如果想親眼觀賞海底世界還能到附近的杭灣水域遊憩區，透過潛水更加認識澎湖的海域喔！,馬公市,鎖港里,23.5255148407,119.6025425296,,,0.0,1. 汽車／機車：自馬公巿區沿中華路接縣道204，至興仁右轉接縣道201，經鐵線至鎖港，於鎖港農會超巿前左轉接鄉道澎27，前行至澎25右轉，即可到達。 2. 公車資訊：請搭乘山水線及風櫃線於後烏南站下車。,,,https://www.penghu-nsa.gov.tw/FileDownload/TravelInformation/NotSet/20140825154851407.jpg
Taiwan_Gov_OpenData_v2,attractions,Attraction_A15010200H_000095,山水沙灘,山水沙灘位於馬公本島最南岸的沙灘，綿延200多公尺，沿著堤防往海岸走去，會先看見一大片翠綠的馬鞍藤，緊接著是金黃綿密的沙灘以及蔚藍的大海，三色互相映襯，形成一幅令人嚮往的美好景色。山水沙灘位於馬公本島最南岸的沙灘，綿延200多公尺，沿著堤防往海岸走去，會先看見一大片翠綠的馬鞍藤，緊接著是金黃綿密的沙灘以及蔚藍的大海，三色互相映襯，形成一幅令人嚮往的美好景色。 因為山水沙灘海浪較大，是澎湖少數適合衝浪的沙灘，白天在沙灘戲水完，晚上可以到沙灘東側的觀星公園看星星，旁邊還有各個季節的星象石碑可以當作參考指標。在沙灘的西側則有座豬母水山，早期曾是軍事管制區，現在改建成「山水30高地公園」，是眺望山水沙灘全景最棒的位置，還能邊欣賞遊客衝浪的英姿呢！ 您可能會好奇，為什麼有地名叫做豬母水呢？相傳是因為聚落的豬舍靠近沙灘，有大型的章魚會上岸把豬隻捲到海裡，所以便有豬母落水，又簡稱豬母水的名號。後來國民政府推行地名雅化政策，在地居民便因為這裡有著美麗的山丘和清澈的海水，提出「山水」為里名並沿用至今。 看著眼前的美景，是不是覺得似曾相識呢？沒錯，在歌手陳昇MV及任賢齊、舒淇主演電影「落跑吧！愛情」中，都曾出現山水沙灘的美麗景致喔！,馬公市,山水里,23.5128,119.5922,,,0.0,1. 機車/汽車：自馬公市區經中華路，接縣道204，至縣道201交接處(興仁)右轉，一路前行，至鎖港接鄉道澎26，即可到達。 2. 公車資訊：搭乘山水線及風櫃線兩路公車於山水站下車。,,,https://www.penghu-nsa.gov.tw/FileDownload/TravelInformation/NotSet/20230201145139181043.JPG
Taiwan_Gov_OpenData_v2,attractions,Attraction_A15010200H_000096,嵵裡沙灘,嵵裡聚落北邊有一座小山丘，形似古代官員所戴的紗帽，稱為紗帽山，嵵裡聚落正位於紗帽所延伸出來的冠耳（台語稱為「匙」）上，所以稱為「嵵內」或「嵵裡」。 嵵裡南邊濱臨大海，有一片由珊瑚及貝殼碎片所組成的白色沙灘。早期是居民牽網捕魚的漁場，也曾一度發展為本縣最大的海水浴場，景色可媲美夏威夷的威基基海灘(Waikiki)。 嵵裡聚落北邊有一座小山丘，形似古代官員所戴的紗帽，稱為紗帽山，嵵裡聚落正位於紗帽所延伸出來的冠耳（台語稱為「匙」）上，所以稱為「嵵內」或「嵵裡」。 嵵裡南邊濱臨大海，有一片由珊瑚及貝殼碎片所組成的白色沙灘。早期是居民牽網捕魚的漁場，也曾一度發展為本縣最大的海水浴場，景色可媲美夏威夷的威基基海灘(Waikiki)。 嵵裡沙灘綿延1公里餘，並有風積砂丘景觀，海域平緩，海水湛藍，是澎湖本島天然條件最優的海濱浴場。走在由珊瑚和貝殼沙構成的海灘上，或享受日光浴，或戲水弄潮，或露營野炊，誠為渡假一遊，偷得浮生半日閒的最適當場所。 玩家秘笈 西邊沙灘上一沙丘陡坡俗稱「白馬坡」，可挑戰腳力攀爬。嵵裡沙灘可從事傳統的牽罟活動，體驗豐富的漁村生活！ 追星資訊 2012年電視劇「陽光正藍」（Loves In Penghu），全劇於澎湖拍攝，主要的場景－嵵裡沙灘，現在仍保留了拍片時使用的船隻，嵵裡海天一色的景象讓導演梁修身，特別帶了整個劇組到澎湖來拍攝。「陽光正藍」由陳博正、張瓊姿、梁赫群、白歆惠、趙駿亞、趙世蓉、是元介主演。劇情敘述老船長反對博奕產業進入澎湖的故事。 除了之外，美美的「Canon EOS 650D -澎湖篇」廣告影片，牽罟的地點也是在嵵裡沙灘，來這裡可別忘了也親身來體驗一下，還可以跟劇中的漁船合影留念哦。,馬公市,嵵裡里,23.5256,119.5671,,,0.0,1. 機車／汽車：自馬公巿區出發，由中華路接縣道204至興仁，右轉接縣道201，途經鎖港、五德、井垵，即可到達。 2. 公車資訊：請搭乘風櫃線公車於嵵裡站下車。 3.澎湖縣政府公共車船管理處時刻表連結,,,https://www.penghu-nsa.gov.tw/FileDownload/TravelInformation/NotSet/20160907114349771635012.jpg
Taiwan_Gov_OpenData_v2,attractions,Attraction_A15010200H_000097,風櫃洞,到澎湖遊賞的人，一定要到風櫃聽聽濤聲，否則便不能算是到過澎湖。「風櫃聽濤」為澎湖知名的景點。風櫃里位於風櫃半島的尾端，澎湖當地人稱呼「風櫃尾」。聚落南岸的玄武岩柱狀節理十分發達，因為波浪侵蝕造成狹長的海蝕溝，海蝕溝的底端又被侵蝕成海蝕洞，再由海蝕洞順著節理縫隙形成一個通到地面的小孔，每遇南風漲潮時長浪順著海蝕溝灌入，海蝕洞內空氣受擠壓，海水由縫隙噴出，發出呼嘯聲，猶如鼓風爐的聲音一般。到澎湖遊賞的人，一定要到風櫃聽聽濤聲，否則便不能算是到過澎湖。「風櫃聽濤」為澎湖知名的景點。風櫃里位於風櫃半島的尾端，澎湖當地人稱呼「風櫃尾」。聚落南岸的玄武岩柱狀節理十分發達，因為波浪侵蝕造成狹長的海蝕溝，海蝕溝的底端又被侵蝕成海蝕洞，再由海蝕洞順著節理縫隙形成一個通到地面的小孔，每遇南風漲潮時長浪順著海蝕溝灌入，海蝕洞內空氣受擠壓，海水由縫隙噴出，發出呼嘯聲，猶如鼓風爐的聲音一般。 玩家秘笈 四角嶼夕陽、後山寧靜的無名沙灘，以及蛇頭山烽火連連的戰史，都是專屬於風櫃半島的風情唷。 追星景點 風櫃聽濤是澎湖舊八景之一，也是豆導小時候演出「風櫃來的人」的重要場景。風櫃洞旁被戲稱為外星人的涼亭，除了「風櫃來的人」這部電影在此取景外，詹雅雯的「澎湖戀歌」MV中出現的畫面，你覺得像嗎？,馬公市,風櫃里風櫃洞,23.53756,119.54393,,,0.0,自行開車： 1. 機車／汽車：自馬公市區經中華路，接縣道204，至縣道201交接處(興仁)右轉，一路前行，即可到達。 2. 公車資訊：請搭乘風櫃線於風櫃終點站下車。,,,https://www.penghu-nsa.gov.tw/FileDownload/TravelInformation/NotSet/20160907114140323665431.jpg
Taiwan_Gov_OpenData_v2,attractions,Attraction_A15010200H_000098,蛇頭山,位於風櫃半島頂端，1622年荷蘭人因貿易需要，入侵後在蛇頭山上建了全臺第一座西式城堡，爾後各時期皆有槍砲堡壘之修建，迄今仍留有法軍陣亡將士紀念碑及許多軍事遺跡。位於風櫃半島頂端，1622年荷蘭人因貿易需要，入侵後在蛇頭山上建了全臺第一座西式城堡，爾後各時期皆有槍砲堡壘之修建，迄今仍留有法軍陣亡將士紀念碑及許多軍事遺跡。 蛇頭山位在風櫃里北面凸出的小半島，可以眺望整個馬公市和馬公內灣。因為形狀很像蛇頭，所以被叫做蛇頭山，是台灣小百岳之一。而對面的半島，地形像龜頭，就叫金龜頭。所有要進入馬公港的船隻，都必須經過這裡，「靈龜浮北，金蛇盤南」就像是共同守護馬公港。 因為這樣的地理位置，蛇頭山有著許多的歷史遺跡，像是在清法戰爭時法軍佔領澎湖後卻因傳染病導致數百名法軍死於澎湖，而設立的法軍陣亡將士紀念碑。或是在日治時期日本海軍松島號軍艦，在馬公港發生火藥庫爆炸沈沒的事件，受東北季風的影響，二百多位罹難者大多漂到北岸，後來就在蛇頭山設立日本松島艦慰靈碑。,馬公市,蛇頭山,23.551003,119.547309,,,0.0,1.機車／汽車：離開馬公市區走204縣道，至201縣道交接處(興仁)右轉，一路前行，到達風櫃里時，即有指標指往蛇頭山。,,,https://www.penghu-nsa.gov.tw/FileDownload/TravelInformation/NotSet/20230201161350058725.JPG
Taiwan_Gov_OpenData_v2,attractions,Attraction_A15010200H_000099,東衛石雕公園,東衛石雕公園座落於東衛水庫北邊，位處於潮間帶的東南側。向北邊可眺望西衛、澎湖灣等地點。澎湖群島多數地形均為玄武岩台地，不乏石雕原料，因此成就許多石雕藝術家。東衛石雕公園內共有四座大型石雕作品。東衛石雕公園座落於東衛水庫北邊，位處於潮間帶的東南側。向北邊可眺望西衛、澎湖灣等地點。澎湖群島多數地形均為玄武岩台地，不乏石雕原料，因此成就許多石雕藝術家。東衛石雕公園內共有四座大型石雕作品。 龜遊大海：除了象徵延年益壽之意，同時希望喚醒更多人對於綠蠵龜生態保育的重視。 天人菊：擁有過人的強韌生命力，為澎湖的縣花，象徵澎湖居民不屈不撓的奮鬥精神。 燕鷗、玄武岩：以雕塑呈現玄武岩壯闊的氣勢，同時澎湖為海鳥的繁衍生活的重要生態地區，藉此雕塑亦讓遊客瞭解瞭解海鷗築巢下蛋的姿態。 躍上希望：藉由海豚聰慧活潑的形象，追逐海上明珠，象徵澎湖充滿希望的發展契機。,馬公市,東衛村,23.57018,119.59767,,,0.0,,,,https://www.penghu-nsa.gov.tw/FileDownload/TravelInformation/NotSet/20141219170241675.jpg
Taiwan_Gov_OpenData_v2,attractions,Attraction_A15010200H_000100,虎井嶼遊憩區,虎井嶼是澎湖群島的第七大島，距馬公市7海浬，島上有壯觀的玄武岩柱狀節理。澎湖舊八景之一的虎井澄淵，即是在退潮時，從海崖上俯瞰海面清澈透底的景象。傳說在島的東南側曾經有一隻老虎躲在一個乾涸的洞穴裡，因而名為「虎井」。亦有島上出甘泉的井稱「好井」和閩南音「虎井」諧音而得名的說法，以上說法尚無考據定論，僅供參考與發想。虎井嶼是澎湖群島的第七大島，距馬公市7海浬，島上有壯觀的玄武岩柱狀節理。澎湖舊八景之一的虎井澄淵，即是在退潮時，從海崖上俯瞰海面清澈透底的景象。傳說在島的東南側曾經有一隻老虎躲在一個乾涸的洞穴裡，因而名為「虎井」。亦有島上出甘泉的井稱「好井」和閩南音「虎井」諧音而得名的說法，以上說法尚無考據定論，僅供參考與發想。 全島分為東西二山，村落就位在東、西山之間，由珊瑚碎屑堆積而成的地狹上。東山目前是軍事管制區；西山則在國軍精實撤防後，由澎管處闢為公園遊憩區，留有二次大戰時，日軍所構築的戰壕遺跡。以此地近年訛傳成「山本五十六南進指揮所」，實即只有「海軍一小隊」駐守由中尉隊長指揮而已。 提到虎井嶼就會聯想到「虎井沉城」傳說，讓人滿腹疑思，意猶未盡。傳說有一道狀似頹廢的城牆，隱於虎井海域底部，事實為何，始終成謎，也使得學術界一直存在兩種分歧的意見，一說為：「古沉城為桶盤、虎井特殊柱狀玄武岩岩脈地形，一直延伸入海，形成沉城假象；另一說則認為：歷史文獻記載非空穴來風，不僅於古志書記載，民間對於此處不尋常的景觀，亦有許多傳說，增添了虎井嶼的神秘感。,馬公市,虎井嶼,23.48449,119.51352,,,0.0,1.由南海遊艇碼頭（新營路25號）搭乘交通船或民營快艇（旺季行駛，包裝於南四島套裝行程中）前往。 2. 交通船時間： 開航時間 4月－9月 10月－3月 馬公出發 09:30／15:30 09:30／15:30 虎井出發 11:30／06:00 11:30／06:30,,,https://www.penghu-nsa.gov.tw/FileDownload/TravelInformation/NotSet/20140318110054971.jpg
Taiwan_Gov_OpenData_v2,attractions,Attraction_A15010200H_000101,桶盤地質公園,桶盤嶼距離馬公本島約6海浬，桶盤嶼全島均由玄武岩節理分明的石柱羅列環繞而成，柱狀節理發達，堪稱澎湖之最，素有澎湖的「黃石公園」美譽。本島柱狀節理與板狀裂理都十分發達，原先都呈現六角或五角形，由於受到劇烈的風化和侵蝕作用，岩柱的稜角已呈現圓形狀，部分玄武岩柱頂端都已經風化成球狀。桶盤嶼距離馬公本島約6海浬，桶盤嶼全島均由玄武岩節理分明的石柱羅列環繞而成，柱狀節理發達，堪稱澎湖之最，素有澎湖的「黃石公園」美譽。本島柱狀節理與板狀裂理都十分發達，原先都呈現六角或五角形，由於受到劇烈的風化和侵蝕作用，岩柱的稜角已呈現圓形狀，部分玄武岩柱頂端都已經風化成球狀。桶盤西南海岸海蝕平台有玄武岩熔漿湧出所形成的同心圓熔岩出口，中央穹起的岩塊，有如一個蓮花台，稱為「蓮花座」，隨潮水的漲退循環顯沒，是澎湖極特殊的地形景觀。 追星景點 「伯朗咖啡打鼓篇」廣告片，一開始桶盤嶼整個輪廓充滿了畫面，磅礡鼓聲與壯麗玄武岩震撼人心，桶盤嶼玄武岩是許多旅遊節目及廣告片取景的題材，柱狀節理的玄武岩氣勢磅礡，是最具代表澎湖的獨特元素。,馬公市,桶盤里桶盤地質公園,23.50954,119.52115,,,0.0,1.由南海遊艇碼頭（新營路25號）搭乘交通船或遊艇（旺季行駛，包裝在南四島套裝行程中）前往。 2.桶盤之星連絡電話0932-897023,,,https://www.penghu-nsa.gov.tw/FileDownload/TravelInformation/NotSet/20170901115910367621811.jpg
Taiwan_Gov_OpenData_v2,attractions,Attraction_A15010200H_000102,澎湖機場旅遊服務中心,提供旅遊諮詢等服務提供旅遊諮詢等服務,湖西鄉,隘門村126-5號,23.5606157,119.6296996,,,0.0,1. 機車／汽車：自馬公巿區經中華路，沿縣道204，經石泉、興仁、烏崁等村落即可到達。 2. 公車資訊：請搭乘尖山線或烏崁線，於馬公航空站下車。 3. 澎湖縣公共車船管理處公車時刻表連結,,,https://www.penghu-nsa.gov.tw/FileDownload/TravelInformation/NotSet/20140826134348950.jpg
Taiwan_Gov_OpenData_v2,attractions,Attraction_A15010200H_000103,隘門沙灘,隘門沙灘與林投公園相比鄰，隘門沙灘由珊瑚與貝殼碎屑、孔蟲遺骸等組成，其中以星狀的有孔蟲最令遊客驚艷。原本默默無聞的隘門沙灘從民國87年開始，隘門村村長帶領兒子，自身做起了社區沙灘重整計畫，加裝攔沙網等設施，以攔截東北季風刮來的風砂，逐漸堆積而成。隘門沙灘由珊瑚與貝殼碎屑、孔蟲遺骸等組成，其中以星狀的有孔蟲最令遊客驚艷。原本默默無聞的隘門沙灘從民國87年開始，隘門村村長帶領兒子，自身做起了社區沙灘重整計畫，加裝攔沙網等設施，以攔截東北季風刮來的風砂，逐漸堆積而成。他們的努力終於獲得縣政府和澎湖國家風景區管理處的注意，撥下經費整建隘門沙灘，進而成為遊客青睞的美麗沙灘，夏季時分，隘門沙灘更成為水上活動玩家的好去處。 追星景點 澎湖最長的金黃貝殼沙灘，串連林投公園沙灘直達龍門港，是電視劇「菊島之戀」的拍攝地點。「菊島之戀」女主角在開往澎湖的船上，把寫滿心事的瓶中信丟向大海，十年後該瓶中信由來自日本的男孩帶回到菊島〈澎湖〉後，所衍生出的一段浪漫愛情故事。您可以來這綿延的沙灘尋找您的瓶中信或期待意想不到的發現。,湖西鄉,隘門村,23.5553866641,119.6392887931,,,0.0,1. 機車／汽車：自馬公巿區出發，經中華路，接縣道204，經過澎湖遊客中心及機場，道路右側即有指標往隘門沙灘。 2. 公車資訊：搭乘尖山線公車至隘門站下車後，步行15分鐘即可到達。,,,https://www.penghu-nsa.gov.tw/FileDownload/TravelInformation/NotSet/20260417164419726725.jpg
Taiwan_Gov_OpenData_v2,attractions,Attraction_A15010200H_000104,林投公園,"林投公園在民國35年林投海濱首次植林9萬餘株木麻黃，到42年2月設立公園時，木麻黃業已綠蔭處處。 公園入口步道盡頭右側的軍人忠靈祠，原名為「台灣省澎湖軍人公墓」，始建於民國43年，是台灣地區最早興建的軍人公墓。75年進行重修，將主體建築改為三層，於78年完工。忠靈祠牌樓裡面有一座民國47年八二三砲戰時，由時任國防部長的俞大維所題「浩氣長存」四字的碑塔。吉星文、趙家驤、章傑等八二三砲戰殉國的將領，就寄靈於此地。林投村因為早期聚落東南小溪溝兩側叢生林投而得名，據說現在的林投公園及其以東的大片沙灘上都曾遍生林投。林投公園在民國35年林投海濱首次植林9萬餘株木麻黃，到42年2月設立公園時，木麻黃業已綠蔭處處。 公園入口步道盡頭右側的軍人忠靈祠，原名為「台灣省澎湖軍人公墓」，始建於民國43年，是台灣地區最早興建的軍人公墓。75年進行重修，將主體建築改為三層，於78年完工。忠靈祠牌樓裡面有一座民國47年八二三砲戰時，由時任國防部長的俞大維所題「浩氣長存」四字的碑塔。吉星文、趙家驤、章傑等八二三砲戰殉國的將領，就寄靈於此地。林投村因為早期聚落東南小溪溝兩側叢生林投而得名，據說現在的林投公園及其以東的大片沙灘上都曾遍生林投。林投樹為抗風力、定沙力很強的優良樹種，極適合澎湖地區的特殊氣候，目前則只剩公園北側尚留有一小片的植株群簇，其他地方的林投都已剷除改植木麻黃林或其他花木。林投公園的沙灘綿延3個村落，尖山、林投與隘門，總長達3,000多公尺，是全澎湖最長的沙灘，環繞湖西鄉南面的海岸，景色壯麗。沙灘沙質綿密，海水清澈，是一片潔淨漂亮的「白色珊瑚碎屑沙灘」。 玩家秘笈 從尖山、林投往西南直抵隘門圓弧狀狹長的沙灘，林投公園是最方便親近觀海的景點。園內的綠蔭、寧靜、涼亭，木椅，都是您在豔陽下暢快體驗沙灘活動後，最佳休憩與消暑的地方。",湖西鄉,林投村,23.55866,119.64256,,,0.0,1.機車/汽車：由馬公市區沿中華路接縣道204，一路經過石泉、興仁、烏崁等社區及馬公航空站後於隘門圓環右轉，即可在道路右側看到林投公園指標。在林投村鳳凰殿後的小路右轉即可抵達。 2.公車資訊：搭乘尖山線至林投公園站下車。,,,https://www.penghu-nsa.gov.tw/FileDownload/TravelInformation/NotSet/20230201163029476171.JPG
Taiwan_Gov_OpenData_v2,attractions,Attraction_A15010200H_000105,菓葉觀日樓,菓葉村近年來成為欣賞日出的著名去處，是湖西鄉東側一個純樸的小漁村。「菓葉」是一種植物俗稱，它的學名稱為「黃槿」，早在明朝時，這裡就有一大片茂盛菓葉林，因此成為澎湖以植物命名的村落之ㄧ。菓葉村近年來成為欣賞日出的著名去處，是湖西鄉東側一個純樸的小漁村。「菓葉」是一種植物俗稱，它的學名稱為「黃槿」，早在明朝時，這裡就有一大片茂盛菓葉林，因此成為澎湖以植物命名的村落之一。 菓葉日出與西嶼落霞齊名，村內東北方的小山丘上是欣賞日出的最佳地點。每年冬至菓葉村許姓祭祖活動保留傳統的「軟筵」習俗，與舊奎壁澳村莊有密切的社群互動以及村莊內的灰窯殘跡，也增添菓葉的樸質風貌。 在這個小村落內處處是觀賞日出的好地方，不同於高山層層雲海之日出景象，晨曦中的太陽彷彿從水中彈跳而出，而映出的紅霞，投射出各種彩度的紅，對應出菓葉日出的靜謐之美。 「菓葉日出」與「西嶼落霞」同為澎湖兩大勝景，若想至菓葉觀日出景觀，建議必須於前一晚查詢日出時間，預留路程時間，由於日出時間相當短，應該提早出發，免得半夜從溫暖的被窩中爬起，卻無功而返喔！ 玩家秘笈 站在菓葉的海邊眺望東方，當太陽升起，加上光線和雲層折射關係，往往會看到疑似高山城市的海市蜃樓的影像。,湖西鄉,菓葉村,23.57884,119.68093,,,0.0,1. 機車／汽車：由馬公市區出發，由中華路接204縣道一路往東前行，經過龍門村後，一路跟隨指標引導，即可到達東岸的菓葉觀日樓。 2. 公車資訊：請搭乘龍門線及尖山線，於菓葉站下車後，步行5-10分可達。,,,https://www.penghu-nsa.gov.tw/FileDownload/TravelInformation/NotSet/20140814172849675.jpg
Taiwan_Gov_OpenData_v2,attractions,Attraction_A15010200H_000106,北寮遊憩區,北寮奎壁山的「奎壁聯輝」是清朝澎湖舊八景之一，奎壁山下東側沿岸，與無人小島「赤嶼」之間，在退潮時會裸露出S形礫石步道，約300公尺長，近年成為遊客戲水生態旅遊的據點之一，但因發現水淹腳時回漲速度甚快，務必精算潮汐，縮短逗留時程，以免發生危險。奎壁山地名的由來：自海上眺望奎璧山海岸時，山壁走向極似一隻趴臥於海上的海龜，故稱此地為「龜鼈山」。北寮奎壁山的「奎壁聯輝」是清朝澎湖舊八景之一，奎壁山下東側沿岸，與無人小島「赤嶼」之間，在退潮時會裸露出S形礫石步道，約300公尺長，近年成為遊客戲水生態旅遊的據點之一，但因發現水淹腳時回漲速度甚快，務必精算潮汐，縮短逗留時程，以免發生危險。奎壁山地名的由來：自海上眺望奎璧山海岸時，山壁走向極似一隻趴臥於海上的海龜，故稱此地為「龜鼈山」。 之後改名的典故為，澎湖進士蔡廷蘭取諧音以「奎壁」入詩云「奎壁雙輝列宿聯」納入澎湖八景之ㄧ。奎壁意指天上奎宿與壁宿，奎壁聯輝象徵滿天星斗與海面上的點點漁火相互輝映，構成一幕天然美景。 玩家秘笈 每日退至乾潮前3個小時體驗海底步道較為安全；秋季白天步道開啟後5-6小時關閉淹没，請勿於步道逗留，以避免發生危險。 夏日可於5時天亮以前來到奎壁山等待日出勝景，若剛好遇到退潮，則可登赤嶼欣賞日出，最好由當地人帶領，以免發生危險。 夜晚可至奎壁山海域欣賞海上諸島與漁火在月色下點綴的澎湖東海夜色，或許可以對於「奎壁聯輝」這澎湖古八景有一番心領神會。 北寮赤嶼觀潮踏浪步道建議時間表連結 追星景點 在北寮地質公園外的赤嶼距本島約300公尺，漲潮時是座獨立小島，當退潮到一定的時間後，海底逐漸露出一條礫石步道，此步道隨潮汐退去，路面漸寬，並將海平面分割成兩邊。在「Canon EOS 650D -澎湖篇」廣告影片中，利用曠時攝影技術，你可以清清楚楚的看到宛如摩西渡紅海般的分海畫面哦。,湖西鄉,北寮村,23.5967,119.67143,,,0.0,1.機車/汽車：自馬公巿區經中華路接縣道203至東衛，直行接縣道204，經成功、西溪、湖西等村落，至鄉道澎14左轉經南寮至北寮村，即有指標往北寮遊憩區。 2.公車資訊：北寮線及龍門線皆有公車抵達北寮，班車時間建議至公車總站詢問售票口。 3.澎湖縣公共車船管理處公車總站電話：06-9272376,,,https://www.penghu-nsa.gov.tw/FileDownload/TravelInformation/NotSet/20140814112216126.jpg
Taiwan_Gov_OpenData_v2,attractions,Attraction_A15010200H_000107,青螺溼地,國家級的青螺濕地，位於本島湖西鄉北方，海岸濕地類型多樣，有岩礁和礫石海岸、沙灘和泥質海岸，以及紅樹林、潮池、沙洲及魚塭等各種濕地類型，是澎湖各種濕地的縮影。國家級的青螺濕地，位於本島湖西鄉北方，海岸濕地類型多樣，有岩礁和礫石海岸、沙灘和泥質海岸，以及紅樹林、潮池、沙洲及魚塭等各種濕地類型，是澎湖各種濕地的縮影。,湖西鄉,青螺溼地,23.599177,119.647151,,,0.0,1. 機車／汽車：自馬公巿區出發，沿203縣道至東衛銜接202縣道，經過西溪後左轉接澎13鄉道，即可到達。 2. 公車資訊：搭乘青螺線至青螺站下車。,,,https://www.penghu-nsa.gov.tw/FileDownload/TravelInformation/NotSet/20140814161855202.jpg
Taiwan_Gov_OpenData_v2,attractions,Attraction_A15010200H_000108,中屯風力園區,中屯古地名叫做中墩，因座落於澎湖本島和白沙島之間形成土墩而得名，二戰後取諧音為中屯。後來分別興建了永安橋和中正橋北接白沙、南接澎湖本島。之後加上跨海大橋的興建，才將馬公、湖西、白沙跟西嶼四個鄉市連成一氣。 中屯古地名叫做中墩，因座落於澎湖本島和白沙島之間形成土墩而得名，二戰後取諧音為中屯。後來分別興建了永安橋和中正橋北接白沙、南接澎湖本島。之後加上跨海大橋的興建，才將馬公、湖西、白沙跟西嶼四個鄉市連成一氣。 風力發電廠位於澎湖縣白沙鄉中屯村，於2001年10月正式商業運轉，風力發電廠位於中屯第二苗圃，目前已規劃為風車公園，成為澎湖縣白沙鄉的著名旅遊景點和新地標。這座風力發電廠為台灣第二座，是澎湖第三代風力發電機，風力發電機組二期總計設置八組，每組可發電600千瓦，以電腦控制變速功能。當風力變化時，葉片的角度亦可隨之調整，轉速便可隨著發電需求調整，以維持穩定的發電功率。 風力發電的原理 風力發電是利用風力帶動風車葉片旋轉，透過增速機將旋轉的速度提升促使發電機發電，中屯機組約在每秒2.5公尺風速便可發電，風力發電廠設置的地點必須具有風期長、平均風速大、風力平穩且不受遮擋等風場條件，加上地理環境適宜，才能減少投資成本並增加電力。 追星景點 8部巨大的發電機組，是澎湖最醒目耀眼的地標，在許慧欣「放愛情一個假」、江美琪「親愛的你怎麼不在身邊」、劉燁「愛無界鎖定今生」以及詹雅雯的「騙人彼多」MV及許多廣告片中都可以看到它的身影。白色造型的風車，不只是人氣拍攝景點，也是澎湖浪漫的地標之一。,白沙鄉,中屯村,23.6204,119.6058,,,0.0,1.機車／汽車：自馬公巿區出發，沿縣道203號，至東衛左轉往北直走，過中正橋後即到達中屯。 2.公車資訊：從馬公公車總站搭往外垵、通梁的公車，在中屯站下車步行前往。,,,https://www.penghu-nsa.gov.tw/FileDownload/TravelInformation/NotSet/20140813143018754.jpg
Taiwan_Gov_OpenData_v2,attractions,Attraction_A15010200H_000109,岐頭遊客中心,位在岐頭碼頭旁邊的岐頭遊客中心，有提供旅遊諮詢，賣店服務，從這裡也可以購票前往東海次系統各島嶼，像是員貝嶼、澎澎灘、雞善嶼和錠鉤嶼等不同的島嶼。在岐頭村還能認識抱墩這項澎湖傳統漁業的方式，「墩」是指石塊在潮間帶築成開口的石堆，又稱「魚仔厝」，通常使用在地的硓石堆成，並利用潮汐來進行捕魚，漲潮時底棲魚類游到墩內，退潮時漁民便前往潮間帶將石墩拆解後用魚網來捕撈墩中的魚類。澎湖傳統的抱墩漁場主要分佈在白沙鄉北側的潮間帶，其中以赤崁、岐頭的墩群規模較大，墩區十分廣闊，岐頭整個礁棚約有300多座。 每個墩依型式大小不同，使用不同數量的石塊堆疊，通常會在每年春季馬尾藻生長的時候開始，因為馬尾藻會吸引小石斑聚集在離岸較近的石墩覓食，過了6月石斑會往外海遷徙，這時候石墩已經無用武之地，漁民就會把石墩拆解，這個過程叫做「散墩」。等到隔年春天漁民會再度把石墩堆起來，就是所謂的「撿墩」。主要的漁獲包括玳瑁石斑、笛鯛以及馬拉巴石斑等不同的漁產喔！,白沙鄉,岐頭村16-5號,23.6495213,119.6092754,,,0.0,1. 機車／汽車：自馬公巿區沿203縣道至東衛左轉，續經中正橋，永安橋進入白沙鄉，至港子大榕樹右轉即可到達。 2. 公車資訊：請搭乘通梁線並於岐頭站下車，步行2分鐘即可到達。,,,https://www.penghu-nsa.gov.tw/FileDownload/TravelInformation/NotSet/20160907120146445534012.JPG
Taiwan_Gov_OpenData_v2,attractions,Attraction_A15010200H_000110,北海遊客中心,提供旅遊諮詢、遊艇服務、候船室、販賣部、餐廳等服務，要前往北海各個島嶼，就要到位在赤崁村的北海遊客中心購買船票，從赤崁碼頭搭船前往吉貝嶼、險礁嶼、目斗嶼等島嶼。※2023/10月起重建暫停使用，原服務單位移往後寮遊客中心 後寮遊客中心服務電話：06-9933437 要前往北海各個島嶼，就要到位在赤崁村的北海遊客中心購買船票，從赤崁碼頭搭船前往吉貝嶼、險礁嶼、目斗嶼等島嶼。 赤崁是海上休閒活動的大本營，附近的島嶼可以體驗浮潛、欣賞珊瑚礁海底景觀、水上摩拖車等水上活動。赤崁碼頭也是捕獲丁香魚的重要港口，每年4到9月是澎湖丁香魚產期，會舉辦一年一度的赤崁丁香季，還能參加捕丁香魚的體驗活動。 在赤崁還有幾個不容錯過的景點，第一個是供奉哪吒三太子的龍德宮，香火十分鼎盛，是白沙赤崁村民的信仰中心，當地也流傳不少三太子的傳奇事蹟。第二個景點是在北海遊客中心前方崁頂的一間古厝，庭院裡有著一口百年的古井，與一旁的防空洞彼此相通，至今保存都相當完整。第三個景點則是在北海遊客中心的南方則有一座三面石敢當，型式相當少見。據說，上方的的狗頭岩曾被踢斷，惹怒了當地神明，後來村民要求肇事者向神明懺悔並且修補狗頭岩，同時在下方設立三面石敢當來壓制煞氣。從此，三面石敢當就在狗頭岩下方面對強勁的東北季風，保佑著村里平安。,白沙鄉,赤崁村37之4號,23.6687924282,119.6035403114,,,0.0,1. 機車/汽車：由馬公市區沿縣道203至東衛左轉北行，途經中屯、講美、港子，至赤崁碼頭即可抵達北海遊客中心。 2. 公車資訊：搭乘通梁線或外垵線至赤崁站下車後步行約10分鐘即可到達。,,,https://www.penghu-nsa.gov.tw/FileDownload/TravelInformation/NotSet/20141017110317205.jpg
Taiwan_Gov_OpenData_v2,attractions,Attraction_A15010200H_000111,後寮遊客中心,提供旅遊諮詢、遊艇服務、候船室、販賣部、餐廳等服務。提供旅遊諮詢、遊艇服務、候船室、販賣部、餐廳等服務。,白沙鄉,後寮村104之18號,23.6709644,119.5708095,,,0.0,1. 機車／汽車：自馬公巿區出發，沿縣道203於東衛左轉北行，經中屯、講美、赤崁等村落，至白沙分局前右側道路前往後寮社區，社區內有指標指往後寮遊客中心。 2. 公車資訊：請搭乘通梁線公車，於後寮內站下車，再步行前往。 3. 澎湖縣公共車船管理處公車時刻表連結,,,https://www.penghu-nsa.gov.tw/FileDownload/TravelInformation/NotSet/20140814162104291.JPG
Taiwan_Gov_OpenData_v2,attractions,Attraction_A15010200H_000112,通梁古榕,通梁村保安宮前超過300年的老榕樹，是澎湖綠蔭最大的神木，共計擁有95根氣根的老榕，綠蔭覆蓋廟前空地形成一片乘涼歇息的廣場，若是沒有認真觀察，實在難以相信全是來自於同一棵樹的枝幹。通梁村保安宮前超過300年的老榕樹，是澎湖綠蔭最大的神木，共計擁有95根氣根的老榕，綠蔭覆蓋廟前空地形成一片乘涼歇息的廣場，若是沒有認真觀察，實在難以相信全是來自於同一棵樹的枝幹。 關於古榕的歷史，目前還沒有確定的答案。有一傳說清朝康熙年間，一艘商船行經通梁附近吼門海域，卻不幸發生海難，僅存一株樹苗隨潮水漂至通梁海岸，通梁村民將其撿回，栽種於廟前。由此推算，通梁古榕栽種至今可能有300歲以上的高齡。 另一傳說則認為通梁古榕可能只有200年的歷史，根據中國人的栽植習慣，大多在廟宇落成後，才會栽種樹木，從保安宮建立的歷史看。距今大約為200多年，那麼通梁古榕也許要比傳說少100歲，姑且不論其何種說法正確，古榕綠蔭奇觀，倒是值得探訪。 玩家秘笈 通梁古榕廣大的樹蔭為當地村民午憩、下棋、喝茶之場所，炎炎夏日遊覽於此，不妨放慢步伐，或停下腳步，享受片刻「大樹之下好遮蔭」的悠閒時光。,白沙鄉,通樑村149號,23.65679,119.55721,,,0.0,1. 機車／汽車：由馬公市區出發，一路沿著203縣道，經東衛左轉前行，經過中正、永安橋後，進入白沙鄉，經講美、港子、赤崁、後寮等村落，通樑村即可到達。 2. 公車資訊：請搭乘通梁線和外垵線，於通梁站下車。 3.澎湖縣公共車船管理處公車時刻表連結,,,https://www.penghu-nsa.gov.tw/FileDownload/TravelInformation/NotSet/20140814170153547.jpg
Taiwan_Gov_OpenData_v2,attractions,Attraction_A15010200H_000113,澎湖跨海大橋,"澎湖跨海大橋全長共計2,494公尺，橫跨白沙、西嶼兩島之間的吼門水道，水流湍急，流速據說可達每秒3公尺，為澎湖海域第二險流。每當冬季東北季風來臨，更是怒濤洶湧，難以行船，因此，1965年始建跨海大橋，1970年完工通車，以解決漁翁島往來的交通困境。爾後，因橋樑腐蝕嚴重與橋梁坍蹋，於1984年拓寬陸堤，1996年完工通車成為雙車道新橋。遠望如海上長虹不但具觀光價值，也讓西嶼和白沙兩地交通暢流無阻。至今大橋西嶼端北側海域仍留有早期水泥柱和框架，靠西嶼一側留有斑駁的橋墩，分別說明早期西嶼電力是由高壓電線架跨海輸送，與舊橋功成身退的一段滄桑史。澎湖跨海大橋全長共計2,494公尺，橫跨白沙、西嶼兩島之間的吼門水道，水流湍急，流速據說可達每秒3公尺，為澎湖海域第二險流。每當冬季東北季風來臨，更是怒濤洶湧，難以行船，因此，1965年始建跨海大橋，1970年完工通車，以解決漁翁島往來的交通困境。爾後，因橋樑腐蝕嚴重與橋梁坍蹋，於1984年拓寬陸堤，1996年完工通車成為雙車道新橋。遠望如海上長虹不但具觀光價值，也讓西嶼和白沙兩地交通暢流無阻。至今大橋西嶼端北側海域仍留有早期水泥柱和框架，靠西嶼一側留有斑駁的橋墩，分別說明早期西嶼電力是由高壓電線架跨海輸送，與舊橋功成身退的一段滄桑史。 大倉嶼－欣賞跨海大橋的好地方 大倉嶼位於澎湖馬公、白沙、西嶼等三島圍繞的內海中，有「澎湖內海之珠」美稱。從大倉遠望跨海大橋如長虹凌空，海景一覽無遺。航程從馬公重光里(後窟潭)搭船約20分鐘即可到達。大倉嶼為澎湖內海唯一有人居住的島嶼，大倉一名可能來自於附近是澎湖有名的內海漁場，早期的「大魚倉」。大倉嶼周圍海岸平緩，退潮時潮間帶廣闊，其中以5口大型的石滬最具特色。 追星資訊 澎湖跨海大橋是澎湖的地標，是來澎湖遊客非留影不可的拍照景點之一，把『澎湖』二字拍攝在照片裡，證明來過澎湖，一直是遊客最想做的事情之一，在通梁端橋頭附近，還可以吃到知名導演吳念真推薦的仙人掌冰，酸甜的口感讓人一吃難忘。",白沙鄉,通西嶼鄉橋樑,23.64831,119.54639,,,0.0,澎湖跨海大橋連結白沙鄉通梁村與西嶼鄉合界、橫礁兩村。 1. 機車／汽車：由馬公市區沿縣道203，至東衛左轉，經中屯，講美，赤崁，後寮等村落，即可到達通梁村旁的澎湖跨海大橋。 2. 公車資訊：請搭乘通梁線與外垵線，並於通梁站下車,,,https://www.penghu-nsa.gov.tw/FileDownload/TravelInformation/NotSet/20140318094455343.jpg
Taiwan_Gov_OpenData_v2,attractions,Attraction_A15010200H_000114,吉貝遊客中心,提供旅遊諮詢、候船室、販賣部、文物展示等服務提供旅遊諮詢、候船室、販賣部、文物展示等服務,白沙鄉,吉貝村182之2號 ,23.7388291,119.6116393,,,0.0,1.前往吉貝需由赤崁碼頭附近的「北海遊客中心」購票搭乘船班前往。 2.選搭定期交通船或民營快艇(旺季行駛)前往吉貝嶼，約18分鐘即可抵達。 3. 交通船時間： 開船時間 週六到週四 週五 吉貝出發 07:00 / 14:00 07:00 / 16:00 赤崁出發 11:15 / 17:00 11:15 / 17:30 4.馬公到北海遊客中心： (1)自行前往：自馬公市區沿縣道203至東衛左轉北行，途經中屯、講美、港子，至赤崁碼頭即可抵達北海遊客中心。 (2)公車資訊：由馬公市搭乘外垵線、通樑線的公車至赤崁站下車後步行約10分鐘，可抵達北海遊客中心。 5.澎湖縣公共車船管理處公車時刻表連結,,,https://www.penghu-nsa.gov.tw/FileDownload/TravelInformation/NotSet/20140812101140102.JPG
Taiwan_Gov_OpenData_v2,attractions,Attraction_A15010200H_000115,小門嶼,小門嶼位於西嶼島的北端，與西嶼有寬約20公尺的水道相隔，現築有小門橋連結兩島。全島面積雖然只有0.5平方公里，但小門嶼的地質地形景觀，卻是澎湖群島的縮影，有活的戶外地質教室之稱。小門嶼位於西嶼島的北端，與西嶼有寬約20公尺的水道相隔，現築有小門橋連結兩島。全島面積雖然只有0.5平方公里，但小門嶼的地質地形景觀，卻是澎湖群島的縮影，有活的戶外地質教室之稱。 小門嶼是個地勢北高南低的熔岩台地，島上的東、北、西岸多為玄武岩海崖，南岸則為村落聚集地區。來到此處，可見到外形呈現球狀結構的多孔玄武岩，小門嶼層特殊的鐵質石英砂岩、鐵質黏土層、參雜動物化石的灰殼岩以及受流水侵蝕的小惡地形等多樣貌的地質景觀。 島上最著名的景點「鯨魚洞」，因外型近似鯨魚頭露出水面而得名。鯨魚洞原為一玄武岩海崖，經過海水侵蝕作用，不斷的侵蝕，終成現今的「海蝕拱門」，讓人認識了海蝕地形的演進過程。 當然小門嶼還有蜂巢田式的菜宅、石敢當等人文特色景觀，以及可到「小門地質館」一窺澎湖的地質奧秘的好機會，也千萬不要錯過！,西嶼鄉,小門村,23.65114,119.52092,,,0.0,1. 機車／汽車：由馬公市區沿縣道203至東衛左轉，途經白沙鄉，過跨海大橋，於縣道203約26公里處右轉續接鄉道澎2，即可抵達。 2. 公車資訊：搭乘外垵線經小門的班次，即可抵達小門嶼。 3. 澎湖縣公共車船管理處公車時刻表連結,,,https://www.penghu-nsa.gov.tw/FileDownload/TravelInformation/NotSet/20140812152759857.jpg
Taiwan_Gov_OpenData_v2,attractions,Attraction_A15010200H_000116,小門地質探索館,小門地質探索館於2020年7月進行第三次整修工程，於2021年1月底重新開幕並重新更名為小門地質探索館，以史前風貌帶入地質打造聲光影音震撼的場館。共分為6大區:入口意象服務區、深海岩石區、蛋型投影區、恐龍及植物模型造景區、玄武岩介紹牆、出口展示區。詳參觀資訊請點閱讀更多小門地質探索館於2020年7月進行第三次整修工程，於2021年1月底重新開幕並重新更名為小門地質探索館，以史前風貌帶入地質打造聲光影音及俱的場館。共分為6大區:入口意象服務區、深海岩石區、蛋型投影區、恐龍及植物模型造景區、玄武岩介紹牆、出口展示區。 小門嶼位於澎湖縣西嶼(漁翁島)北側，面積為0.5121平方公里，漲潮後即成獨立單一島嶼，因臨近吼門急流，素有「吼門之珠」雅稱。之後興建小門橋(跨海小橋)與西嶼連結，澎管處在此建有停車場、環島步道等相關設施，成為澎湖縣著名的風景區。小門嶼名字由來是因為在小門村東邊有一小徑剛好於兩旁的玄武岩峭壁之間，古時候小門村居民出入都得經過這條小徑，而小徑遠看像個門，因此便將此地命名為小門。 小門地質探索館參觀資訊 一、 門票費用及資格 (一)本館門票收費基準如下： 1.全票：新臺幣三十元。 2.優待票：新臺幣十五元。 (二)參觀小門地質探索館，具有以下各款身分人員，經出示相關身份證明文件者，得享優待票價： 1.年滿六十五歲以上者(假日)。 2.學生。 3.持志願服務榮譽卡之義勇警察、義勇消防。 4.十人以上團體。 (三)參觀小門地質探索館，具有以下各款身分人員，經出示相關證明文件者，得免收門票： 1.未滿六歲兒童。 2.年滿六十五歲以上者(平日)。 3.各機關學校辦理業務或教育宣導，經事先以公文提出申請獲准者。 4.政府部門因接待國際友人，經事先以公文提出申請獲准者。 5.持志願服務榮譽卡志工。 6.身心障礙者及其必要陪伴者一人 。 二、10人(含)以上團體，得於3日前先行電話預約【預約電話06-9982988】，其餘均採現場購買當日票券。 三、12:00-13:00為館內整理時間，請民眾於8:30-12:00；13:00-16:30入館參觀。,西嶼鄉,小門村11號,23.65388,119.51725,,,0.0,1. 機車／汽車：由馬公市區沿縣道203至東衛左轉，途經白沙鄉，過跨海大橋，於縣道203約26公里處右轉續接鄉道澎2，即可抵達。 2. 公車資訊：搭乘外垵線經小門的班次，即可抵達小門嶼。,,,https://www.penghu-nsa.gov.tw/FileDownload/TravelInformation/NotSet/20230202134523997037.png
Taiwan_Gov_OpenData_v2,attractions,Attraction_A15010200H_000117,二崁傳統聚落保存區,二崁村於民國90年經內政部指定成為國內第一個傳統聚落保存區，近年來完成修復的古厝交由「二崁村聚落協進會」充分利用，發展成為具有在地文化特色的各項小型展覽館，有常民生活館、潮間帶館、社區博物館、漢藥館、童玩館、褒歌館等。走入二崁，映入眼簾，最吸睛的便是古厝牆上掛滿了當地居民自創的褒歌，內容描述生活點滴或傳頌男女思慕情懷，試著以閩南語唸唸看，保證趣味橫生。二崁村於民國90年經內政部指定成為國內第一個傳統聚落保存區，近年來完成修復的古厝交由「二崁村聚落協進會」充分利用，發展成為具有在地文化特色的各項小型展覽館，有常民生活館、潮間帶館、社區博物館、漢藥館、童玩館、褒歌館等。走入二崁，映入眼簾，最吸睛的便是古厝牆上掛滿了當地居民自創的褒歌，內容描述生活點滴或傳頌男女思慕情懷，試著以閩南語唸唸看，保證趣味橫生。餓了走到柑仔店吃「土仁粿」、「金瓜粿」，渴了喝杯道地的杏仁茶。在古色古香的民宅內，聽老阿嬤最原汁原味的褒歌吟唱，或數人即興對唱，一來一往，創意十足，令人拍案叫絕，樂趣無窮。 大約在明朝末年，陳延益先生從金門渡海來到澎湖，由現今的大池村登陸後，在竹灣南側的龜山山腳下從事農漁業生活。成家立業後，家族成員逐漸增加，才決定遷移到竹灣附近的二崁定居。清朝道光年間逐漸發展成為一個聚落，甲午戰爭之後，傳統生計活動已不敷生活支用，許多青年只好離鄉背井，到台灣工作，村落逐漸沒落。 陳家古厝為二崁古厝之代表首選，興建於西元1910年，是由陳嶺、陳邦二兄弟，移居台南經營中藥行致富並返鄉擴建原有古厝，光耀門楣。「三落大厝」的豪華格局，為澎湖絕無僅有的一間古厝，目前已列為縣定古蹟。 當年設計修建古厝的師父年僅29歲左右，來自池東村。從陳家建築細節觀察，整體建築及彩繪、樑柱等頗富創意，不論木雕、磁磚彩繪與石刻都典雅生動。格局上，由外至內逐漸隱密的設計，依循的傳統民宅工法，兼具安全性，堪稱為當地中西合璧的建築代表作品。 追星景點 在二崁傳統聚落中，陳氏古厝內小朋友們正認真的學寫春聯，小朋友帶著紅色「吉」、「祥」的風箏在傳統古厝聚落中穿梭，在二崁大草原中隨著搖曳的風箏一起奔跑著，新年的喜慶紅穿梭在具歷史的古厝巷弄，配合襯底的踏雪尋梅歌曲，非常合諧的畫面，有印象嗎？沒錯！2001年「麥當勞」在二崁拍攝的廣告，滿是濃濃的年節味。金曲歌后詹雅雯的「續緣」MV中的大片草原就是在二崁，另外，她的「澎湖戀歌」MV也是在二崁拍攝，這部MV開頭是二崁楊阿鬆阿嬤的褒歌，帶著特有的曲調，用閩南語吟唱著－「十八送君去台灣　目眶你紅我也紅 目屎一粒一斤重　滴落土腳土一空 」引領著聽眾，彷彿當時的離情依依就在眼前，褒歌的傳唱，別有一番懷舊的風味。,西嶼鄉,二崁傳統聚落保存區,23.604503,119.518853,,,0.0,"1. 機車/汽車：由馬公市區出發，沿縣道203至東衛左轉北行，途經白沙鄉，過跨海大橋，於縣道203約30公里處左轉續接鄉道澎3，即可抵達。 2. 公車資訊：搭乘外垵線經二崁的班次,即可抵達二崁傳統聚落保存區。 3.澎湖縣公共車船管理處公車時刻表連結",,,https://www.penghu-nsa.gov.tw/FileDownload/TravelInformation/NotSet/20140812151128960.JPG
Taiwan_Gov_OpenData_v2,attractions,Attraction_A15010200H_000118,大菓葉柱狀玄武岩,日治時期為聯絡馬公與西嶼間的海上交通，在大菓葉海邊闢建碼頭，挖取石塊泥土時意外地發掘了這片埋於土中、沈睡千年的壯麗柱狀玄武岩，可謂澎湖本島容易親近的柱狀玄武岩。日治時期為聯絡馬公與西嶼間的海上交通，在大菓葉海邊闢建碼頭，挖取石塊泥土時意外地發掘了這片埋於土中、沈睡千年的壯麗柱狀玄武岩，可謂澎湖本島容易親近的柱狀玄武岩。,西嶼鄉,池東村10號,23.5960179665,119.5162075859,,,0.0,1.機車／汽車：自馬公巿區出發沿縣道203，至東衛左轉北行，經白沙鄉，過跨海大橋後進入西嶼鄉，過了二崁後即可看到前往大菓葉柱狀玄武岩指標。,,,https://www.penghu-nsa.gov.tw/FileDownload/TravelInformation/NotSet/20160907112646168597725.JPG
Taiwan_Gov_OpenData_v2,attractions,Attraction_A15010200H_000119,內垵沙灘,內垵遊憩區擁有一片廣大的沙灘，白色的細沙與平坦的地勢，為內垵村與外垵村村民戲水與潮間帶活動的場所。站在沙灘後方依照地勢所興建的木棧道，遠眺池西的學仔尾岬角，細軟的沙灘與澄澈的海水是內垵遊憩區最吸引人的特點。內垵遊憩區擁有一片廣大的沙灘，白色的細沙與平坦的地勢，為內垵村與外垵村村民戲水與潮間帶活動的場所。站在沙灘後方依照地勢所興建的木棧道，遠眺池西的學仔尾岬角，細軟的沙灘與澄澈的海水是內垵遊憩區最吸引人的特點。 遊憩區裡有步道約500公尺長，走完大約40分鐘，是觀海聽濤及運動休閒的絕佳地點。一望無際的大海，偶爾飄來閒雲幾朵，更顯得天際是如此迷人，令人陶醉。沙灘上的蟹族是作畫的高手，一雙大螯拾取沙中的食物後，再以黏液將沙黏成小圓粒，排列成各式放射線狀，造型奇特，值得留心觀察。,西嶼鄉,內垵村西邊海濱,23.5699807666,119.4938916069,,,0.0,1.機車/汽車：自馬公巿區往縣道203方向，東衛處左轉，經白沙鄉，過跨海大橋，進入西嶼鄉，過內垵國小後即可到達。 2.公車資訊：可搭乘西嶼線，內垵國小站下車，往南方上坡路段步行約5分鐘。,,,https://www.penghu-nsa.gov.tw/FileDownload/TravelInformation/NotSet/20140814105449961.jpg
Taiwan_Gov_OpenData_v2,attractions,Attraction_A15010200H_000120,西嶼東臺軍事史蹟園區,西嶼東臺與西嶼西臺為同期興築的砲臺，內有圓拱形磚石構造的官、兵房及彈藥庫，與馬公金龜頭砲臺共同扼守媽宮港。現與澎防部移交的西嶼西堡壘、東堡壘、東昌營區共同規劃成西嶼東臺軍事史蹟園區。西嶼東臺與西嶼西臺為同期興築的砲臺，內有圓拱形磚石構造的官、兵房及彈藥庫，與馬公金龜頭砲臺共同扼守媽宮港。現與澎防部移交的西嶼西堡壘、東堡壘、東昌營區共同規劃成西嶼東臺軍事史蹟園區。,西嶼鄉,內垵村,23.568432,119.507171,,,0.0,機車／汽車： (1)自馬公巿區沿縣道203，經白沙鄉過跨海大橋進入西嶼鄉，在內垵國小前左轉鄉道澎5可達。 (2)結束大菓葉柱狀玄武岩行程後，沿鄉道澎5，經過赤馬村後，進入內垵村落前可達。,,,https://www.penghu-nsa.gov.tw/FileDownload/TravelInformation/NotSet/20140811115736112.JPG
Taiwan_Gov_OpenData_v2,attractions,Attraction_A15010200H_000121,西嶼西臺,"西嶼西臺乃清朝劉銘傳所修之砲臺。1885年清法戰爭起，法將孤拔（Courbet)率遠東艦隊攻打臺澎，澎湖失守。清法和議後，劉銘傳籌劃臺灣防務，奏請於澎湖設總兵一名，並加強澎湖防務。當時在西嶼外垵與內垵間高地闢建砲臺一座，設置四門新式阿姆斯壯後膛砲，隔年另在內垵高地增設西嶼東臺。西嶼西臺規模浩大，施工情形甚為艱苦，於光緒15年完工。西嶼西臺乃清朝劉銘傳所修之砲臺。1885年清法戰爭起，法將孤拔（Courbet）率遠東艦隊攻打臺澎，澎湖失守。清法和議後，劉銘傳籌劃臺灣防務，奏請於澎湖設總兵一名，並加強澎湖防務。當時在西嶼外垵與內垵間高地闢建砲臺一座，設置四門新式阿姆斯壯後膛砲，隔年另在內垵高地增設西嶼東臺。西嶼西臺規模浩大，施工情形甚為艱苦，於光緒15年完工。 西嶼西臺為一凹下式建築，四周築有內外堡垣，牆內疊石成壇，壇上設有砲臺，約呈山字形配置。入口處往內動線上並有拱門兩道，第一道拱門上方橫額題：「西嶼西臺」。本砲臺為目前全台保存最完整且極具歷史價值的百年砲臺。 追星景點 可能很多朋友都沒注意到，西嶼西臺可是很多大明星拍MV的場景。像郭天王帶著廣東腔調唱著「別說」，走在龍舌蘭旁的古堡台階上，搭配著歌詞中略帶感傷的情懷，充滿意境之美。片中的植物－銀合歡，在澎湖隨處可見。另外，「真的怕了」MTV也是在西嶼西臺拍的，你找的到蛛絲馬跡嗎？蕭亞軒「愛上愛」MV中，天上烏雲飛過、穿著大披風的女主角走在龍舌蘭旁古堡的台階上，其中所營造的古老神秘的氛圍，非常特別。伍思凱「最愛是你」MTV也在西嶼西臺拍攝，小丑、舞者、演奏者加上伍思凱的動人歌聲，五、六年級生肯定不陌生。 票價說明 全票：平日25元假日30元 半票（學軍警）：平假日15元 20人以上團體票：平日20元假日25元 免費：1.領有淺障手冊及陪同者一位免費優待。2.幼兒園以下兒童、70歳以上長者、軍公教退休人員及機關核發之志願服務榮譽卡免費優待。3.設籍在本鄉之民眾免費優待。※免費優待幼兒園以下兒童免證件,餘請出示證件",西嶼鄉,西嶼西臺,23.56444,119.489633,,,0.0,1. 機車／汽車：自馬公巿區沿縣道203，經白沙鄉過跨海大橋進入西嶼鄉，經過內垵村後可抵達。 2. 公車資訊：搭乘外垵線至西臺古堡站下車。,,,https://www.penghu-nsa.gov.tw/FileDownload/TravelInformation/NotSet/20140814133912908.JPG
Taiwan_Gov_OpenData_v2,attractions,Attraction_A15010200H_000122,漁翁島燈塔,漁翁島燈塔座落於西嶼西南端的高地上，屬西嶼鄉外垵村。西嶼全島面積17.8380平方公里，海拔高約52公尺，與澎湖本島及白沙島三島鼎足而立，是澎湖群島的三大島嶼之一。漁翁島燈塔座落於西嶼西南端的高地上，屬西嶼鄉外垵村。西嶼全島面積17.8380平方公里，海拔高約52公尺，與澎湖本島及白沙島三島鼎足而立，是澎湖群島的三大島嶼之一。 漁翁島即為西嶼，其名稱之區別在於葡萄牙人首先以葡萄文「漁翁島」標示於航海圖上，之後荷蘭與日本等軍事地圖皆沿用翻譯成漁翁島；而先民自古以來即稱為「西嶼」或「西嶼頭」，歷經清領、日治行政區劃，皆以西嶼為名，因西嶼位於澎湖本島之西，中國閩浙沿海先民航行途經澎湖即以「西嶼頭」為航程辨識的指標。 燈塔始建於1778年，最初為七級石塔，名為「西嶼塔燈」，至1875年改建為西洋式構造，命名為「漁翁島燈塔」，如今所見。近年登錄為古蹟時，順應鄉民建議，正名為「西嶼燈塔」。燈塔立於花崗岩台基上，底部直徑約2.5公尺，塔身向上微微內收，塔頂與塔身高度的比例約為1：2。塔內有螺旋鐵板樓梯，上層為圓拱型鑄鐵燈罩及風標。塔身外側離地面6.3公尺高的地方，則有鐵管欄杆圍成的鑄鐵工作平台，塔高11公尺，燈高60.7公尺。 燈塔旁的洋樓，是以石塊砌築，內分上下兩層，屋頂採低緩四向屋坡作法，屋簷水平線腳突出於入口的小玄關，百葉窗為法式造型，顯示出其濃厚的歐式建築風格。漁翁島燈塔設有霧笛、三座清領時期所設的鐵鑄霧炮，並留存早期使用的石葫蘆煙墩。由燈塔園區俯視海景，有機會觀賞到著名的西嶼急流，名為「西流」。澎湖6大急流「一磽、二吼、三西流、四鵝豆、五潭門、六東吉」其中的「西流」就位於外垵「西嶼燈塔」下的南方海域。每到臨近乾潮、開始潮前40分鐘（俗稱返流），海面即出現整排月眉湧浪，長約100~200公尺，持續4~5小時，直到滿潮前2小時左右才停止。每逢秋季大潮時更是蔚為奇觀。 追星景點 陳昇「塔裡的男孩」MTV中，白色造型的漁翁島燈塔，是男孩孤獨的回憶，守護著女孩默默佇立，而青春卻在歲月中逐漸流逝。回首時，記憶深處的那些片段就如同歌詞裡“也不過是幾個秋”伴隨著海風與燈塔，孤獨卻堅定的屹立不搖，在生命中璀璨。來到澎湖，不妨到這與燈塔短暫相伴，回憶生命中是否曾出現讓你想要守候但卻只能深藏在記憶裡的人。,西嶼鄉,外垵村35鄰195號,23.5625448,119.4690526,,,0.0,1. 機車／汽車：自馬公巿區沿縣道２０３，至東衛左轉，經白沙鄉、過跨海大橋後至外垵，接澎６鄉道，即可到達漁翁島燈塔。,,,https://www.penghu-nsa.gov.tw/FileDownload/TravelInformation/NotSet/20230202173543175264.JPG
Taiwan_Gov_OpenData_v2,attractions,Attraction_A15010200H_000123,七美遊客中心,提供旅遊諮詢等服務「七美遊客中心」，以七美特殊的島嶼意象，包括浪漫愛情、幸福方舟、地質地形等為設計概念，結合生態永續、節能環保輕量化的綠色建築指標，以及以尊重在地、融合豐富的港口意象、海島生活機能與使用者導向全面兼顧，遊客中心之整體規劃包括：旅遊諮詢服務區、遊客候船與休憩觀海區、賣店、用餐區、導覽區及辦公區等，再加上頗具藝術、浪漫「愛之船」造型的建築外觀，未來除了可提供遊客明亮、寬敞、舒適、便利、優質的服務空間外，亦將打造七美旅遊意象的新地標、新亮點，期以帶動離島地區觀光產業的蓬勃發展。,七美鄉,南港村南滬59號,23.1960038,119.4251875,,,0.0,1. 七美遊客中心位於七美鄉南滬港旁，搭船前往七美鄉時，一下船即可看到七美遊客中心。 2. 搭船的澎友，請自巿區南海遊艇碼頭（新營路25號）搭乘車管處交通船或民營快艇(僅旺季行駛)前往，船行時間約70分鐘(交通船需時2小時)。 3.選擇搭機，每日皆有德安航空往返馬公，七美和高雄間。 4.澎湖縣政府公共車船管理處交通船時刻表連結 5.德安航空連結,,,https://www.penghu-nsa.gov.tw/FileDownload/TravelInformation/NotSet/20240401161150467237.jpg
Taiwan_Gov_OpenData_v2,attractions,Attraction_A15010200H_000124,七美人塚,相傳為明朝時，成群的盜賊從七美的南邊海岸登陸，當時島上的男人都出海捕魚，剩下老弱婦孺，其中7位女子正在附近山上農忙（一說在井旁洗衣），不幸遇上倭寇侵襲，最後不甘受辱而相攜投井。事後鄉人，用土填井，後來長出7棵枝葉茂盛的香楸樹，民國38年劉燕夫縣長與何志浩將軍前來憑弔，何將軍有感而發，撰寫七美人歌一首，刻立於石岩上，歌曰：「七美人兮白璧姿，抱貞拒賊兮死隨之，英魂永寄孤芳樹，井上長春兮開滿枝」。七美人貞烈事蹟，遂為擴大整建為「七美人貞節園」，每年都有無數的遊客前來觀賞、憑弔。相傳為明朝時，成群的盜賊從七美的南邊海岸登陸，當時島上的男人都出海捕魚，剩下老弱婦孺，其中7位女子正在附近山上農忙（一說在井旁洗衣），不幸遇上倭寇侵襲，最後不甘受辱而相攜投井。事後鄉人，用土填井，後來長出7棵枝葉茂盛的香楸樹，民國38年劉燕夫縣長與何志浩將軍前來憑弔，何將軍有感而發，撰寫七美人歌一首，刻立於石岩上，歌曰：「七美人兮白璧姿，抱貞拒賊兮死隨之，英魂永寄孤芳樹，井上長春兮開滿枝」。七美人貞烈事蹟，遂為擴大整建為「七美人貞節園」，每年都有無數的遊客前來觀賞、憑弔。,七美鄉,南港村一鄰1-4號,23.1960038,119.4251875,,,0.0,1. 七美人塚位於七美鄉，可選擇搭機或搭船前往七美鄉，到達後再選擇騎乘機車或搭乘遊覽車前往，自南滬港沿澎43號鄉道，即可到達七美人塚。 2. 選擇搭船，需自巿區南海遊艇碼頭（新營路25號）搭乘車管處交通船或民營快艇(僅旺季行駛)前往，船行時間約70分鐘(交通船需時2小時)。 3. 選擇搭機，每日皆有德安航空往返馬公，七美和高雄間。,,,https://www.penghu-nsa.gov.tw/FileDownload/TravelInformation/NotSet/20140826142953497.JPG
Taiwan_Gov_OpenData_v2,attractions,Attraction_A15010200H_000125,望夫石,七美嶼因島上男人捕魚工作危險艱辛，易生意外，早期曾有「寡婦之島」戲稱。相傳在望夫石附近住著一對恩愛夫妻，某日丈夫出海捕魚遲遲未歸，妻子隻身到岸邊等待郎君回航，日復一日，終不堪飢寒，香消玉殞。後人將她安葬於海邊，石岸竟風化成一婦人仰躺的形貌，包括頭髮、身軀、雙足及懷孕的小腹唯妙唯肖，望夫石的傳說於是不脛而走。七美嶼因島上男人捕魚工作危險艱辛，易生意外，早期曾有「寡婦之島」戲稱。相傳在望夫石附近住著一對恩愛夫妻，某日丈夫出海捕魚遲遲未歸，妻子隻身到岸邊等待郎君回航，日復一日，終不堪飢寒，香消玉殞。後人將她安葬於海邊，石岸竟風化成一婦人仰躺的形貌，包括頭髮、身軀、雙足及懷孕的小腹唯妙唯肖，望夫石的傳說於是不脛而走。 玩家秘笈 望夫石不單可眺望賞景，亦可循前方石橋跨過望夫石腹身來到潮池，一窟窟的潮池裡，小魚小蟹戲遊其間，為天然的生態教室。但須注意退潮時段以免發生意外。,七美鄉,望夫石,23.18745,119.4301,,,0.0,1.望夫石位於七美鄉，可選擇搭機或搭船前往七美鄉，到達後再選擇騎乘機車或搭乘遊覽車前往，自南滬港沿七美燈塔南行則可見望夫石。 2.選擇搭船，需自巿區南海遊艇碼頭（新營路25號）搭乘車管處交通船或民營快艇(僅旺季行駛)前往，船行時間約70分鐘（交通船需2小時）。 3.選擇搭機，每日皆有德安航空往返馬公，七美和高雄間。,,,https://www.penghu-nsa.gov.tw/FileDownload/TravelInformation/NotSet/20140815082056595.JPG
Taiwan_Gov_OpenData_v2,attractions,Attraction_A15010200H_000126,月鯉灣遊憩區,呈弦月形的月鯉灣，為天然的小灣澳，是七美島漁民最早近海作業的港口，現況僅以南側小範圍闢建為簡易的「月鯉港」。 鯉灣白色珊瑚碎屑的海灘，不但是七美唯一的戲水區，其海域極適合從事浮潛活動。附近的玄武岩地形非常發達，柱狀玄武岩呈倒臥狀、放射狀、交錯狀，頗為壯觀且多樣化；海蝕地形則處處可見。呈弦月形的月鯉灣，為天然的小灣澳，是七美島漁民最早近海作業的港口，現況僅以南側小範圍闢建為簡易的「月 港」。 月鯉灣白色珊瑚碎屑的海灘，不但是七美唯一的戲水區，其海域極適合從事浮潛活動。附近的玄武岩地形非常發達，柱狀玄武岩呈倒臥狀、放射狀、交錯狀，頗為壯觀且多樣化；海蝕地形則處處可見。 玩家秘笈 夜晚觀星、黃昏夜烤，以及午後浮潛欣賞千嬌百媚的珊瑚，此乃月鯉戲水區三大玩法，輔以周邊露營涼亭、沖水衛廁設施完整，為七美最佳露營區。,七美鄉,月鯉灣遊憩區,23.1969,119.42968,,,0.0,1. 月鯉灣遊憩區位於七美鄉，可選擇搭機或搭船前往七美鄉，到達後再選擇騎乘機車或搭乘遊覽車前往，自南滬港沿澎43號鄉道，即可到達月鯉灣遊憩區。 2. 選擇搭船，需自巿區南海遊艇碼頭（新營路25號）搭乘車管處交通船或民營快艇（僅旺季行駛）前往，船行時間約70分鐘（交通船需時2小時）。 3. 選擇搭機，每日皆有德安航空往返馬公，七美和高雄間。,,,https://www.penghu-nsa.gov.tw/FileDownload/TravelInformation/NotSet/20230626113500486084.jpg
Taiwan_Gov_OpenData_v2,attractions,Attraction_A15010200H_000127,大獅風景區,大獅風景區海岸線連綿的柱狀玄武岩海崖奇觀，聯結著向東延伸入海的小海岬，讓該處海岸線顯得氣象萬千。特異之造型和色調與四周白色浪花呈現對比更顯突出，增添幾分雄偉氣勢，其形如一隻蹲伏於海崖的石獅，在蒼勁海水、天際灰濛間眺望著無垠大海，大獅之名由此而來。大獅風景區海岸線連綿的柱狀玄武岩海崖奇觀，聯結著向東延伸入海的小海岬，讓該處海岸線顯得氣象萬千。特異之造型和色調與四周白色浪花呈現對比更顯突出，增添幾分雄偉氣勢，其形如一隻蹲伏於海崖的石獅，在蒼勁海水、天際灰濛間眺望著無垠大海，大獅之名由此而來。,七美鄉,大獅風景區,23.20079,119.43535,,,0.0,1. 大獅風景區位於七美鄉，可選擇搭機或搭船前往七美鄉，到達後再選擇騎乘機車或搭乘遊覽車前往，自南滬港沿澎43號鄉道，經月鯉灣遊憩區接海邊道路往北即可到達大獅風景區。 2. 選擇搭船，需自巿區南海遊艇碼頭（新營路25號）搭乘車管處交通船或民營快艇(僅旺季行駛)前往，船行時間約70分鐘(交通船需時2小時)。 3. 選擇搭機，每日皆有德安航空往返馬公，七美和高雄間。,,,https://www.penghu-nsa.gov.tw/FileDownload/TravelInformation/NotSet/20230208141623897175.JPG
Taiwan_Gov_OpenData_v2,attractions,Attraction_A15010200H_000128,龍埕,「龍埕」為一段長達600公尺內曲、南向之凝灰岩與玄武岩互層的地形地質，並經過千百萬年的海蝕作用後形成平整的海蝕平台。由於熔岩流在流動覆蓋過程受到營力互相擠壓後，形成動感十足的褶皺現象，加上不同種類的藻苔色澤強化褶皺曲線條紋的立體感。由崖錐頂上俯瞰平台，可見綠、白、灰、褐之曲線蜿蜒其上，整體看來宛若一條翻騰在藍天碧海中的蟠龍，因此得名「龍埕」。「龍埕」為一段長達600公尺內曲、南向之凝灰岩與玄武岩互層的地形地質，並經過千百萬年的海蝕作用後形成平整的海蝕平台。由於熔岩流在流動覆蓋過程受到營力互相擠壓後，形成動感十足的褶皺現象，加上不同種類的藻苔色澤強化褶皺曲線條紋的立體感。由崖錐頂上俯瞰平台，可見綠、白、灰、褐之曲線蜿蜒其上，整體看來宛若一條翻騰在藍天碧海中的蟠龍，因此得名「龍埕」。 廣義的龍埕泛指該處三大片的連續海蝕平台而言，鄰近的小海蝕平台所在位置，猶如龍珠、龍頭，活靈活現，渾然生成。從高處往下望，因大浪拍擊平台邊激起之浪花，又彷彿白龍在浮游。從大獅風景區觀景台可見收全景，亦可經由涼亭旁沿著海岸人工石階道前往另一觀景台欣賞。循緩降鈄坡往下走，可抵達海蝕平台，可近距離觀察豆腐岩、壺穴等地質景觀。,七美鄉,龍埕,23.20174,119.437532,,,0.0,1.龍埕位於大獅風景區旁，可選擇搭機或搭船前往七美鄉，到達後再選擇騎乘機車或搭乘遊覽車前往，自南滬港沿澎43號鄉道，經月鯉灣遊憩區接海邊道路往北即可到達龍埕。 2.搭船的澎友，請自巿區南海遊艇碼頭搭乘車管處交通船或民營快艇（僅旺季行駛）前往，船行時間約70分鐘（交通船約2小時）。 3.選擇搭機，每日皆有德安航空往返馬公，七美和高雄間。 4.澎湖縣政府公共車船管理處交通船時刻表連結 5.德安航空連結,,,https://www.penghu-nsa.gov.tw/FileDownload/TravelInformation/NotSet/20140815081140672.jpg
Taiwan_Gov_OpenData_v2,attractions,Attraction_A15010200H_000129,小台灣,小台灣位於澎湖縣七美嶼的東北方，由牛母坪沿著濱海公路往北走，經過斜坡路段時會看到一個觀景涼亭，站在涼亭上即可觀賞到經年累月海浪拍蝕的結果，成為形狀酷似小台灣的海蝕平台，因此稱作七美小台灣，還有狀似龜山島的岩石在同樣的位置，在海水退潮時形狀更為明顯。小台灣位於澎湖縣七美嶼的東北方，由牛母坪沿著濱海公路往北走，經過斜坡路段時會看到一個觀景涼亭，站在涼亭上即可觀賞到經年累月海浪拍蝕的結果，成為形狀酷似小台灣的海蝕平台，因此稱作七美小台灣，還有狀似龜山島的岩石在同樣的位置，在海水退潮時形狀更為明顯。,七美鄉,東湖村,23.208426,119.443572,,,0.0,1. 小臺灣位於七美鄉，可選擇搭機或搭船前往七美鄉，到達後再選擇騎乘機車或搭乘遊覽車前往，自南滬港沿澎43號鄉道，經月鯉灣遊憩區接海邊道路往北即可到達小臺灣。 2. 選擇搭船，需自巿區南海遊艇碼頭搭乘車管處交通船或民營快艇(僅旺季行駛)前往，船行時間約70分鐘(交通船需時2小時)。 3. 選擇搭機，每日皆有德安航空往返馬公，七美和高雄間。,,,https://www.penghu-nsa.gov.tw/FileDownload/TravelInformation/NotSet/20140815083048936.jpg
Taiwan_Gov_OpenData_v2,attractions,Attraction_A15010200H_000130,雙心石滬,石滬是先民智慧的展現，它是利用玄武岩和珊瑚礁所砌築的捕魚陷阱。而七美的雙心石滬因造型浪漫，吸引眾多的情侶前來，儼然成為澎湖觀光的代表景點。石滬是先民智慧的展現，它是利用玄武岩和珊瑚礁所砌築的捕魚陷阱，而七美的雙心石滬因造型浪漫，吸引眾多的情侶前來，儼然成為澎湖觀光的代表景點。 雙心石滬是澎湖地區眾多石滬中，保留最完整的石滬，若要觀看雙心石滬必須先確認每日的退潮時間，才能順利看到完整的石滬雙心形狀。 追星資訊 雙心石滬、龍埕、燈塔等七美的各個景點，也是常在MV或廣告片出現，尤其是雙心石滬，劉燁「愛無界鎖定今生」、廣告片「Canon EOS 650D -澎湖篇」，還有「原味的夏天」中爺爺的私生女去尋找她媽媽所遺留下來卡片中的場景，都是這兒。 看看環景(Go),七美鄉,雙心石滬,23.22022,119.44697,,,0.0,1. 七美遊客中心位於七美鄉南滬港旁，搭船前往七美鄉時，一下船即可看到七美遊客中心。 2. 搭船的澎友，請自巿區南海遊艇碼頭（新營路25號）搭乘車管處交通船或民營快艇（僅旺季行駛）前往，船行時間約70分鐘（交通船約2小時）。 3.選擇搭機，每日皆有德安航空往返馬公，七美和高雄間。,,,https://www.penghu-nsa.gov.tw/FileDownload/TravelInformation/NotSet/20160907103937579129421.jpg
Taiwan_Gov_OpenData_v2,attractions,Attraction_A15010200H_000131,南嶼城,南嶼城是七美早期作為抵禦外來侵略的防衛設施，在拱型玄武石門內側，嵌有「重修南嶼城記」石碑，南嶼城全部採用玄武岩堆砌而成，有著方正雄偉的格局，拱型城門揭露著一絲絲古意，傍晚時分，落日餘暉泛著柔光，別有一番浪漫風情。南嶼城是七美早期作為抵禦外來侵略的防衛設施，在拱型玄武石門內側，嵌有「重修南嶼城記」石碑，南嶼城全部採用玄武岩堆砌而成，有著方正雄偉的格局，拱型城門揭露著一絲絲古意，傍晚時分，落日餘暉泛著柔光，別有一番浪漫風情。,七美鄉,海豐村,23.2087756,119.4353441,,,0.0,,,,https://www.penghu-nsa.gov.tw/FileDownload/TravelInformation/NotSet/20160907104205949778428.JPG
Taiwan_Gov_OpenData_v2,attractions,Attraction_A15010200H_000132,望安綠蠵龜觀光保育中心,潭門港旁不遠處，一座似海龜造型的建築，矗立於望安嶼的東南方。進入館內，望安自然生態盡收眼底，候鳥、保育生物紛紛登場，當然少不了最重要的「綠蠵龜」，除了龜種的特徵辨別及分布環境，海龜與民間祈福活動「上元乞龜」，均為館內耐人尋味的展示內容。潭門港旁不遠處，一座似海龜造型的建築，矗立於望安嶼的東南方。進入館內，望安自然生態盡收眼底，候鳥、保育生物紛紛登場，當然少不了最重要的「綠蠵龜」，除了龜種的特徵辨別及分布環境，海龜與民間祈福活動「上元乞龜」，均為館內耐人尋味的展示內容。值得注意的是佇立於展示廳入口的「好善堂」石碑，碑文記載著130年前望安地區士紳為保護海龜、耕牛而募款，立碑明文以津貼獎勵居民矜憐生命、同時報請官府准以違者重罰，以示恩威並重。現在此碑文已成為早期先民對於海龜生態保育的重要見證。 進入綠蠵龜觀光保育中心，首先映入眼簾的是展示大廳，右邊為視聽簡報室，每天上午10點至下午4點整點播放綠蠵龜生態影片，另10人以上團體可預約導覽解說服務，讓學習與參觀成為一種知性趣味的行程 海龜相關訊息介紹：海洋保育署友善賞龜專區,望安鄉,東安村1號之4,23.3649646226,119.506923411,,,0.0,望安綠蠵龜觀光保育中心位於望安鄉，須搭船前往，自巿區南海遊艇碼頭（新營路25號）搭乘車管處交通船或民營快艇(僅旺季行駛)前往，船行時間約40分鐘，到達後騎乘機車前往。,,,https://www.penghu-nsa.gov.tw/FileDownload/TravelInformation/NotSet/20140815081738032.jpg
Taiwan_Gov_OpenData_v2,attractions,Attraction_A15010200H_000133,網垵口沙灘,網垵口沙灘位於望安島南端貝殼砂灘潔淨而無汙染，弧形海灣綿延將近1 公里長。早期由於當地漁船停靠於此，在沙灘上曬網、補網，以及撒網捕魚之情景，故稱之為網垵口，目前已無船隻停泊，而成為當地孩童與遊客戲水的天堂。恬靜與清澈海水、金亮沙子，網垵口之沙灘與夜之美，像個詩人或戀人。若想體驗網垵口沙灘的美景，非得在望安住上一晚不可，也因為此海域之海水色調一日數變，因此被戲稱為「調酒海灘」。網垵口沙灘位於望安島南端貝殼砂灘潔淨而無汙染，弧形海灣綿延將近1公里長。早期由於當地漁船停靠於此，在沙灘上曬網、補網，以及撒網捕魚之情景，故稱之為網垵口，目前已無船隻停泊，而成為當地孩童與遊客戲水的天堂。恬靜與清澈海水、金亮沙子，網垵口之沙灘與夜之美，像個詩人或戀人。若想體驗網垵口沙灘的美景，非得在望安住上一晚不可，也因為此海域之海水色調一日數變，因此被戲稱為「調酒海灘」。 玩家秘笈 網垵口沙灘早期為望安傳統最大的漁船泊靠區，目前除可戲水、游泳、賞景、聽濤及觀星外，牽罟活動亦為遊客最佳的選擇。,望安鄉,網垵口沙灘,23.35598,119.50316,,,0.0,網垵口沙灘位於望安鄉，須搭船前往，自巿區南海遊艇碼頭（新營路25號）搭乘車船處交通船或民營快艇(僅旺季行駛)前往，船行時間約40分鐘，到達後騎乘機車前往。,,,https://www.penghu-nsa.gov.tw/FileDownload/TravelInformation/NotSet/20140815081351763.jpg
Taiwan_Gov_OpenData_v2,attractions,Attraction_A15010200H_000134,花宅聚落(中社村),花宅聚落是澎湖地區保存較完整的澎湖傳統聚落之一。漢人300多年前移民到此，先民觀察地形，周圍山丘環繞，宛如花瓣環繞著花心於是在花心，（山仔尾頂）附近墾地築屋，因此名為「花宅」。地理位置在望安鄉本島四個村落的中央，而更名為「中社」村。 花宅聚落是澎湖地區保存較完整的澎湖傳統聚落之一。漢人300多年前移民到此，先民觀察地形，周圍山丘環繞，宛如花瓣環繞著花心，於是在花心（山仔尾頂）附近墾地築屋，因此名為「花宅」。地理位置在望安鄉本島四個村落的中央，而更名為「中社」村。由於在地人口外流，古厝日見頹圮，花宅鄉親於民國94年成立「台灣花宅聚落古厝保存協會」，以喚起政府的重視。之後經澎湖縣政府公告為「望安花宅聚落」並進一步向文建會申請登入為「重要聚落」，目前刻正研擬再發展計畫中。 在花宅的古厝群中，最顯眼的莫過於曾家古厝其書卷造型的窗戶，像極微軟的註冊商標，還有紅磚裸砌成「曾」字型的窗櫺，如同開機的通關密碼般趣味。這是曾家子孫集資自費按原貌修護而成，保存先人產業令人敬佩。 追星景點 『往回看 青春的腳步不遠往前看 人生的風味更香眺望生命的真相』─「伯朗咖啡 澎湖篇」廣告片。 鋼琴聲伴隨著孩童的笑聲，光影與舞者的舞步交錯，風車、古厝、綠樹與天人菊，青春的爽朗笑聲與靦腆笑容、歷史印刻的斑駁石牆與古厝，碧海、藍天、紅花、白浪，都是澎湖的顏色。廣告片「Canon EOS 650D -澎湖篇」的光影巷弄及古厝的文字窗，看來，這是攝影者最愛的獵取畫面之一。,望安鄉,花宅聚落(中社村),23.37013,119.49601,,,0.0,1.花宅古厝（中社村）位於望安鄉，須搭船前往，自巿區南海遊艇碼頭搭乘車船處交通船或民營快艇（僅旺季行駛）前往，船行時間約40分鐘，到達後騎乘機車或搭乘遊覽車前往。,,,https://www.penghu-nsa.gov.tw/FileDownload/TravelInformation/NotSet/20140318113847797.jpg
Taiwan_Gov_OpenData_v2,attractions,Attraction_A15010200H_000135,天台山,海拔53公尺的天台山岡丘草原帶為望安島之最高峰，附近是澎湖著名文石產地，山四周草原平坦，偶有牛羊漫步，美景自然天成。天台山已成為眺望望安本島和對岸花嶼最佳的景點。天台山岩層主要為微輝長斑岩塊，其節理成片狀。西側海崖下有壯觀的玄武岩景觀，依循步道下至西邊海岸，可發現一處高達30公尺海蝕洞奇景，微輝長斑岩的節理之美與虎井、桶盤兩島之柱狀玄武岩景觀不同，天台山片狀交錯的節理形成美麗的「石花」。海拔53公尺的天台山岡丘草原帶為望安島之最高峰，附近是澎湖著名文石產地，山四周草原平坦，偶有牛羊漫步，美景自然天成。天台山已成為眺望望安本島和對岸花嶼最佳的景點。天台山岩層主要為微輝長斑岩塊，其節理成片狀。西側海崖下有壯觀的玄武岩景觀，依循步道下至西邊海岸，可發現一處高達30公尺海蝕洞奇景，微輝長斑岩的節理之美與虎井、桶盤兩島之柱狀玄武岩景觀不同，天台山片狀交錯的節理形成美麗的「石花」。,望安鄉,天台山,23.3807,119.49371,,,0.0,網垵口沙灘位於望安鄉，須搭船前往，自巿區南海遊艇碼頭搭乘車船處交通船或民營快艇(僅旺季行駛)前往，船行時間約40分鐘，到達後騎乘機車或搭乘遊覽車前往。,,,https://www.penghu-nsa.gov.tw/FileDownload/TravelInformation/NotSet/20140815082925735.JPG
Taiwan_Gov_OpenData_v2,attractions,Attraction_A15010200H_000136,鴛鴦窟、藏軍洞,「鴛鴦戲水-鴛鴦窟」位於望安島上東北方，是一座天然的山谷地形，傳說早期因多處的水窟，有鴛鴦在此戲水棲息而得名。外海則有狀似馬鞍的馬鞍山嶼為屏障，因此，在日據時代被日軍打造為重要海軍基地，其中「藏軍洞」就是此區殘存的歷史遺跡。「鴛鴦戲水-鴛鴦窟」位於望安島上東北方，是一座天然的山谷地形，傳說早期因多處的水窟，有鴛鴦在此戲水棲息而得名。外海則有狀似馬鞍的馬鞍山嶼為屏障，因此，在日治時代被日軍打造為重要海軍基地，其中「藏軍洞」就是此區殘存的歷史遺跡。西元1944年日軍奴役望安和將軍兩島的居民，進行挖鑿而成，作為海軍之魚雷快艇基地及特攻隊員的寢室。工程即將完成之際，日本宣布無條件投降，該處基地因此廢棄。多處洞穴早已崩塌，但依稀可見一些遺跡。,望安鄉,鴛鴦窟、藏軍洞,23.35742,119.50047,,,0.0,鴛鴦窟、藏軍洞位於望安鄉，須搭船前往，自巿區南海遊艇碼頭（新營路25號）搭乘車管處交通船或民營快艇（僅旺季行駛）前往，船行時間約40分鐘，到達後騎乘機車前往。,,,https://www.penghu-nsa.gov.tw/FileDownload/TravelInformation/NotSet/20160823163216593102815.jpg
Taiwan_Gov_OpenData_v2,attractions,Attraction_A15010200H_000137,將軍澳嶼,當地居民早年因採集珊瑚而致富，因此相當繁榮富庶，漁港街道上小樓房櫛比鱗次，頗有港市風情，而有「小香港」之美稱。當地居民早年因採集珊瑚而致富，因此相當繁榮富庶，漁港街道上小樓房櫛比鱗次，頗有港市風情，而有「小香港」之美稱。 和望安島只相隔一海浬的將軍澳嶼，面積雖然只有望安島五分之一，人口數卻接近望安本島。將軍澳嶼的居民早年因採集珊瑚、文石致富，因而十分繁榮，樓房林立，有著與其他島嶼不同的港都風情，所以有「小香港」、「小高雄」之稱。現在的居民多以捕魚維生，在島上的西側有一座將軍廟和永安宮、天后宮同為村民信仰中心，三座宮廟從其廟內裝飾及碑文便可窺見重修、改建都與漁業發展盛衰息息相關的歷史。 將軍澳嶼周邊有許多島嶼，東側海岸有因形狀像船帆而得名的「船帆嶼」，退潮時會與將軍澳嶼相連，是典型的陸連島，也因此被稱為「將門嶼」。還有像是無人的「忘憂島」，擁有美麗的珊瑚礁生態，可以在知名的浮潛景點金瓜仔礁探索海底世界，並體驗在無人島上遠離喧囂的露營！若是從將軍澳嶼坐船往南邊則可以抵達生態保護區的頭巾嶼，它有著一半黃色的火山角礫岩與一半黑色玄武岩的獨特景觀，在海蝕平台上會看見許多如小水塘的海洋潮池，含養著許多潮間帶的生物，潮池的生態也會隨著漲潮時淹沒潮池而有所改變。除此之外，島上還棲息許多不同種類的燕鷗，像是鳳頭蒼燕鷗、白眉燕鷗等候鳥都會在此停留，可以以巡航的方式在遠處觀察這些燕鷗喔！,望安鄉,將軍澳嶼,23.366623,119.527687,,,0.0,1.將軍澳需搭船前往。 2.上午時分可搭乘車船處交通船至望安後，轉搭計程船至將軍澳。 3.下午時分可搭乘光正6號前往將軍澳。 4.光正6號往返馬公-將軍澳-望安之間。 5.光正6號開船時間 每日14:30 馬公-將軍澳-望安；隔日07:00 望安-將軍澳-馬公,,,https://www.penghu-nsa.gov.tw/FileDownload/TravelInformation/NotSet/20140815082148108.JPG
Taiwan_Gov_OpenData_v2,attractions,Attraction_A15010200H_000138,第一賓館,第一賓館是日治時期的建築，有著和洋混合式的外觀，最初的貴賓館是日本政府為了紀念1908年在澎湖海域爆炸的松島艦上罹難的223名官兵，於是在1912年興建松島紀念館並附設貴賓館，主要作為招待日本皇族及高級官員的招待所。後來於1940年因為馬公第一漁港的興建，改建貴賓館到觀音亭北側高地，視野變得更加開闊。第一賓館是日治時期的建築，有著和洋混合式的外觀，最初的貴賓館是日本政府為了紀念1908年在澎湖海域爆炸的松島艦上罹難的223名官兵，於是在1912年興建松島紀念館並附設貴賓館，主要作為招待日本皇族及高級官員的招待所。後來於1940年因為馬公第一漁港的興建，改建貴賓館到觀音亭北側高地，視野變得更加開闊。 二次世界大戰後，國民政府接收貴賓館，蔣中正總統下榻後便從日式裝潢改成西式的起居空間，並興建一座地下戰時指揮所。在金門八二三炮戰時，這裡更是成為指揮作戰計畫的中心。在蔣中正總統遷回台北後便改稱為「第一賓館」。2011年，被公告為縣定古蹟的第一賓館在完成建築主體整修工程後，正式開放民眾參觀。現今，可以看見第一賓館入口處的玄關屋頂為「唐博風式」構造，入口玄關地面和牆面採用澎湖特有的貝殼砂。內部的空間則呈現「蔣公行館」的生活情境，外面還有靜謐優雅的的庭園，讓這座和洋混合式建築顯得格外雅致。,馬公市,介壽路15號,23.56881,119.56408,,,0.0,,,,https://www.penghu-nsa.gov.tw/FileDownload/TravelInformation/NotSet/20170425115034969212860.png
Taiwan_Gov_OpenData_v2,attractions,Attraction_A15010200H_000139,澎湖廳憲兵隊,澎湖廳憲兵隊經歷清、日治到國民政府時期的使用及改建，不僅在歷史意義、建築藝術性上都有獨特的風貌。周圍鄰近天后宮、順承門、篤行十村...等古蹟遺址，是喜歡探訪古蹟文化的遊客們最適合的一個景點。澎湖廳憲兵隊是保有澎湖當地風情的日式建築，位於澎湖縣馬公市西側，舊媽宮城內。澎湖廳憲兵隊主要建築為日式兩層磚木造建築物；日式宿舍擁有沐浴及取暖兩用的磚造煙囪。最特別的部分莫過於位在西邊使用玄武岩所製作的圍牆，前方並有一座地下水池。 澎湖廳憲兵隊原本是清朝的澎湖協鎮署，創建於清康熙年間（1684），光緒15（1889）年將協鎮署改為通判衙門時，只有對原有的屋舍做了一些必要修繕，並在署旁增建監房及化善所各一處；直到日治時期大正（1962）、昭和6（1931）年年間改為澎湖廳憲兵分隊時進行了大幅的修繕才擁有了現在的樣貌。民國34（1945）年國民政府時期，做為澎湖防衛司令部運輸組營區，直至民國47（1958）年為因應八二三金門砲戰的局勢才改組馬公港指揮部。 澎湖廳憲兵隊經歷清、日治到國民政府時期的使用及改建，不僅在歷史意義、建築藝術性上都有獨特的風貌。周圍也鄰近天后宮、順承門、篤行十村...等古蹟遺址，是喜歡探訪古蹟文化的遊客們最適合的一個景點。,馬公市,民族路22號,23.5651896,119.5639616,,,0.0,,,,https://www.penghu-nsa.gov.tw/FileDownload/TravelInformation/NotSet/20170426090743612909338.JPG
Taiwan_Gov_OpenData_v2,attractions,Attraction_A15010200H_000140,馬公金龜頭礮臺,昔日廝殺的煙硝已隨著時光荏苒為之消散，充滿歲月履痕的金龜頭礮臺如今已經過修復，帶著古老的故事及新面貌與遊客見面，於106年4月26日開放參觀。馬公金龜頭礮臺地當澎湖島西側的馬公半島極西，媽宮城西南門外，媽宮澳(今馬公灣)西南的龜頭山上，與大山嶼舊稱「蛇頭」的風櫃尾蛇頭山東西斜對，共扼馬公港門；於西元1887年由總兵吳宏洛所建，配備有七、十、十二吋口徑阿姆斯壯後膛砲各一門，與西嶼東臺、西臺同為全澎戰力最強大之砲台，本礮臺為劉銘傳新築九座砲台之一，不僅與西嶼西臺、西嶼東臺同時興建，同時是當時四座礮臺中最重要的一座，因而格外具有歷史價值。穹隆式兵房是金龜頭礮臺最主要的建築形式，也是澎湖地區砲台的特色。現在的金龜頭礮臺四周的土垣、砲台掩體、砲台底座、入口處的牌樓皆保存良好，土垣則使用澎湖最知名的玄武岩疊砌，以水泥作為黏結接合的材料。 昔日廝殺的煙硝已隨著時光荏苒為之消散，充滿歲月履痕的金龜頭礮臺如今已經過修復，帶著古老的故事及新面貌與遊客見面，於106年4月26日開放參觀；而鄰近的潘安邦故居、天后宮、順承門、篤行十村…等古蹟也是值得一遊的好所在，喜歡古蹟文化的遊客們絕對不能錯過。猶如小半島的金龜頭礮臺帶著一絲絲古意，在傍晚時分，隨著落日餘暉泛著柔光別有一番宜人的風情，是欣賞黃昏美景的勝地。 （圖片來源：澎湖縣政府文化局）,馬公市,介壽路7號,23.5641666,119.5607409,,,0.0,,,,https://www.penghu-nsa.gov.tw/FileDownload/TravelInformation/NotSet/20170425115334891087432.png
Taiwan_Gov_OpenData_v2,attractions,Attraction_A25000000E_000022,蔡廷蘭進士第,蔡廷蘭進士第為澎湖唯一一間進士宅第，在地稱之為「海上科名第一家」。蔡廷蘭進士第是蔡廷蘭高中進士後，返鄉起造為光宗耀祖。至今已有餘百年歷史，期間因後代無人居住及管理，以致宅第坍方塌落，近乎宅第上半的磚瓦全部坍方，蔡廷蘭為在地重要文化歷史，故澎湖縣文化局歷經多年與所有權人聯繫進行協商整合，最終於100-101年進行整修工程，並於102年開始開放參觀。蔡廷蘭出生於1801年，七歲能文，十三歲考中秀才，十四歲補為澎湖聽廩生，十五歲通過科考得鄉試資格。蔡廷蘭共四赴福州鄉試皆落榜，分別於十六歲、二十五歲、三十五歲、三十七歲，其中第三次赴福州鄉試落榜回澎時遭遇颱風，船隻飄抵越南，相傳當時越南王對蔡廷蘭熱情款待，不願使其離去，因而不願及時派船隻送蔡廷蘭返程，蔡廷蘭因日日思念家鄉母親而日漸消瘦，懇請越南王同意讓其由陸路返程，越南王見蔡廷蘭身體狀況欠佳才同意其請求。蔡廷蘭經由138天的徒步路程才抵達廈門搭船回澎，並將路途中的所見所聞、人文風景、旅途歷程皆記錄下來，返鄉後將其撰寫成《海南雜著》一書，是現今研究當時越南情勢的重要文獻，因此在其後擁有多達四種以上譯本。1837年蔡廷蘭三十七歲四赴福州鄉試高中舉人取得會試資格，並於四十四歲(1844)進京會試卻因「貢士覆試」被評為不列等，無法參加當年殿試。四十五歲(1845)時，因加開北京紫禁城保和殿乙巳恩科補殿試，再度赴京考試，考中二甲 61 名，賜進士出身，即用知縣，分發江西省。隔年(1846)回澎於舊宅旁興建「進士第」，並贈送澎湖天后宮一「功庇斯文」匾，感謝媽祖庇祐他們這些往返海上應考的文人旅程順利，成功歸來。蔡廷蘭於五十九歲(1859)，卒於江西省豐城縣知縣任內。蔡廷蘭進士地為一「一落四櫸頭」閩南式建築，屋脊以官宅形式燕尾脊起造，兩側廂房為圓形馬背式作法，宅第中其他建築起造手法與其他古厝民宅有所不同，如：過水庭、人丁字鋪磚、半天井、剪黏藝術、門印、三官六扇門等，皆為一般民宅無法所見到的建築手法。,馬公市,興仁里29號,23.55065,119.61155,,無,0.0,,,,https://map.culture.tw/com/upload/baseImage/2025-01-15/25059f50-67b0-467a-a32e-0ddf3436c04a/DSCF0081.jpg
Taiwan_Gov_OpenData_v2,attractions,Attraction_A25000000E_000026,先人種下的花—望安花宅聚落,明末，先民為了生活與生存，開始離開中國東南向海外尋找新的出路，大海茫茫，在航行的過程中，途經一座前所未知的島嶼，從海上看過去，島的地形起伏宛如一朵花的樣貌，這個地方或許能夠成為新生活的據點？於是先民的船隻更加駛近這座島，這海灣實在太適合做為船隻的依靠了！就這樣，擁有天然良港的這座島的這個地方，陸續開始有先民的船隻留下，這群人將這個地勢如同花朵的地方命名為「花宅」，以漁維生，同時開始向島陸開墾、慢慢認識這座島嶼，找出留在此生活的資源與條件，積累落地生根的資材，漸漸地，具備建築技術的匠師把原鄉的建築形式帶來這裡，運用這個地方能夠就地取材的優勢，因地制宜，配合地勢、風、水文、同一個家族的群居需求，於是，在這朵花之間的「宅」，慢慢地長出愈來愈完整的樣貌，宅與宅構成了巷道路徑，來自原鄉的信仰、一路護佑船隻平安渡海而來的媽祖娘娘安座在花心的位置，這座被稱為花心又名為山仔尾的長形山埔，被先民賦予了神聖性，因此在這聚落中心的高地上，沒有住屋也沒有田地。         島嶼近海的漁船，是落腳在此主要的維生方式，先民成為島民之後，跟隨時序，逐漸認識這座島周邊的海洋生態，為了處理夏季時節總能滿載而歸的臭肉鰮，在島上與海相鄰的地點，蓋了一座一座的魚灶，成為魚產加工製造的村落產業，同時也為村內的女性，在農作與潮間帶採集的日常家事之外，增加了一項補貼家計收入的工作機會。充滿魚鮮的炊煙在花宅的海邊此起彼落裊裊飄散，擺滿曬埕的竹架上整齊排列的熟魚在天日下準備曬成脯，等候裝箱送出島外販售，這是五零年代至七零年代時，花宅夏天的氣味，村人整日忙碌充實，大人與孩子都開心的時節。秋季進入冬季之後是土魠白腹的季節，討海的收入好壞與否就看這一冬的海了，夏季時收儲的蕃薯籤、菜乾、魚乾支持一家人的冬天，生活即使艱辛，敬神祭祖的心意不變，三牲之外，婦女用黑糖太白粉麵粉大灶炊粿，蓬萊米粹搓圓、捏雞母狗仔，在冬至這一天，謝神謝祖祈求家裡的船隻此冬漁獲滿載。五零年代以後，高雄的遠洋漁業豐厚的收入吸引了一直以來以海維生的花宅人，將自己從這座島所累積的海洋經驗帶離開這裡，漸漸地，這個地方成了這群人的故鄉，留下先民打下的基礎，自古以來的輪廓未曾改變，如巷道、水井，而建築物形式建材的變化，則演繹了這個地方的人文軌跡。,望安鄉,花宅130號,,,聚落戶外空間全天開放，上列開放時間為基地可提供預約服務時間，基地服務項目採預約制，請至少於預計到訪日一週前預約（恕不接受當日預約），暫停開放時將公告於基地網站。,詳情請上基地網站洽詢,0.0,,,,https://map.culture.tw/com/upload/baseImage/2025-01-03/2145a674-c18e-4f2e-867a-10b3fcfb081e/花宅聚落空拍.jpg
Taiwan_Gov_OpenData_v2,attractions,Attraction_A25000000E_000069,沿菊書店,沿菊書店，澎湖聚落文化創生故事館的行動。澎湖在移民史，產業，信仰，習俗等各方面一直以集村型態在個別聚落上獨立發展特色，再以聚落為單元進行交流，澎湖文化最基礎單元就是一個村。具辨識度的海島聚落文化，包含語言生活，信仰習俗，廟宇、菜宅、碼頭、建築配置等。過往澎湖文化的運作以聚落為單元，成就小區域文化主體性，競合與同化也都以聚落為單元進行，發展出如吉貝菜宅文化，赤崁丁香文化，南寮農耕文化，澎南漁業文化等。甚至婚俗也產生馬公炸棗文化，望安糋棗文化差異，這些聚落特色在過去以微型但有歷史觀的方式存在，隨著人口外移，世代文化斷層，區域變遷終結了獨立性，生活模式改變與流行文化的替代，澎湖聚落文化內涵快速消失。這一代的澎湖人結婚不發炸棗，日常飲食文化不吃魚乾，菜宅荒廢，古厝拆除，我們這一代在未來20年內將目睹澎湖聚落文化式微，這是可預見的，如果我們不採取行動，或採取的行動不夠精準。為了搶救澎湖聚落文化，國家與民間投入許多資源在社區營造，在議題描述，宣導教育，資料建構上都取得了成績，但談地方創生時，日本與歐美經驗正告訴我們地方創生的行動始於地方風格，但完成於產業營生的文化經濟模式。文化就是上一世代的生活，它在屬於它的時間軸上具備普遍性與價值，產生利的效應，對生活與生命有利，對經濟營生與社會發展有利，於是對文化保存採取行動，必也得讓瀕危消失的文化在當代也產生利他性與利己性，產生文化經濟才能創造普遍性，普及性被創造了文化就保存了。這是沿菊對於文化永續及地方創生的核心價值，透過文化經濟模式創造舊文化在當代的利他性與利己性，就是文化商業模式，這將事半功倍於文化復甦。沿菊在澎湖文化行動20年服膺於此，我們與許多社區整合，產出聚落文化經濟財，促成聚落文化朝營生模式發展，這也是本館設置的概念，協助澎湖聚落走向文化營生的孵化器，讓地方創生完成最後一哩路拼圖—文化營生。沿菊書店，座落在篤行十村歷史建築群內，為日式百年廳舍30坪建築，每年營運超過300日穩定服務。文創館現有機能包括走讀旅行，藝術創作展售，地方創生，社區產品開發與販售，講座與體驗工坊等，每年造訪8萬人次，合作社區與藝術家超過30案，長年投資文化實驗性行動，包含文創市集辦理，文創館2025更名澎湖聚落故事館後將可更具宏觀性。,馬公市,新復路1巷1號,23.56314,119.56076,,無,0.0,,,,https://map.culture.tw/com/upload/baseImage/2025-01-07/a7ee2227-ce62-4ae0-a90a-7e0cca0c220b/DSC_1111.jpg
Taiwan_Gov_OpenData_v2,attractions,Attraction_A25000000E_000093,澎湖龜壁港社,"位於澎湖縣湖西鄉的南寮村面積1,79平方公里，戶籍人口數約有700多人，實際長住的人數約150人左右。先民約於西元1630年前後陸續自閩南泉州移民澎湖，以半漁半農為業，古稱「龜壁港社」。保寧宮是聚落的中心信仰，廟中主祀保生大帝，迄今已有390多年歷史。先民以近海捕魚及農耕為主，部分居民是以水泥匠木匠營造雜工為業，隨著時代的轉變，農漁村社會逐漸轉型，傳統自給自足的生活已經無法滿足居民對於物質生活的需求，所以大多數南寮人為了得到更多的工作機會而到市區工作，或是移居到台灣本島高雄等地。社區從古至今保有諸多澎湖傳統農作生活樣貌，包括百年古井、營頭石敢當、滑輪取水、硓石菜宅、掠菅芒箄、魚灶、排列小硓石、曡柴捆、牛屎窟、牛犁田拉車，硓石古厝群以及疊砌菜宅的匠師、百歲師傅耆老等都是社區的特色，還有澎湖重要的無形文化資產──蒙面女郎。自民國100年起積極推動社區總體營造，人文資產保存及生活環境改善，參與縣府的規劃師空間營造競賽，新故鄉社區營造計畫，農委會水保局的窳陋空間改善計畫，完成農村再生培根計畫課程，執行環保署環保小學堂推廣計畫等。近幾年來，社區更以傳統文化為基底，將新概念注入傳統智慧和友善環境當中。社區保有這些文化特色，積極推動社區營造工作，將村子打造成低碳環保及環境教育場域，也進行文化復振，期望能夠喚起旅外遊子對於南寮的共同記憶與情感，並且讓全澎湖、全台灣的人都能再看見南寮，看見這一個純樸又美麗的村落，讓更多人一起來體驗南寮質樸之美。在社區營造的歷程中獲獎無數，主要如下:104年榮獲行政院環境保護署，第三屆國家環境教育獎─社區組優等105年執行行政院環保署「環保小學堂推廣計畫」經評比全國績優單位106年107年蟬聯榮獲Green Destinations Foundation頒發「全球百大綠色旅遊目的地」加入國際媒體永續旅行平台107年通過行政院環保署「澎湖南寮環境教育園區」設施場所認證107年代表湖西鄉獲選交通部觀光局小鎮漫遊景點107年考核通過行政院環保署低碳永續家園銀級獎109年通過農委會水保局優遊農村評鑑112年成為聯合國IPSI認證為國際里海案例112年參加2023 The Ninth IPSI Global Conference成為IPSI的年度精選案例113年榮獲行政院國家永續發展獎-民間團體類",湖西鄉,南寮村121-5號,23.5841,119.6712,預約,依體驗行程預約表10人成行,0.0,,,,https://map.culture.tw/com/upload/baseImage/2025-01-14/b474b03b-87ea-4e69-be19-0411e748f649/LINE_ALBUM_2024-0412（五）- 墾丁蛙趣孟薇_241021_1.jpg
Taiwan_Gov_OpenData_v2,attractions,Attraction_A25000000E_000094,離島出走 isle.travel studio,離島出走 isle.travel studio，位於澎湖古早魚味的出產地－紅羅魚灶。魚灶，在半世紀以前風靡全澎湖的漁產加工業，是經日治時期改良的澎湖傳統漁獲保存法「醃漬」與「晒乾」，並能大量處理漁獲製成魚乾的加工廠，澎湖幾乎各大小離島、村里皆有設廠。位於國家級青螺濕地旁的「永振發魚灶」，為洪氏家族所創立，基地含晒魚場面積約達100多坪，專門製成臭肉、四破、小管的魚脯，1995年因漁獲驟減、產值下降而停業，是澎湖群島中最具規模的魚灶之一。    早期的魚灶產業是不少澎湖人共同的回憶，年紀稍長一點，可能就有體會過長時間「站灶」的血汗，年紀輕一點，可能就有當過小貓偷吃魚或幫忙晒魚打零工的經驗。魚灶的工序繁瑣，「標魚、豉魚與洗魚、揀魚與排魚、煠魚與站灶、披魚與曝魚、裝箱與出口」等需要有大量的人力與分工才得以運作，因此每間魚灶都供給了不下二十、三十人的工作機會與溫飽，形成了一種「有錢大家賺」的漁村集體經濟，許多島民都是參與其中的要角。但沒能逃過時代淘汰的紅羅魚灶，從1961年開業至今歷經滄桑，僅剩零星的水泥柱與傾圮的灶台。2019年，由返鄉青年所組成的離島出走工作室發起魚灶修復計畫，經過三年多來串連政府、民間資源，與紅羅社區以「以修代租」的形式，從灶台、煙囪、魚寮、晒魚場逐步展開修復。       團隊參考村內另一座現存魚灶的外形，並藉由第一代創辦人洪金福阿公的口述記憶，盡可能依照原貌設計修復，將紅磚砌成下寬上窄，擁有順暢坡度、火路暢通，利於炊煙對流的煙囪。「魚寮」為存放煤炭與工具的空間，修復前僅剩水泥柱及兩面空心磚牆，團隊重新填挖地基改善水平，再以空心磚及木材作為主要建材，木構件呈現建築質樸的氛圍。有大型活動時，每一面雨淋板牆面都能以推拉的方式拆卸，底座的空心磚能作為臨時的座椅，讓空間彈性使用，從中也展現素有澎湖木工村之稱的傳統木作特色。         當魚灶完成修建，恢復了往日煮魚的功能時，我們邀請了曾在魚灶工作大半輩子的紅羅耆老們進行象徵性的開灶儀式，相隔數十年，紅羅村民又重新站到了灶台前，再度展演了一次記憶中熟悉的「站灶」流程。白煙升起，整個村子似乎都蔓延了海的鮮味與魚的香氣，被縷縷炊煙環繞的我們，似乎闖入了時空膠囊之中一起回到了魚灶盛行的年代，人手一隻剛起鍋的臭肉、四破魚，緬懷著童年滋味，那個家裡的瓦斯爐也無法復刻的味道。,湖西鄉,紅羅村魚灶,23.58708,119.64177,,現金／Line pay,0.0,,,,https://map.culture.tw/com/upload/baseImage/2025-01-15/988aed49-c0e2-4520-ba7f-db7b50040bed/A7409309＿地板修.jpg
Taiwan_Gov_OpenData_v2,restaurants,Restaurant_A15010200H_000001,望安 CAFE【馬公市】,鬧中取靜的望安茶坊，是一處能讓您ENJOY在JAZZ浪漫氣氛中的餐飲空間。鬧中取靜的望安茶房，是一處能讓您ENJOY在JAZZ浪漫氣氛中的餐飲空間。,馬公市,仁愛路2號,23.56503,119.56816,,,,,,,https://www.penghu-nsa.gov.tw/FileDownload/TravelInformation/NotSet/20140910103215442.JPG
Taiwan_Gov_OpenData_v2,restaurants,Restaurant_A15010200H_000002,美德西點麵包店(中華店)【馬公市】,美德的麵包種類繁多、蛋糕樣式多變，加上不斷創新的口味，讓美德在近年競爭激烈的麵包市場中，仍舊保有不敗地位。美德的麵包種類繁多、蛋糕樣式多變，加上不斷創新的口味，讓美德在近年競爭激烈的麵包市場中，仍舊保有不敗地位。 營業時間：08:00─22:00 電話:886-6-9263440 地址:澎湖縣馬公市中華路74號,馬公市,中華路74號,23.57093,119.57245,,,,,,,https://www.penghu-nsa.gov.tw/images/module/travel2/default_pic.jpg
Taiwan_Gov_OpenData_v2,restaurants,Restaurant_A15010200H_000003,傻愛莊【馬公市】,推薦菜色：傻愛莊蠻牛肉麵、傻愛莊珊瑚餅推薦菜色：傻愛莊蠻牛肉麵、傻愛莊珊瑚餅,馬公市,新生路14號,23.56775,119.56842,,,,,,,https://www.penghu-nsa.gov.tw/FileDownload/TravelInformation/NotSet/20140916165108808.JPG
Taiwan_Gov_OpenData_v2,restaurants,Restaurant_A15010200H_000004,胖達咖啡簡餐店【馬公市】,座落於公車總站旁，有明亮乾淨的大片落地窗及內部陳設，餐廳提供各式飲料、咖啡、簡餐。座落於公車總站旁，有明亮乾淨的大片落地窗及內部陳設，餐廳提供各式飲料、咖啡、簡餐。,馬公市,復國路25號,23.56742,119.56419,,,,,,,https://www.penghu-nsa.gov.tw/FileDownload/TravelInformation/NotSet/20140917104720485.JPG
Taiwan_Gov_OpenData_v2,restaurants,Restaurant_A15010200H_000005,玉冠嫩仙草【馬公市】,推薦菜色：翡翠嫩仙草冰整個冰磚都是濃濃的仙草哦~每口都是超級退火的清涼~,馬公市,民福路32號,23.566136,119.568551,,,,,,,https://www.penghu-nsa.gov.tw/FileDownload/TravelInformation/NotSet/20150217084611175.jpg
Taiwan_Gov_OpenData_v2,restaurants,Restaurant_A15010200H_000006,乾益堂藥膳蛋【馬公市】,使用十全大補的中藥材下去滷雞蛋，滷得十分入味，遠遠就可聞到四溢的中藥清香。使用十全大補的中藥材下去滷雞蛋，滷得十分入味的雞蛋，遠遠的就可聞到四溢的中藥清香。 推薦菜色：藥膳蛋,馬公市,中央街42號,23.56521,119.56495,,,,,,,https://www.penghu-nsa.gov.tw/FileDownload/TravelInformation/NotSet/20150211084703624.JPG
Taiwan_Gov_OpenData_v2,restaurants,Restaurant_A15010200H_000007,望安小吃部【望安鄉】,海鮮及簡單飯麵提供海鮮及簡單飯麵提供,望安鄉,東安村59號,23.35805,119.50352,,,,,,,https://www.penghu-nsa.gov.tw/FileDownload/TravelInformation/NotSet/20140910161414104.JPG
Taiwan_Gov_OpenData_v2,restaurants,Restaurant_A15010200H_000008,七美漁村餐廳【七美鄉】,漁村餐廳提供遊客海鮮合菜的選擇，也可提供人數少的客人簡單炒飯、炒麵料理。推薦菜色：三杯小管、涼拌珠螺、海膽炒蛋漁村餐廳提供遊客海鮮合菜的選擇，也可提供人數少的客人簡單炒飯、炒麵料理。推薦菜色：三杯小管、涼拌珠螺、海膽炒蛋，旺季及假日時段客人較多，人數較多建議先預約，以免久候,七美鄉,南港村18號,23.1972420617,119.4211192547,,,,,,,https://www.penghu-nsa.gov.tw/FileDownload/TravelInformation/NotSet/20140904171606864.JPG
Taiwan_Gov_OpenData_v2,restaurants,Restaurant_A15010200H_000009,阿霜小吃部【馬公市】,阿霜料理的海鮮講求原味，沒有華麗的裝飾與添加香料，希望讓每位上門的客人吃到道地的澎湖海鮮料理。推薦菜色：沙拉小管、貝殼湯、酸瓜魚阿霜料理的海鮮講求原味，沒有華麗的裝飾與添加香料，希望讓每位上門的客人吃到道地的澎湖海鮮料理。 推薦菜色：沙拉小管、貝殼湯、酸瓜魚,馬公市,125-28號,23.57063,119.57746,,,,,,,https://www.penghu-nsa.gov.tw/FileDownload/TravelInformation/NotSet/20171123145953820987213.JPG
Taiwan_Gov_OpenData_v2,restaurants,Restaurant_A15010200H_000010,馨鱻小館【湖西鄉】,推薦菜色：薑母鴨、各式小吃、江浙海鮮推薦菜色：薑母鴨、各式小吃、江浙海鮮,湖西鄉,隘門村16-9號,23.5642562,119.6354137,,,,,,,https://www.penghu-nsa.gov.tw/FileDownload/TravelInformation/NotSet/20140910164057404.JPG
Taiwan_Gov_OpenData_v2,restaurants,Restaurant_A15010200H_000011,榕園小吃部【白沙鄉】,推薦菜色：海鮮炒麵、炒絲瓜、涼拌鐘螺、小管沙拉、海膽炒蛋、酸菜(石老)頭榕園小吃部位於通梁古榕樹往跨海大橋的小路旁，小小的店面卻已經有26年歷史。 用料實在、價錢公道。 推薦菜色：海鮮炒麵、炒絲瓜、涼拌鐘螺、小管沙拉、海膽炒蛋、酸菜(石老)頭。,白沙鄉,通梁村177-2號,23.65714,119.55552,,,,,,,https://www.penghu-nsa.gov.tw/FileDownload/TravelInformation/NotSet/20140912160438911.JPG
Taiwan_Gov_OpenData_v2,restaurants,Restaurant_A15010200H_000012,桃太郎日本料理【馬公市】,新鮮紮實的食材、公道的價格。 推薦菜色：鍋燒麵、奶油雞肉燒、蝦堡新鮮紮實的食材、公道的價格。 推薦菜色：鍋燒麵、奶油雞肉燒、蝦堡,馬公市,中正路7巷7號,23.56588,119.56467,,,,,,,https://www.penghu-nsa.gov.tw/FileDownload/TravelInformation/NotSet/20150306144742524.jpg
Taiwan_Gov_OpenData_v2,restaurants,Restaurant_A15010200H_000013,阿東餐廳【馬公市】,在澎湖吃外燴辦桌幾乎就是吃阿東的辦桌菜色，阿東開了餐廳，份量十足，絕對足以應付一桌客人撐漲肚子。在澎湖吃外燴辦桌幾乎就是吃阿東的辦桌菜色，阿東開了餐廳，份量十足，絕對足以應付一桌客人撐漲肚子。 推薦菜色：冷盤、清蒸石斑、龍蝦三明治、絲瓜丸子湯,馬公市,新店路6巷6號,23.5693,119.57302,,,,,,,https://www.penghu-nsa.gov.tw/FileDownload/TravelInformation/NotSet/20140917113230728.JPG
Taiwan_Gov_OpenData_v2,restaurants,Restaurant_A15010200H_000014,香亭土魠魚羹【馬公市】,店家每天選用新鮮肥腴的土魠魚，添加香料醃製後，裹上番薯粉現炸，呈現香酥馨熱的口感；之後再盛入由扁魚、烏醋、高麗菜等調成的清甜羹湯即成。店家每天選用新鮮肥腴的土魠魚，添加香料醃製後，裹上番薯粉現炸，呈現香酥馨熱的口感；之後再盛入由扁魚、烏醋、高麗菜等調成的清甜羹湯即成。,馬公市,文康街21號,23.567967,119.567017,,,,,,,https://www.penghu-nsa.gov.tw/FileDownload/TravelInformation/NotSet/20150305094437350.JPG
Taiwan_Gov_OpenData_v2,restaurants,Restaurant_A15010200H_000015,機場老牌牛肉麵【馬公市】,"店名取為「機場」，係因老闆張銀安早年曾在民航局餐廳賣牛肉麵之故。招牌為味醇道地的湖北口味牛肉麵，以及麵Q肉爛的排骨麵。店名取為""機場""，係因老闆張銀安早年曾在民航局餐廳賣牛肉麵之故。招牌為味醇道地的湖北口味牛肉麵，以及麵Q肉爛的排骨麵。",馬公市,民福路46號,23.566485,119.568661,,,,,,,https://www.penghu-nsa.gov.tw/FileDownload/TravelInformation/NotSet/20140911170852013.JPG
Taiwan_Gov_OpenData_v2,restaurants,Restaurant_A15010200H_000016,致仙飲食店【望安鄉】,台菜餐館提供各式海鮮台菜餐館提供各式海鮮,望安鄉,東安村24號,23.35644,119.502592,,,,,,,https://www.penghu-nsa.gov.tw/FileDownload/TravelInformation/NotSet/20140910161710841.JPG
Taiwan_Gov_OpenData_v2,restaurants,Restaurant_A15010200H_000017,龍門海鮮【湖西鄉】,各式海鮮、台菜餐廳各式海鮮、台菜餐廳,湖西鄉,龍門村５８－２號,23.564297,119.673128,,,,,,,https://www.penghu-nsa.gov.tw/FileDownload/TravelInformation/NotSet/20140912171450199.JPG
Taiwan_Gov_OpenData_v2,restaurants,Restaurant_A15010200H_000018,韓湘館【白沙鄉】,以海鮮合菜為主，由於靠赤崁碼頭，漁獲相當的多，所以在價格上非常的便宜，不過夏天時由於團體客人頗多，散客如果要在此吃飯建議要事先預約。以海鮮合菜為主，由於靠赤崁碼頭，漁獲相當的多，所以在價格上非常的便宜，不過夏天時由於團體客人頗多，散客如果要在此吃飯建議要事先預約。,白沙鄉,赤崁村9-1號,23.66511,119.6001,,,,,,,https://www.penghu-nsa.gov.tw/FileDownload/TravelInformation/NotSet/20140911152951787.JPG
Taiwan_Gov_OpenData_v2,restaurants,Restaurant_A15010200H_000019,自由冰品【白沙鄉】,澎湖仙人掌冰開業至今深受本地人喜愛， 觀光客更聞名蜂踴而來， 各種澎湖名產原料批發零售澎湖仙人掌冰開業至今深受本地人喜愛， 觀光客更聞名蜂踴而來， 各種澎湖名產原料批發零售,白沙鄉,通梁村39-1號,23.65631,119.55709,,,,,,http://bizph.com/freeice/,https://www.penghu-nsa.gov.tw/FileDownload/TravelInformation/NotSet/20171030182204059723860.JPG
Taiwan_Gov_OpenData_v2,restaurants,Restaurant_A15010200H_000020,易家仙人掌冰【白沙鄉】,澎湖仙人掌冰創始店，易家仙人掌冰，原汁原味，冰涼中的酸甜滋味，帶給您最好的澎湖夏日美味。澎湖仙人掌冰創始店，易家仙人掌冰，原汁原味，冰涼中的酸甜滋味，帶給您最好的澎湖夏日美味。 這是仙人掌冰的發明人喔，他們的冰，真的是道道地地，每一口冰，都可以讓你吃到澎湖豔夏的滋味，還有老闆真實誠懇的心意。,白沙鄉,通梁村191-2號,23.657406,119.555274,,,,,,http://bizph.com/iga/,https://www.penghu-nsa.gov.tw/FileDownload/TravelInformation/NotSet/20150211084352233.JPG
Taiwan_Gov_OpenData_v2,restaurants,Restaurant_A15010200H_000021,西嶼台菜海鮮餐廳【西嶼鄉】,台菜及海鮮餐廳台菜及海鮮餐廳,西嶼鄉,池西村176-3號,23.59866,119.5054,,,,,,,https://www.penghu-nsa.gov.tw/FileDownload/TravelInformation/NotSet/20140917143836786.JPG
Taiwan_Gov_OpenData_v2,restaurants,Restaurant_A15010200H_000022,可口冰城【西嶼鄉】,"澎湖可口冰城以有刺總統冰聞名,運用各式澎湖名特產天然野生植物如仙人掌,研發富含營養素之冰品,多家媒體報章雜誌報導,總統先生也來嚐鮮,另設澎湖名特產品展售澎湖可口冰城以有刺總統冰聞名,運用各式澎湖名特產天然野生植物如仙人掌,研發富含營養素之冰品,多家媒體報章雜誌報導,總統先生也來嚐鮮,另設澎湖名特產品展售 萬物齊漲，製冰原物料平均漲幅達80%，為感謝遠道來本店惠顧的消費者，自行研發的冰品維持原售價不調漲。",西嶼鄉,大池村130號,23.6118,119.5145,,,,,,http://bizph.com/069981145/,https://www.penghu-nsa.gov.tw/FileDownload/TravelInformation/NotSet/20150305094244913.JPG
Taiwan_Gov_OpenData_v2,restaurants,Restaurant_A15010200H_000023,清心飲食店【西嶼鄉】,推薦菜色：生海膽、魷魚生片、香酥炸大蝦、海鮮炒飯推薦菜色：生海膽、魷魚生片、香酥炸大蝦、海鮮炒飯,西嶼鄉,池東村40-4號,23.6008,119.5083,,,,,,,https://www.penghu-nsa.gov.tw/FileDownload/TravelInformation/NotSet/20150306163325661.jpg
Taiwan_Gov_OpenData_v2,restaurants,Restaurant_A15010200H_000024,阿虹仙人掌專賣店【西嶼鄉】,仙人掌果汁做成的果肉果醬，冰涼後再加入碎冰，上頭再有一球仙人掌冰淇淋，就是一杯清流可口的仙人掌冰，紫紅色的視覺媚惑，冰涼中的酸甜滋味，令人久久難忘回味無窮。仙人掌果汁做成的果肉果醬，冰涼後再加入碎冰，上頭再有一球仙人掌冰淇淋，就是一杯清涼可口的仙人掌冰，紫紅色的視覺媚惑，冰涼中的酸甜滋味，令人久久難忘回味無窮。,西嶼鄉,小門村11-5號,23.65351,119.5177,,,,,,,https://www.penghu-nsa.gov.tw/FileDownload/TravelInformation/NotSet/20150629150715851.JPG
Taiwan_Gov_OpenData_v2,restaurants,Restaurant_A15010200H_000025,蒙地卡羅咖啡館【馬公市】,在澎湖堪稱咖啡簡餐館的元老級店家，藏身巷弄，小小的空間內，深褐色的裝潢十分溫暖。在澎湖堪稱咖啡簡餐館的元老級店家，藏身巷弄，小小的空間內，深褐色的裝潢十分溫暖。 推薦：慾望之塔、鱈魚排、咖啡&茶,馬公市,民生路17-4號,23.56717,119.567,,,,,,,https://www.penghu-nsa.gov.tw/FileDownload/TravelInformation/NotSet/20140911171959133.JPG
Taiwan_Gov_OpenData_v2,restaurants,Restaurant_A15010200H_000026,京典粵菜海鮮館【馬公市】,京典奧菜海鮮館是一個有中式料理、粵菜、港式飲茶的粵菜海鮮館。京典奧菜海鮮館是一個有中式料理、粵菜、港式飲茶的粵菜海鮮館。,馬公市,臨海路1-2號,23.564725,119.569007,,,,,,,https://www.penghu-nsa.gov.tw/FileDownload/TravelInformation/NotSet/20140917135909753.JPG
Taiwan_Gov_OpenData_v2,restaurants,Restaurant_A15010200H_000027,長進餐廳【馬公市】,澎湖漁鄉代代相傳的家鄉美食，和海鮮脫不了關係， 不管海鮮饕客，還是美食主義者，來到澎湖，除了享受原味的海鮮大餐之外， 更別忘了嚐嚐具有當地風味的家常菜餚。澎湖漁鄉代代相傳的家鄉美食，和海鮮脫不了關係， 不管海鮮饕客，還是美食主義者，來到澎湖，除了享受原味的海鮮大餐之外， 更別忘了嚐嚐具有當地風味的家常菜餚。 推薦菜色：紅蟳粥、蜜汁雞腿、金瓜炒米粉、生吃海膽,馬公市,民族路９號,23.563869,119.563651,,,,,,,https://www.penghu-nsa.gov.tw/FileDownload/TravelInformation/NotSet/20140917113410868.JPG
Taiwan_Gov_OpenData_v2,restaurants,Restaurant_A15010200H_000028,印地安平價活海鮮【馬公市】,「印地安燒烤海鮮」由一對澎湖年輕夫婦經營，為改變大眾對澎湖海鮮昂貴的印象，訴求平價，以自行裝潢、買多少賣多少的方式經營外，也不招攬團體遊客。「印地安燒烤海鮮」由一對澎湖年輕夫婦經營，為改變大眾對澎湖海鮮昂貴的印象，訴求平價，以自行裝潢、買多少賣多少的方式經營外，也不招攬團體遊客。,馬公市,海埔路２７號,23.566274,119.569085,,,,,,https://www.facebook.com/澎湖印地安平價活海鮮餐廳-213303375365600/,https://www.penghu-nsa.gov.tw/FileDownload/TravelInformation/NotSet/20140917145312317.JPG
Taiwan_Gov_OpenData_v2,restaurants,Restaurant_A15010200H_000029,富國海鮮川菜胡椒小吃【馬公市】,各式海鮮、台菜餐廳各式海鮮、台菜餐廳,馬公市,新生路８６巷１５弄２０號,23.568683,119.573044,,,,,,,https://www.penghu-nsa.gov.tw/FileDownload/TravelInformation/NotSet/20140916173210255.JPG
Taiwan_Gov_OpenData_v2,restaurants,Restaurant_A15010200H_000030,老街香味麵館【白沙鄉】,各式海鮮、台菜餐廳各式海鮮、台菜餐廳,白沙鄉,吉貝村79號,23.74245,119.61279,,,,,,,https://www.penghu-nsa.gov.tw/FileDownload/TravelInformation/NotSet/20171122094535231301249.JPG
Taiwan_Gov_OpenData_v2,restaurants,Restaurant_A15010200H_000031,珍海味活海鮮【馬公市】,各式海鮮、台菜餐廳各式海鮮、台菜餐廳,馬公市,海埔路１４號,23.56578,119.5688,,,,,,,https://www.penghu-nsa.gov.tw/FileDownload/TravelInformation/NotSet/20140917105015132.JPG
Taiwan_Gov_OpenData_v2,restaurants,Restaurant_A15010200H_000032,朝昔廬客棧【馬公市】,朝昔廬位於澎湖市區和環島公路交界點，外觀看起來古色古香，以鐵製菜盤組成的創意招牌，引人興趣；內部擺放老式挫冰機、古董海報或是早期的彈珠檯，讓這家特色食堂從外觀到內部陳設，充滿濃郁古早味。朝昔廬的每樣菜色，都結合了當地傳統食材做發揮，加上老闆的創意，打造出獨有的美味料理，如完美組合了糯米綿密口感和大蛤鮮味的大蛤米，將糯米包入大蛤內送上桌，讓人忍不住一個接一個吃下肚。朝昔廬位於澎湖市區和環島公路交界點，外觀看起來古色古香，以鐵製菜盤組成的創意招牌，引人興趣；內部擺放老式挫冰機、古董海報或是早期的彈珠檯，讓這家特色食堂從外觀到內部陳設，充滿濃郁古早味。朝昔廬的每樣菜色，都結合了當地傳統食材做發揮，加上老闆的創意，打造出獨有的美味料理，如完美組合了糯米綿密口感和大蛤鮮味的大蛤米，將糯米包入大蛤內送上桌，讓人忍不住一個接一個吃下肚。,馬公市,安宅里200號,23.582481,119.606264,,,,,,https://zh-tw.facebook.com/ChaoXiLu/,https://www.penghu-nsa.gov.tw/FileDownload/TravelInformation/NotSet/20140916170844650.JPG
Taiwan_Gov_OpenData_v2,restaurants,Restaurant_A15010200H_000033,小紅莓小吃部【馬公市】,位於馬公市區內台菜餐廳提供各式海鮮位於馬公市區內台菜餐廳提供各式海鮮,馬公市,重慶里海埔路17號1F,23.565971,119.568844,,,,,,,https://www.penghu-nsa.gov.tw/FileDownload/TravelInformation/NotSet/20171123115249744204358.JPG
Taiwan_Gov_OpenData_v2,restaurants,Restaurant_A15010200H_000034,六六八海鮮餐廳【馬公市】,「澎湖餐廳．澎湖668海鮮餐廳」原創於2002年的66西餐廳，擁有6位專業、細心料理的廚師為客人服務，在老闆秉持物美價廉好吃又可口的理念下，每天清晨親自前往第三漁港挑選訂購現撈的生猛海鮮，減少關關中繼商的成本剝奪，以薄利多銷的方式，讓饕客們都可以平價享受到為美味的海鮮料理。「澎湖餐廳．澎湖668海鮮餐廳」原創於2002年的66西餐廳，擁有6位專業、細心料理的廚師為客人服務，在老闆秉持物美價廉好吃又可口的理念下，每天清晨親自前往第三漁港挑選訂購現撈的生猛海鮮，減少關關中繼商的成本剝奪，以薄利多銷的方式，讓饕客們都可以平價享受到為美味的海鮮料理。,馬公市,信義路９巷３６號１樓,23.5714,119.5679,,,,,,https://www.facebook.com/668海鮮餐廳-797612990402766/,https://www.penghu-nsa.gov.tw/FileDownload/TravelInformation/NotSet/20150306113751639.JPG
Taiwan_Gov_OpenData_v2,restaurants,Restaurant_A15010200H_000035,好朋友素食屋【馬公市】,在澎湖屬於歷史悠久的老牌素食店，素食料理販售各種素食套餐，也有販售素食便當在澎湖屬於歷史悠久的老牌素食店，素食料理販售各種素食套餐，也有販售素食便當。,馬公市,三多路３２０號,23.57727,119.57231,,,,,,,https://www.penghu-nsa.gov.tw/FileDownload/TravelInformation/NotSet/20140917144410964.JPG
Taiwan_Gov_OpenData_v2,restaurants,Restaurant_A15010200H_000036,海世界小吃部【馬公市】,海世界餐廳專營團體合菜，歡迎各級團體訂餐。海世界餐廳專營團體合菜，歡迎各級團體訂餐。,馬公市,漁隆路50號2樓,23.565718,119.569874,,,,,,,https://www.penghu-nsa.gov.tw/FileDownload/TravelInformation/NotSet/20171123150138261754904.JPG
Taiwan_Gov_OpenData_v2,restaurants,Restaurant_A15010200H_000037,龍星餐廳【馬公市】,龍星餐廳，創立於民國83年，為澎湖當地著名的宴會餐廳，亦是十二年之老店，師傅是總鋪料理的老手，提供的各式菜色既道地又好吃，培養了不少老顧客，店家也將多年的老舊裝潢重新改變，有老店新開的味道，希望以全新裝潢吸引更多客人。龍星餐廳，創立於民國83年，為澎湖當地著名的宴會餐廳，亦是十二年之老店，師傅是總鋪料理的老手，提供的各式菜色既道地又好吃，培養了不少老顧客，店家也將多年的老舊裝潢重新改變，有老店新開的味道，希望以全新裝潢吸引更多客人。 招牌及外觀雖很像高級餐廳，但是卻是平價的消費。改裝後的室內，寬敞、明亮，非常適合全家人或遊客一起來這用餐。,馬公市,中興里治平路15-6號 ,23.56947,119.56789,,,,,,,https://www.penghu-nsa.gov.tw/FileDownload/TravelInformation/NotSet/20150306163421537.jpg
Taiwan_Gov_OpenData_v2,restaurants,Restaurant_A15010200H_000038,港口土魠魚羹【馬公市】,道地土魠魚羹，嚴選魚肉，獨特配方;法式總匯，讚不絕口；傳統小吃，美味不在話下；團體訂餐享有超優惠，還有外送服務。道地土魠魚羹，嚴選魚肉，獨特配方;法式總匯，讚不絕口；傳統小吃，美味不在話下；團體訂餐享有超優惠，還有外送服務。,馬公市,民生路24號,23.56753,119.56696,,,,,,,https://www.penghu-nsa.gov.tw/FileDownload/TravelInformation/NotSet/20171123113130322354338.JPG
Taiwan_Gov_OpenData_v2,restaurants,Restaurant_A15010200H_000039,我家牛排館【馬公市】,"我家牛排位於馬公港務大樓旁,西餐平價化及多元選擇,樣樣用心料理回饋大眾;精巧佈置,讓您享有高品質服務,溫馨與舒適的體驗全面舒適的用餐環境。我家牛排位於馬公港務大樓旁,西餐平價化及多元選擇,樣樣用心料理回饋大眾;精巧佈置,讓您享有高品質服務,溫馨與舒適的體驗全面舒適的用餐環境。",馬公市,中山路63號,23.56341,119.56493,,,,,,,https://www.penghu-nsa.gov.tw/FileDownload/TravelInformation/NotSet/20140917143353559.JPG
Taiwan_Gov_OpenData_v2,restaurants,Restaurant_A15010200H_000040,紅瓦小棧餐廳【馬公市】,經濟小吃、團體便餐、各式海鮮經濟小吃、團體便餐、各式海鮮,馬公市,石泉里15-1號,23.5564,119.5952,,,,,,https://www.facebook.com/紅瓦小棧餐廳-1015012998532926/,https://www.penghu-nsa.gov.tw/FileDownload/TravelInformation/NotSet/20150306162157975.jpg
Taiwan_Gov_OpenData_v2,restaurants,Restaurant_A15010200H_000041,花菜干人文懷舊餐館【馬公市】,花菜干是以澎湖傳統古厝重新打造成特色餐廳，正廳左右各有相對稱的獨立用餐空間，屋外則是咾咕石的庭院圍牆，極為古樸。花菜干是以澎湖傳統古厝重新打造成特色餐廳，正廳左右各有相對稱的獨立用餐空間，屋外則是咾咕石的庭院圍牆，極為古樸。 推薦菜色：小管煎蛋、石鮔排骨湯、酸瓜炒肉、悶魚醬,馬公市,東文里4-2號,23.56448,119.587,,,,,,,https://www.penghu-nsa.gov.tw/FileDownload/TravelInformation/NotSet/20140917115525475.JPG
Taiwan_Gov_OpenData_v2,restaurants,Restaurant_A15010200H_000042,嘉賓海鮮川菜館【馬公市】,道地川味、大宴小酌、應時海鮮、可口實惠、親切服務。道地川味、大宴小酌、應時海鮮、可口實惠、親切服務。,馬公市,明路53號,23.5663,119.56514,,,,,,,https://www.penghu-nsa.gov.tw/FileDownload/TravelInformation/NotSet/20140916141759958.JPG
Taiwan_Gov_OpenData_v2,restaurants,Restaurant_A15010200H_000043,自強餐廳【馬公市】,"本餐廳在澎湖為餐飲界招牌老店之一，並榮獲優良餐飲，做的是澎湖最道地最傳統的風味菜，價錢公道，經濟實惠。本餐廳在澎湖為餐飲界招牌老店之一， 並榮獲優良餐飲,做的是澎湖最道地最傳統的風味菜， 價錢公道,經濟實惠， 菜色符合色、香、味具全,具有健康概念。 提供道地澎湖海鮮，經濟小吃，並有包辦團體會餐,喜慶宴客，到府外燴服務!",馬公市,信義路43號,23.57237,119.56839,,,,,,http://penhu.net/9270143/index.html,https://www.penghu-nsa.gov.tw/FileDownload/TravelInformation/NotSet/20140917144044975.JPG
Taiwan_Gov_OpenData_v2,restaurants,Restaurant_A15010200H_000044,巴里園【馬公市】,"澎湖歷史最老的咖啡館, 比台北市頗負盛名的老樹咖啡還早了二十年, 雋永的懷舊氣質,讓您享受香醇咖啡及優美名曲。澎湖歷史最老的咖啡館, 比台北市頗負盛名的老樹咖啡還早了二十年, 雋永的懷舊氣質,讓您享受香醇咖啡及優美名曲。",馬公市,民權路61號,23.56537,119.56753,,,,,,https://zh-tw.facebook.com/1957paris,https://www.penghu-nsa.gov.tw/FileDownload/TravelInformation/NotSet/20140917145713111.JPG
Taiwan_Gov_OpenData_v2,restaurants,Restaurant_A15010200H_000045,鐘記燒餅【馬公市】,"位於文康商圈,有別於一般中式傳統早餐店,首度將中式傳統燒餅及西式早點作完美結合,水缸烘烤,特殊燒餅做法,脆中帶軟,口感極佳,並可搭配成中西式早點喲!!本店位於文康商圈,有別於一般中式傳統早餐店,首度將中式傳統燒餅及西式早點作完美結合,水缸烘烤,特殊燒餅做法,脆中帶軟,口感極佳,並可搭配成中西式早點喲!!",馬公市,文康街35號,23.568452,119.566998,,,,,,,https://www.penghu-nsa.gov.tw/FileDownload/TravelInformation/NotSet/20140910171531024.JPG
Taiwan_Gov_OpenData_v2,restaurants,Restaurant_A15010200H_000046,華珍活海鮮【馬公市】,經濟小吃、團體便餐、各式海鮮經濟小吃、團體便餐、各式海鮮,馬公市,三民路2號,23.56615,119.56949,,,,,,,https://www.penghu-nsa.gov.tw/FileDownload/TravelInformation/NotSet/20140916165640101.JPG
Taiwan_Gov_OpenData_v2,restaurants,Restaurant_A15010200H_000047,日新餐廳【馬公市】,推薦菜色：紫菜炒冬粉、海鱷生魚片、烤象魚乾推薦菜色：紫菜炒冬粉、海鱷生魚片、烤象魚乾,馬公市,石泉里24之20號,23.55787,119.5934,,,,,,,https://www.penghu-nsa.gov.tw/FileDownload/TravelInformation/NotSet/20171123115347523766084.JPG
Taiwan_Gov_OpenData_v2,restaurants,Restaurant_A15010200H_000048,漁翁海鮮小吃【馬公市】,各式海鮮、台菜餐廳經濟小吃、團體便餐、各式海鮮,馬公市,仁愛路6號,23.56502,119.567953,,,,,,,https://www.penghu-nsa.gov.tw/FileDownload/TravelInformation/NotSet/20150305093654632.JPG
Taiwan_Gov_OpenData_v2,restaurants,Restaurant_A15010200H_000049,來福海鮮餐廳【馬公市】,道地澎湖生猛海鮮，如石老魚頭炒酸菜、紅燒象魚干豆腐、珠螺涼拌等等各式海鮮小吃應有盡有，來澎湖絕對不能錯過的海鮮餐廳，歡迎您的光臨。道地澎湖生猛海鮮，如石老魚頭炒酸菜、紅燒象魚干豆腐、珠螺涼拌等等各式海鮮小吃應有盡有，來澎湖絕對不能錯過的海鮮餐廳，歡迎您的光臨。,馬公市,新村路43號,23.570084,119.569412,,,,,,,https://www.penghu-nsa.gov.tw/FileDownload/TravelInformation/NotSet/20171123120042948043303.JPG
Taiwan_Gov_OpenData_v2,restaurants,Restaurant_A15010200H_000050,弗洛伊得 音樂‧廚房【馬公市】,澎湖本地最老字號的PUB，道地的調酒，正點的裝潢，加上親切活潑又開朗的服務人員，還有MUSIC！旅遊後的夜晚，讓心靈再一次釋放於不同的次元。澎湖本地最老字號的PUB，道地的調酒，正點的裝潢，加上親切活潑又開朗的服務人員，還有MUSIC！旅遊後的夜晚，讓心靈再一次釋放於不同的次元。 推薦：絕對掛、麻辣肥腸,馬公市,新生路2號,23.56754,119.56813,,,,,,https://www.facebook.com/bar.freud/?rf=1060645547335427,https://www.penghu-nsa.gov.tw/FileDownload/TravelInformation/NotSet/20140917145425016.JPG
Taiwan_Gov_OpenData_v2,restaurants,Restaurant_A15010200H_000051,合苑小吃部【馬公市】,明亮舒適的川菜海鮮餐廳，熟客聚餐的最愛。沒有海產擔的擁擠嘈雜，卻有同樣生猛新鮮的澎湖海味。平實的價格，明確的標價，讓您可以安心的享用一餐豐富的澎湖美味。明亮舒適的川菜海鮮餐廳，熟客聚餐的最愛。沒有海產攤的擁擠嘈雜，卻有同樣生猛新鮮的澎湖海味。平實的價格，明確的標價，讓您可以安心的享用一餐豐富的澎湖美味。,馬公市,重慶里海埔路13、15號1-2樓,23.565829,119.568688,,,,,,,https://www.penghu-nsa.gov.tw/FileDownload/TravelInformation/NotSet/20150306144225448.JPG
Taiwan_Gov_OpenData_v2,restaurants,Restaurant_A15010200H_000052,找食間【馬公市】,週四公休，不要白跑一趟哦,馬公市,信義路73號,23.57356,119.56867,,,,,,https://www.facebook.com/lookingforfood/,https://www.penghu-nsa.gov.tw/images/module/travel2/default_pic.jpg
Taiwan_Gov_OpenData_v2,restaurants,Restaurant_A15010200H_000053,Lun pastry - 倫宅烘焙坊【馬公市】,歐式麵包、各式塔類、吐司、伴手禮,馬公市,文光路108-1號,23.57453,119.5707,,,,,,https://zh-tw.facebook.com/lunpastry/,https://www.penghu-nsa.gov.tw/images/module/travel2/default_pic.jpg
Taiwan_Gov_OpenData_v2,restaurants,Restaurant_A15010200H_000054,藍21咖啡輕食【馬公市】,蛋餅及澎湖燒為現點現煎,馬公市,陽明路115號,23.57368,119.57165,,,,,,https://zh-tw.facebook.com/BLUE21COFFEE/,https://www.penghu-nsa.gov.tw/images/module/travel2/default_pic.jpg
Taiwan_Gov_OpenData_v2,restaurants,Restaurant_A15010200H_000055,享吃飯糰【馬公市】,來北辰市場吃早餐！創意日式飯糰包入炸蝦、唐揚雞、泡菜燒肉等豐富內餡，口味多元又有飽足感，其中炸蝦飯糰更是人氣冠軍。,馬公市,大智街28號,23.57137,119.5708,,,,,,https://zh-tw.facebook.com/享吃飯糰-767088286769931/,https://www.penghu-nsa.gov.tw/images/module/travel2/default_pic.jpg
Taiwan_Gov_OpenData_v2,restaurants,Restaurant_A15010200H_000056,味良し壽司【馬公市】,北辰市場味良し壽司日本料理,馬公市,大智街24巷27弄1號,23.57163,119.5713,,,,,,https://www.facebook.com/味良し-1116874698369717/,https://www.penghu-nsa.gov.tw/images/module/travel2/default_pic.jpg
Taiwan_Gov_OpenData_v2,restaurants,Restaurant_A15010200H_000057,車庫麵線【馬公市】,車庫麵線位在三多路22號旁邊的車庫,馬公市,三多路22號,23.57474,119.58002,,,,,,https://www.facebook.com/%E8%BB%8A%E5%BA%AB%E9%BA%B5%E7%B7%9A-397778063748670/,https://www.penghu-nsa.gov.tw/images/module/travel2/default_pic.jpg
Taiwan_Gov_OpenData_v2,restaurants,Restaurant_A15010200H_000058,G.S Cafe'菊色咖啡【馬公市】,天人菊的色彩咖啡的香醇放鬆的時光,馬公市,朝陽路171號,23.57413,119.57459,,,,,,https://www.facebook.com/gscafe6277/,https://www.penghu-nsa.gov.tw/images/module/travel2/default_pic.jpg
Taiwan_Gov_OpenData_v2,restaurants,Restaurant_A15010200H_000059,浪花串燒【馬公市】,專賣平價串燒,馬公市,文光路71之3號,23.57641,119.57115,,,,,,https://zh-tw.facebook.com/Spindrift.SkeweredFoodBeerDrinks/,https://www.penghu-nsa.gov.tw/images/module/travel2/default_pic.jpg
Taiwan_Gov_OpenData_v2,restaurants,Restaurant_A15010200H_000060,butterfly Cafe'【馬公市】,高CP值的義式餐廳,馬公市,三多路253號,23.57671,119.57382,,,,,,https://zh-tw.facebook.com/Butterfly-cafe-1646671832272961/,https://www.penghu-nsa.gov.tw/images/module/travel2/default_pic.jpg
Taiwan_Gov_OpenData_v2,restaurants,Restaurant_A15010200H_000061,Cocktailbar.bella【馬公市】,澎湖隱藏版調酒吧,馬公市,文康街16號,23.56811,119.56707,,,,,,https://www.facebook.com/pages/category/Interest/cocktailbarbella-113269240461797/,https://www.penghu-nsa.gov.tw/images/module/travel2/default_pic.jpg
Taiwan_Gov_OpenData_v2,restaurants,Restaurant_A15010200H_000062,檸檬香茅火鍋【馬公市】,以健康取向為訴求的檸檬香茅火鍋專賣店,馬公市,臨海路30號4樓,23.56313,119.56516,,,,,,https://zh-tw.facebook.com/lemongrasspenghu/,https://www.penghu-nsa.gov.tw/images/module/travel2/default_pic.jpg
Taiwan_Gov_OpenData_v2,restaurants,Restaurant_A15010200H_000063,臨海樓海鮮料理【馬公市】,需要預訂 必須戴口罩 需要測量體溫 員工有配戴口罩 員工會接受體溫測量,馬公市,臨海路17-2號,23.56328,119.5666,,,,,,https://www.facebook.com/people/%E8%87%A8%E6%B5%B7%E6%A8%93%E6%B5%B7%E9%AE%AE%E6%96%99%E7%90%86/1000,https://www.penghu-nsa.gov.tw/images/module/travel2/default_pic.jpg
Taiwan_Gov_OpenData_v2,restaurants,Restaurant_A15010200H_000064,小島家早午餐【馬公市】,小島上的那些小事 有喝的有吃的。 還有一起走過的夏天。 不定期公休。 預約電話0933868639。0919035095,馬公市,鎖管港1656號,23.52226,119.60095,,,,,,https://zh-tw.facebook.com/lovePenghuIslands/,https://www.penghu-nsa.gov.tw/images/module/travel2/default_pic.jpg
Taiwan_Gov_OpenData_v2,restaurants,Restaurant_A15010200H_000065,吉福小籠湯包【馬公市】,澎湖平價美食,馬公市,陽明路122號,23.57364,119.57261,,,,,,https://www.facebook.com/馬公吉福小籠湯包-673159082763210/,https://www.penghu-nsa.gov.tw/images/module/travel2/default_pic.jpg
Taiwan_Gov_OpenData_v2,restaurants,Restaurant_A15010200H_000066,外婆麵猴【馬公市】,美麗的澎湖灣， 帶來諸多美好. 清澈的麵湯， 是多少少年鄉愁的眼淚！,馬公市,永和街47號,23.5728,119.57458,,,,,,https://www.facebook.com/waipognocchi/,https://www.penghu-nsa.gov.tw/images/module/travel2/default_pic.jpg
Taiwan_Gov_OpenData_v2,restaurants,Restaurant_A15010200H_000067,海沙屋冷飲專賣店【馬公市】,澎湖必喝的仙人掌冰沙,馬公市,重慶街62號,23.56741,119.56768,,,,,,https://www.facebook.com/%E6%B5%B7%E6%B2%99%E5%B1%8B%E5%86%B7%E9%A3%B2%E5%B0%88%E8%B3%A3%E5%BA%97-20,https://www.penghu-nsa.gov.tw/images/module/travel2/default_pic.jpg
Taiwan_Gov_OpenData_v2,restaurants,Restaurant_A15010200H_000068,澎湖三哥酒釀雞排【馬公市】,新鮮現宰雞肉，酒釀醃製，限量供應，賣完為止。,馬公市,民權路80-1號,23.5666,119.56777,,,,,,https://www.facebook.com/pages/category/Grocery-Store/%E6%BE%8E%E6%B9%96%E4%B8%89%E5%93%A5-%E9%85%92,https://www.penghu-nsa.gov.tw/images/module/travel2/default_pic.jpg
Taiwan_Gov_OpenData_v2,restaurants,Restaurant_A15010200H_000069,澎湖楊媽媽韭菜盒【馬公市】,仙人掌韭菜盒,馬公市,樹德路15號,23.5688939217,119.5684984404,,,,,,https://zh-tw.facebook.com/phmamayang/,https://www.penghu-nsa.gov.tw/images/module/travel2/default_pic.jpg
Taiwan_Gov_OpenData_v2,restaurants,Restaurant_A15010200H_000070,赤崁炸粿【馬公市】,馬公銅板價炸物點心,馬公市,光明路與明權路口,23.56693,119.56774,,,,,,https://www.facebook.com/pages/category/Food-Stand/%E8%B5%A4%E5%B4%81%E7%82%B8%E7%B2%BF-105710389516,https://www.penghu-nsa.gov.tw/images/module/travel2/default_pic.jpg
Taiwan_Gov_OpenData_v2,restaurants,Restaurant_A15010200H_000071,哪兒呀【馬公市】,隱身在市區角落的手工美味雪片冰與下午茶!,馬公市,光明路1-112號,23.56588,119.56754,,,,,,https://zh-tw.facebook.com/pages/category/Coffee-Shop/%E5%93%AA%E5%85%92%E5%91%80-348138845264610/,https://www.penghu-nsa.gov.tw/images/module/travel2/default_pic.jpg
Taiwan_Gov_OpenData_v2,restaurants,Restaurant_A15010200H_000072,望安CAFÉ【馬公市】,Enjoy在Jazz浪漫氣氛中的悠閒空間，還有貓陪伴,馬公市,仁愛路2號,23.56526,119.56811,,,,,,https://zh-tw.facebook.com/wangancafe/,https://www.penghu-nsa.gov.tw/images/module/travel2/default_pic.jpg
Taiwan_Gov_OpenData_v2,restaurants,Restaurant_A15010200H_000073,轟餅-黑仔旺旺車輪餅【馬公市】,堅持、理想、現實；缺一不可，但只能從中找出平衡堅持從餅皮到內餡都親自製作理想目標是創造100種屬於澎湖的口味,馬公市,啟明街15號,23.56512,119.56614,,,,,,https://www.facebook.com/boomboomcar333/,https://www.penghu-nsa.gov.tw/images/module/travel2/default_pic.jpg
Taiwan_Gov_OpenData_v2,restaurants,Restaurant_A15010200H_000074,1818·餐酒館‧Bistro【馬公市】,澎湖餐酒館,馬公市,重慶里海埔路48號,23.56708,119.5698,,,,,,https://zh-tw.facebook.com/1818餐酒館La-1818-Bistro-395766847559765/,https://www.penghu-nsa.gov.tw/images/module/travel2/default_pic.jpg
Taiwan_Gov_OpenData_v2,restaurants,Restaurant_A15010200H_000075,KRUMP野礦酒吧【馬公市】,澎湖酒吧，未滿18歲，禁止進入！,馬公市,民福路61號,23.56605,119.56838,,,,,,https://www.facebook.com/KRUMPpub/,https://www.penghu-nsa.gov.tw/images/module/travel2/default_pic.jpg
Taiwan_Gov_OpenData_v2,restaurants,Restaurant_A15010200H_000076,澎島之星BBQ【馬公市】,澎島之星燒烤吃到飽,馬公市,漁隆路50號3樓,23.56557,119.57002,,,,,,https://www.facebook.com/澎島之星燒烤吃到飽-1663385280595870/,https://www.penghu-nsa.gov.tw/images/module/travel2/default_pic.jpg
Taiwan_Gov_OpenData_v2,restaurants,Restaurant_A15010200H_000077,湖光食客義式餐廳【馬公市】,提供美式早午餐、義式燉飯、義大利麵、咖啡，供餐時間：10:00～14:00 17:00～21:00,馬公市,海安街1號,23.56245,119.56825,,,,,,https://www.facebook.com/BartistaXBistro/,https://www.penghu-nsa.gov.tw/FileDownload/TravelInformation/NotSet/20250903162413672904.png
Taiwan_Gov_OpenData_v2,restaurants,Restaurant_A15010200H_000078,謝家肉餅【馬公市】,澎湖文化中心附近的在地美食,馬公市,永泰街(文化中心體育館對面馬路旁),23.56793,119.57633,,,,,,,https://www.penghu-nsa.gov.tw/images/module/travel2/default_pic.jpg
Taiwan_Gov_OpenData_v2,restaurants,Restaurant_A15010200H_000079,南海碼頭自助碳烤【馬公市】,澎湖自助烤肉吃到飽,馬公市,漁隆路50號2樓,23.56557,119.57002,,,,,,https://zh-tw.facebook.com/澎湖南海碼頭自助炭烤-1376342559362671/,https://www.penghu-nsa.gov.tw/images/module/travel2/default_pic.jpg
Taiwan_Gov_OpenData_v2,restaurants,Restaurant_A15010200H_000080,朝食暮饗早午餐&宵夜中【馬公市】,#澎湖早餐#澎湖早午餐#澎湖晚餐#澎湖宵夜,馬公市,文德路12號,23.56525,119.58172,,,,,,,https://www.penghu-nsa.gov.tw/images/module/travel2/default_pic.jpg
Taiwan_Gov_OpenData_v2,restaurants,Restaurant_A15010200H_000081,鍋道樂和風鍋物料理【馬公市】,搭配最好的鍋底，給您最簡單、最幸福的感受。,馬公市,文德路7號,23.56468,119.58142,,,,,,https://www.facebook.com/pages/category/Local-Business/%E9%8D%8B%E9%81%93%E6%A8%82%E7%B2%BE%E7%B7%BB,https://www.penghu-nsa.gov.tw/images/module/travel2/default_pic.jpg
Taiwan_Gov_OpenData_v2,restaurants,Restaurant_A15010200H_000082,阿婆鹹粥【馬公市】,"古早味小吃,鹹粥粄條湯麵魚丸湯花枝湯",馬公市,西文里文德路5號(飲食14號),23.56515,119.58204,,,,,,https://zh-tw.facebook.com/澎湖阿婆鹹粥-503389776356581/,https://www.penghu-nsa.gov.tw/images/module/travel2/default_pic.jpg
Taiwan_Gov_OpenData_v2,restaurants,Restaurant_A15010200H_000083,那朵古早味手工蛋餅早餐車【馬公市】,早餐與早午餐餐廳,馬公市,西文澳13之1號,23.56553,119.58304,,,,,,https://zh-tw.facebook.com/teaissavory/,https://www.penghu-nsa.gov.tw/images/module/travel2/default_pic.jpg
Taiwan_Gov_OpenData_v2,restaurants,Restaurant_A15010200H_000084,藍媽媽仙草店【馬公市】,傳承口碑，真材實料製作，以不甜膩口味，呈現現代人不造成身體負擔的吃法。,馬公市,光復路473號,23.57898,119.57798,,,,,,https://zh-tw.facebook.com/x069263415/,https://www.penghu-nsa.gov.tw/images/module/travel2/default_pic.jpg
Taiwan_Gov_OpenData_v2,restaurants,Restaurant_A15010200H_000085,蔡記饌蔬食坊【馬公市】,推廣蔬食食材都採用最好的並且都以手工製作以不油膩.不鹹的方式來保留食材的原味,馬公市,文昌街11號,23.57391,119.57894,,,,,,https://zh-tw.facebook.com/TsaiVR/,https://www.penghu-nsa.gov.tw/images/module/travel2/default_pic.jpg
Taiwan_Gov_OpenData_v2,restaurants,Restaurant_A15010200H_000086,Addict Restaurant 癮餐廳【馬公市】,西式手法結合在地新鮮食材,馬公市,林森路47號,23.57439,119.57724,,,,,,https://www.facebook.com/Addict.Restaurant/,https://www.penghu-nsa.gov.tw/images/module/travel2/default_pic.jpg
Taiwan_Gov_OpenData_v2,restaurants,Restaurant_A15010200H_000087,新巴適經典麻辣鍋-澎湖吃到飽【馬公市】,澎湖吃到飽/澎湖美食/澎湖火鍋/在地推薦餐廳/澎湖必吃美食/人氣餐廳,馬公市,中華路329號,23.57199,119.57883,,,,,,https://www.facebook.com/basiclassichotpotph/,https://www.penghu-nsa.gov.tw/images/module/travel2/default_pic.jpg
Taiwan_Gov_OpenData_v2,restaurants,Restaurant_A15010200H_000088,澎湖樂晨早午餐【馬公市】,尋找熟悉的滋味，一種讓人懷念、感動的味道，其實很簡單一期一會，追求的是職人的認真、執著和堅持 「樂晨」是圓夢的基地，我們誠摯歡迎您！ 老闆開店前獲獎經歷：⭐️⭐️2019年榮獲米其林餐盤推薦⭐️⭐️,馬公市,光復路495號,23.57332,119.57699,,,,,,https://www.facebook.com/樂晨早午餐-111937137384968/,https://www.penghu-nsa.gov.tw/FileDownload/TravelInformation/NotSet/20231116214838174018.JPG
Taiwan_Gov_OpenData_v2,restaurants,Restaurant_A15010200H_000089,海島咖啡館【馬公市】,寵物友善咖啡廳,馬公市,惠民一路2號,23.56532,119.56467,,,,,,https://cafe-13275.business.site/,https://www.penghu-nsa.gov.tw/images/module/travel2/default_pic.jpg
Taiwan_Gov_OpenData_v2,restaurants,Restaurant_A15010200H_000090,六六早餐店【馬公市】,因應防疫人人有責.愛大家更要保護自己.即日起入店請配合戴好口罩.實聯制.拿起隨身手機掃一掃QR 謝謝大家一同配合,馬公市,文山路22之6號,23.56325,119.58514,,,,,,https://zh-tw.facebook.com/aa66666a/,https://www.penghu-nsa.gov.tw/images/module/travel2/default_pic.jpg
Taiwan_Gov_OpenData_v2,restaurants,Restaurant_A15010200H_000091,嚎鯎海味館【馬公市】,為您服務是濠誠的榮幸,馬公市,石泉里24-13號,23.55711,119.59414,,,,,,https://www.facebook.com/HaoCheng2413/,https://www.penghu-nsa.gov.tw/images/module/travel2/default_pic.jpg
Taiwan_Gov_OpenData_v2,restaurants,Restaurant_A15010200H_000092,鼎灣米糕總店【湖西鄉】,澎湖縣湖西鄉的餐廳,湖西鄉,鼎灣村66號,23.59384,119.61592,,,,,,https://www.facebook.com/鼎灣米糕-232407576808086/,https://www.penghu-nsa.gov.tw/images/module/travel2/default_pic.jpg
Taiwan_Gov_OpenData_v2,restaurants,Restaurant_A15010200H_000093,大城北牛肉麵【湖西鄉】,神秘的牛肉麵,湖西鄉,大城北村43號,23.5654,119.62376,,,,,,,https://www.penghu-nsa.gov.tw/images/module/travel2/default_pic.jpg
Taiwan_Gov_OpenData_v2,restaurants,Restaurant_A15010200H_000094,369漁樂世界 碳烤熱炒美食【馬公市】,碳烤，舒適BBQ / 霸氣活海鮮,馬公市,興仁里吉海路917巷3號,23.55152,119.61554,,,,,,https://www.facebook.com/Penghu369/,https://www.penghu-nsa.gov.tw/images/module/travel2/default_pic.jpg
Taiwan_Gov_OpenData_v2,restaurants,Restaurant_A15010200H_000095,雲泰（泰式料理）【馬公市】,來自緬甸的華僑，選用泰式雲南料理方法烹調澎湖海鮮。,馬公市,鎖港里1731號,23.52449,119.59635,,,,,,,https://www.penghu-nsa.gov.tw/images/module/travel2/default_pic.jpg
Taiwan_Gov_OpenData_v2,restaurants,Restaurant_A15010200H_000096,山水牛肉麵【馬公市】,"牛肉炒泡麵、牛三寶(牛腱,牛肚,牛腩)、牛肉意麵",馬公市,220號後方,23.52024,119.59416,,,,,,https://www.facebook.com/山水牛肉麵-535527683650178/,https://www.penghu-nsa.gov.tw/images/module/travel2/default_pic.jpg
Taiwan_Gov_OpenData_v2,restaurants,Restaurant_A15010200H_000097,時咖啡 SHILICAFE【馬公市】,※ 因店家每週公休時間不固定，建議民眾前往參訪前，先至店家的官方Facebook粉絲專頁確認當週營業狀態，以免現場撲空影響行程唷~ 時咖啡 SHILI CAFE 我們座落在嵵裡沙灘內，隱約的藏身在澎湖特殊的洗石子建築內。 復古的外觀，小清新的裝修，是來嵵裡沙灘不能錯過的小小咖啡店。 來找我們喝一杯 交個朋友吧,馬公市,嵵裡里160號,23.52627,119.56774,,,,,,https://www.facebook.com/shilicafe/,https://www.penghu-nsa.gov.tw/images/module/travel2/default_pic.jpg
Taiwan_Gov_OpenData_v2,restaurants,Restaurant_A15010200H_000098,永明蚵堡【白沙鄉】,現採的石蚵,白沙鄉,203縣道上中正橋跟中屯風車間,23.61881,119.60659,,,,,,https://www.facebook.com/永明蚵堡-367418590003451/,https://www.penghu-nsa.gov.tw/images/module/travel2/default_pic.jpg
Taiwan_Gov_OpenData_v2,restaurants,Restaurant_A15010200H_000099,阿姨仙人掌冰【白沙鄉】,通梁古榕旁邊40~50年歷史的在地老店店裡仙人掌冰,白沙鄉,通樑村44號,23.65687,119.55747,,,,,,https://zh-tw.facebook.com/AYiXianRenZhangBing/,https://www.penghu-nsa.gov.tw/images/module/travel2/default_pic.jpg
Taiwan_Gov_OpenData_v2,restaurants,Restaurant_A15010200H_000100,花枝丸三兄弟【白沙鄉】,現炸花枝三兄弟~ 紫菜.海菜.原味(澎湖花枝丸真材實料),白沙鄉,通樑村60-1號,23.6665,119.55822,,,,,,,https://www.penghu-nsa.gov.tw/images/module/travel2/default_pic.jpg
Taiwan_Gov_OpenData_v2,restaurants,Restaurant_A15010200H_000101,牧羊人咖啡館【西嶼鄉】,一家鬧中取靜，可享受在古厝中悠閒喝咖啡，吃點心，聊是非，休息充電好去處。,西嶼鄉,二崁村12號,23.60349,119.51841,,,,,,https://www.facebook.com/shepherdcafe12/,https://www.penghu-nsa.gov.tw/images/module/travel2/default_pic.jpg
Taiwan_Gov_OpenData_v2,restaurants,Restaurant_A15010200H_000102,二崁杏仁茶【西嶼鄉】,澎湖二崁村最具知名的茶飲,西嶼鄉,二崁村36號,23.60468,119.51839,,,,,,https://www.facebook.com/erkanalmondtea/,https://www.penghu-nsa.gov.tw/FileDownload/TravelInformation/NotSet/20231116220818707383.JPG
Taiwan_Gov_OpenData_v2,restaurants,Restaurant_A15010200H_000103,緝馬灣花枝丸【西嶼鄉】,"我們在座落於西嶼鄉的寧靜小漁村-赤馬村, 老闆有學做花枝丸五年以上的經驗. 因為堅持使用在地食材, 因此創立了. 製作花枝丸, 從剝皮到製作成產品程序複雜, 秉持著要給客人最天然最新鮮最道地的味道. 全程手工處理, 整枝花枝從頭到腳從裡到外都不浪費，每個部分都是美味的食材，絕不添加進口花枝和味精來增加口感。",西嶼鄉,赤馬村 146-17號,23.58125,119.51104,,,,,,https://www.facebook.com/jack069982559/,https://www.penghu-nsa.gov.tw/images/module/travel2/default_pic.jpg
Taiwan_Gov_OpenData_v2,restaurants,Restaurant_A15010200H_000104,Ken's廚房【西嶼鄉】,Ken’s廚房用澎湖在地最頂級的食材，簡單但適切的烹調方式，讓您的澎湖之旅增添一頓難忘的味道，因為很多料理需要時間精心製作，所以敬請三天前預約，讓您的餐點更加豐富美味。,西嶼鄉,內垵42號,23.57058,119.50202,,,,,,https://www.facebook.com/Kenskitcheninpenghu/,https://www.penghu-nsa.gov.tw/images/module/travel2/default_pic.jpg
Taiwan_Gov_OpenData_v2,restaurants,Restaurant_A15010200H_000105,三山商號功夫刈包【西嶼鄉】,外垵必吃美食,西嶼鄉,外垵村167-1號,23.565,119.47947,,,,,,https://zh-tw.facebook.com/三山商號功夫刈包-372715962922639/,https://www.penghu-nsa.gov.tw/images/module/travel2/default_pic.jpg
Taiwan_Gov_OpenData_v2,restaurants,Restaurant_A15010200H_000106,外垵刈包 福氣早餐店【西嶼鄉】,澎湖西嶼「外垵刈包福氣早餐店」30年老店，北環西嶼地方美食! 請認一樓平房才是。,西嶼鄉,外垵村163之1號,23.56491,119.47944,,,,,,https://www.facebook.com/Waian.Gua.bao/,https://www.penghu-nsa.gov.tw/FileDownload/TravelInformation/NotSet/20231116220320582072.JPG
Taiwan_Gov_OpenData_v2,restaurants,Restaurant_A15010200H_000107,南寮風車有機農場休息站【湖西鄉】,南寮風車有機農場在地文化深度體驗,湖西鄉,南寮村200號,23.58677,119.669,,,,,,https://zh-tw.facebook.com/windislandspecialty/,https://www.penghu-nsa.gov.tw/images/module/travel2/default_pic.jpg
Taiwan_Gov_OpenData_v2,restaurants,Restaurant_A15010200H_000108,澎福古棗味【湖西鄉】,「澎福食品」，是由湖西老字號的「福榮食品廠」所經營的傳統美食販售店。,湖西鄉,157之3號,23.5848,119.66309,,,,,,https://www.facebook.com/PongFood/,https://www.penghu-nsa.gov.tw/images/module/travel2/default_pic.jpg
Taiwan_Gov_OpenData_v2,restaurants,Restaurant_A15010200H_000109,兩個番茄農場【湖西鄉】,好吃的重慶美食盡在兩個番茄農場,湖西鄉,青螺村24之3號,23.59761,119.64987,,,,,,https://zh-tw.facebook.com/兩個番茄農場-266502927218708/,https://www.penghu-nsa.gov.tw/images/module/travel2/default_pic.jpg
Taiwan_Gov_OpenData_v2,restaurants,Restaurant_A15010200H_000110,Cimei越南大骨湯麵【七美鄉】,七美就是要去看雙心石滬及各大美景 就來越南大骨湯麵滿足您的味蕾吧！,七美鄉,南港村南滬崎頭4鄰25號,23.20001,119.42315,,,,,,https://www.facebook.com/七美越南大骨湯麵-199442280085786/,https://www.penghu-nsa.gov.tw/FileDownload/TravelInformation/NotSet/20231116214618392781.png
Taiwan_Gov_OpenData_v2,restaurants,Restaurant_A15010200H_000111,夏至23.5攝影文創咖啡【馬公市】,結合澎湖在地攝影的文創咖啡館,馬公市,惠民路71號,23.56512,119.56464,,,,,,https://www.facebook.com/sia.zhi.235/,https://www.penghu-nsa.gov.tw/FileDownload/TravelInformation/NotSet/20231116215447471463.JPG
Taiwan_Gov_OpenData_v2,restaurants,Restaurant_A15010200H_000112,二馬豆花【西嶼鄉】,每日10:00~12:00、13:00~18:00限量，賣完就沒了！,西嶼鄉,38號,23.60546,119.51367,,,,,,https://www.facebook.com/pages/澎湖-二崁聚落/217753878245898?rf=931229583657936,https://www.penghu-nsa.gov.tw/FileDownload/TravelInformation/NotSet/20231116220621676920.JPG
Taiwan_Gov_OpenData_v2,restaurants,Restaurant_A15010200H_000113,原味漁村小吃 【馬公市】,鮮蚵滷肉飯、原味鮮蚵原味好滋味，在地實在味。,馬公市,中正路35-1號,23.56513,119.5652,,,,,,https://www.facebook.com/原味漁村小吃-579712942385076/,https://www.penghu-nsa.gov.tw/images/module/travel2/default_pic.jpg
Taiwan_Gov_OpenData_v2,restaurants,Restaurant_A15010200H_000114,阿虹的店【西嶼鄉】,西嶼第一家天然水蓮羹、花粉涼丼、小管麵線、海膽炒蛋、三杯小卷、燒酒螺、仙人掌冰淇淋,西嶼鄉,11之5號,23.60546,119.51367,,,,,,https://www.facebook.com/a069982182/,https://www.penghu-nsa.gov.tw/images/module/travel2/default_pic.jpg
Taiwan_Gov_OpenData_v2,restaurants,Restaurant_A15010200H_000115,瑪咖朵披薩 Mercato Pizza【馬公市】,瑪咖朵披薩Mercato Pizza 來自熱情的澎湖，提供優質的海鮮披薩，也是全台灣第一間雲朵披薩專賣店。 2019年老闆Liya親赴義大利拿坡里學習新潮流派「雲朵餅皮」，傳承自「傳統拿坡里披薩」的薄餅皮，以義大利麵粉、老麵製作，經兩次發酵、三道工序，餅皮加上滿滿的精選食材，放進義大利進口烤箱烤出豹紋般的特色餅皮，披薩餅皮空氣感十足，鬆軟Q彈超有嚼勁。 我們用心製作披薩的細節，為的是給你們最好的品質！希望你們會喜歡：）,馬公市,北辰街10號,23.57047,119.57124,,,,,,https://www.facebook.com/mercatopizza.tw,https://www.penghu-nsa.gov.tw/images/module/travel2/default_pic.jpg
Taiwan_Gov_OpenData_v2,restaurants,Restaurant_A15010200H_000116,老李胡椒餅【馬公市】,澎湖唯一炭火胡椒餅,馬公市,陽明路55-3號,23.57274,119.57418,,,,,,,https://www.penghu-nsa.gov.tw/FileDownload/TravelInformation/NotSet/20231116220136847146.JPG
Taiwan_Gov_OpenData_v2,restaurants,Restaurant_A15010200H_000117,劉正港檸檬汁中正店,澎湖馬公老字號飲品,馬公市,中正路59號,23.56623,119.56534,,,,,,,https://www.penghu-nsa.gov.tw/FileDownload/TravelInformation/NotSet/20231116215251174342.JPG
Taiwan_Gov_OpenData_v2,restaurants,Restaurant_A15010200H_000118,舒心食光【馬公市】,澎湖在地蛋奶素早午餐,馬公市,四維路77號,23.57429,119.57824,,,,,,https://www.facebook.com/xinyuanfootprint/,https://www.penghu-nsa.gov.tw/images/module/travel2/default_pic.jpg
Taiwan_Gov_OpenData_v2,restaurants,Restaurant_A15010200H_000119,盛記東山鴨頭【馬公市】,澎湖在地人宵夜,馬公市,民族路30號,23.56596,119.56407,,,,,,https://www.facebook.com/盛記東山鴨頭-100742408831861/,https://www.penghu-nsa.gov.tw/images/module/travel2/default_pic.jpg
Taiwan_Gov_OpenData_v2,restaurants,Restaurant_A15010200H_000120,菜宅裡的小酒館 The Garden Tapas & Bar【馬公市】,鄰近山水沙灘步行一分鐘，在澎湖傳統菜宅裡，以紅色貨櫃打造的西班牙風格小酒館，提供葡萄酒、生啤、調酒，以及下酒菜西班牙小碟菜TAPAS，適合三兩好友短歇小酌！,馬公市,重慶街26號,23.51684,119.5963,,,,,,https://www.facebook.com/ElynRichiePengHu/,https://www.penghu-nsa.gov.tw/images/module/travel2/default_pic.jpg
Taiwan_Gov_OpenData_v2,restaurants,Restaurant_A15010200H_000121,藍洞Apatite【馬公市】,澎湖福朋喜來登酒店一樓的餐廳，全天候供餐,馬公市,新店路197號1樓,23.56797,119.57564,,,,,,https://www.fourpoints-penghu.com/restaurant_1.html,https://www.penghu-nsa.gov.tw/images/module/travel2/default_pic.jpg
Taiwan_Gov_OpenData_v2,restaurants,Restaurant_A15010200H_000122,紫玉仙草 【馬公市】,消暑仙草冰,馬公市,三多路72號,23.56778,119.56825,,,,,,https://ice-cream-and-drink-shop-4748.business.site/,https://www.penghu-nsa.gov.tw/images/module/travel2/default_pic.jpg
Taiwan_Gov_OpenData_v2,restaurants,Restaurant_A15010200H_000123,澎湖仙人掌冰城 【馬公市】,現打仙人掌果汁,馬公市,中正路32-5號,23.56544,119.56549,,,,,,https://www.facebook.com/澎湖仙人掌冰城-1873419302875696/,https://www.penghu-nsa.gov.tw/images/module/travel2/default_pic.jpg
Taiwan_Gov_OpenData_v2,restaurants,Restaurant_A15010200H_000124,阿挺海鮮【西嶼鄉】,小管麵線、海菜魚丸湯、紫菜冬粉,西嶼鄉,小門村11-2號,23.65115,119.52092,,,,,,https://www.facebook.com/ATingHaiXianyuGanDian/,https://www.penghu-nsa.gov.tw/images/module/travel2/default_pic.jpg
Taiwan_Gov_OpenData_v2,restaurants,Restaurant_A15010200H_000125,赤崁加志魚麵店 【白沙鄉】,赤崁只有在地人才知道的美食,白沙鄉,大赤崁45號,23.66698,119.59838,,,,,,,https://www.penghu-nsa.gov.tw/images/module/travel2/default_pic.jpg
Taiwan_Gov_OpenData_v2,restaurants,Restaurant_A15010200H_000126,仁品【白沙鄉】,『仁品』以生產製造高品質的『花枝丸』而聞名，香Ｑ可口的花枝丸。,馬公市,民福路43號,23.57063,119.57746,,,,,,https://www.facebook.com/renpin069269367/,https://www.penghu-nsa.gov.tw/images/module/travel2/default_pic.jpg
Taiwan_Gov_OpenData_v2,restaurants,Restaurant_A15010200H_000127,回家澎湖炸物烤物 【白沙鄉】,炸粿(狗蝦)、炸米糕、花枝丸、海丸子、蘿蔔糕,白沙鄉,講美村122號之1,23.63214,119.5992,,,,,,https://www.facebook.com/澎湖-回家炸粿-888689207859213/,https://www.penghu-nsa.gov.tw/images/module/travel2/default_pic.jpg
Taiwan_Gov_OpenData_v2,restaurants,Restaurant_A15010200H_000128,大池炸粿&鯊魚排【西嶼鄉】,烏龜背蝦子，賣完就沒有了,西嶼鄉,大池村1-1號,23.6216667662,119.509502052,,,,,,https://www.facebook.com/大池炸粿鯊魚排-1510365412604433/,https://www.penghu-nsa.gov.tw/images/module/travel2/default_pic.jpg
Taiwan_Gov_OpenData_v2,restaurants,Restaurant_A15010200H_000129,澎湖漁港麵店（漁港麵） 【馬公市】,在地的老麵店,馬公市,臨海路4-1號,23.56422,119.56843,,,,,,https://www.facebook.com/澎湖漁港麵店-154238904633444/,https://www.penghu-nsa.gov.tw/images/module/travel2/default_pic.jpg
Taiwan_Gov_OpenData_v2,restaurants,Restaurant_A15010200H_000130,福台排骨麵 【馬公市】,在地70年老麵店,馬公市,民族路40號,23.56638,119.56413,,,,,,https://www.facebook.com/pages/福台排骨麵/253795048078995,https://www.penghu-nsa.gov.tw/images/module/travel2/default_pic.jpg
Taiwan_Gov_OpenData_v2,restaurants,Restaurant_A15010200H_000131,蔬脆蛋餅 【馬公市】,麵糰，不添加豬油及人工發酵成分。 餅皮，經由高溫快速油炸外酥內Q。 餅皮脆一點，軟一點... 調味要鹹一點、淡一點還是辣一點... 完全客製化...,馬公市,光明路45號,23.56631,119.56513,,,,,,https://deli-6212.business.site/,https://www.penghu-nsa.gov.tw/FileDownload/TravelInformation/NotSet/20231116214416095078.JPG
Taiwan_Gov_OpenData_v2,restaurants,Restaurant_A15010200H_000132,魚好刺身專門店【西嶼鄉】,澎湖當地新鮮漁獲，製作出的料理,西嶼鄉,二崁村39號(二馬豆花旁),23.60498,119.51855,,,,,,https://www.facebook.com/pesce.buone/,https://www.penghu-nsa.gov.tw/images/module/travel2/default_pic.jpg
Taiwan_Gov_OpenData_v2,restaurants,Restaurant_A15010200H_000133,福牡蠣屋【馬公市】,最好的牡蠣，留在澎湖。 台灣人的牡蠣屋，澎湖人的驕傲。我們是老實蚵，牡蠣及各式海鮮料理 營業時間 11:00–14:30、17:00–21:00,馬公市,中興路73號,23.56714,119.56467,,,,,,https://www.facebook.com/福牡蠣屋-1483337788576414/,https://www.penghu-nsa.gov.tw/images/module/travel2/default_pic.jpg
Taiwan_Gov_OpenData_v2,restaurants,Restaurant_A15010200H_000134,詠華香炸物販賣所,老闆老闆娘服務很親切，甘梅地瓜薯條是招牌中的招牌，酥脆鮮甜。 鹹酥雞肉質鮮嫩且不油膩，搭配蒜頭、九層塔非常對味！ 炸物店難得出現的櫛瓜，健康美味又兼具營養價值，很值得一試！,馬公市,文光路71-2號,23.57613,119.57096,,,,,,,https://www.penghu-nsa.gov.tw/FileDownload/TravelInformation/NotSet/20231116222610944226.png
Taiwan_Gov_OpenData_v2,restaurants,Restaurant_A15010200H_000135,劉正港檸檬汁中華店,劉正港檸檬汁(中華店) 【一甲子的純粹，澎湖人的集體記憶】 ​自 1978 年由劉鉗先生創立以來，此品牌在澎湖馬公守候了近 50 年。 從第一杯檸檬汁開始，中華店-劉家二代始終秉持老父親的經營理念「堅持每日現榨檸檬、手工熬煮蔗糖、飲品全程冰鎮不加冰塊、保留最純粹風味。以「新鮮、天然、健康」為核心理念。 ​成為在地人與旅客心中的經典消暑品牌。,馬公市,中華路206號,23.57205,119.57575,,,,,,https://ec.listentw.com/000051/,https://www.penghu-nsa.gov.tw/FileDownload/TravelInformation/NotSet/20260806180256675648.png
Taiwan_Gov_OpenData_v2,restaurants,Restaurant_A15010200H_000136,藍媽媽仙草【中央店】,藍媽媽仙草在自家車庫105年4月開始賣起一碗傳統仙草商品，用自家廚房現煮，讓食材像媽媽下廚做菜的好味道，成藍媽媽仙草一直在做的經營導向。藍媽媽仙草以傳統吃法呈現，讓一碗仙草吃起來滿滿古早味記憶。,馬公市,中央街15號,23.56455,119.56471,,,,,,https://zh-tw.facebook.com/x069263415/,https://www.penghu-nsa.gov.tw/images/module/travel2/default_pic.jpg
Taiwan_Gov_OpenData_v2,restaurants,Restaurant_A15010200H_000137,雛菊見DAISY HOUSE-澎湖店【馬公市】,【雛菊】義大利的國花，深受充滿熱情和活力的義大利人所喜愛，澎湖別名【菊島】，所以我們以雛菊為名，希望大家在菊島品嘗到美味的義式料理。,馬公市,三多路353號,23.57702,119.57278,,,,,,https://www.facebook.com/CHUJU353,https://www.penghu-nsa.gov.tw/images/module/travel2/default_pic.jpg
Taiwan_Gov_OpenData_v2,restaurants,Restaurant_A15010200H_000138,文康滷菜【馬公市】,各式滷味，種類豐富、香味四溢。,馬公市,光復路277號,23.57541,119.57441,,,,,,https://www.facebook.com/%E6%96%87%E5%BA%B7%E6%BB%B7%E8%8F%9C-906996566029478/,https://www.penghu-nsa.gov.tw/images/module/travel2/default_pic.jpg
Taiwan_Gov_OpenData_v2,restaurants,Restaurant_A15010200H_000139,鮮雅圖手抓海鮮【馬公市】,"來到澎湖必去的節目(綜藝新時代、花甲少年)及網紅推薦餐廳,以美式手抓海鮮崛起的【鮮雅圖】千萬別錯過!起源自美國南方港口的海鮮吃法,老闆將道地的美式海鮮飲食方式引進澎湖,特聘台北五星級飯店主廚,現點現做,堅持提供最新鮮的餐點, 烹飪入味的海鮮裝入桶子直接倒在客人桌上享用,豪邁的手抓吃法正是鮮雅圖的特色,饕客們都直呼「吃得好過癮!」。 店內異國風格設計,熱情橘黃色調,半開放式的寬敞空間讓用餐氛圍更顯舒適,可愛的法門店長「阿尼基」還會巡視客人狀況,提前預約來店內慶生,熱情的老闆還會招待一份特色菜,主餐也提供戰斧豬、手抓素食及其他單點美食,滿足每位饕客的需求。來【鮮雅圖】嚐鮮朝聖,手抓海鮮的魅力只有吃過的人才能體會手抓海鮮的魅力。低消:NT$350/人.手抓海鮮龍蝦套餐 NT$1,050",白沙鄉,58號（澎湖水族館 蒙娜麗鯊餐館內,23.65144,119.6037,,,,,,,https://www.penghu-nsa.gov.tw/FileDownload/TravelInformation/NotSet/20240726170642176383.jpeg
Taiwan_Gov_OpenData_v2,restaurants,Restaurant_A15010200H_000140,吳記沙拉營養三明治【馬公市】,小管沙拉三明治結合海鮮與沙拉風味，口味清爽，為旅客體驗在地飲食文化的選項之一。店家亦提供蛋奶素選項，滿足不同飲食需求。,馬公市,光復路227-1號,23.5746346983,119.5732062566,,,,,,,https://www.penghu-nsa.gov.tw/FileDownload/TravelInformation/NotSet/20250903164414928383.png
Taiwan_Gov_OpenData_v2,restaurants,Restaurant_A15010200H_000141,海苑 活造鍋物【馬公市】,"""主打 【澎湖活體海鮮】、【日本A5和牛】、【Prime 等級美牛】 嚴選當季盛產肥美活體海鮮 活體海魚：現點、現撈、去骨、切片、擺盤呈現！ 我們提供生食、涮魚片等多重口感體驗""",馬公市,三多路361號,23.5771762777,119.5725628674,,,,,,https://maps.app.goo.gl/JtWjW4BQcRpeDzr76?g_st=ipc,https://www.penghu-nsa.gov.tw/FileDownload/TravelInformation/NotSet/20250903170010886101.png
Taiwan_Gov_OpenData_v2,restaurants,Restaurant_A15010200H_000142,別野餐廳【白沙鄉】,吉貝島海鮮無菜單料理,白沙鄉,吉貝村183之22號,23.7391152456,119.6076021106,,,,,,,https://www.penghu-nsa.gov.tw/FileDownload/TravelInformation/NotSet/20250903170531434757.png
Taiwan_Gov_OpenData_v2,restaurants,Restaurant_A15010200H_000143,海城 上湯鮮魚粥【馬公市】,"""澎湖在地海鮮料理，堅持澎湖在地食材取之當季用之當令！ 【活體鮮魚湯】 使用當日進港現流活魚！手工去骨切片而成的無骨魚片！可以大口吃魚不需擔心魚刺問題～ 無論大人、小孩都能安心享用澎湖在地活體鮮魚的鮮甜美味！""",馬公市,三多路441號,23.5772646769,119.5701706809,,,,,,https://maps.app.goo.gl/Cbz5kmSoni14Bhku5?g_st=ipc,https://www.penghu-nsa.gov.tw/FileDownload/TravelInformation/NotSet/20250903171627438860.png
Taiwan_Gov_OpenData_v2,restaurants,Restaurant_A15010200H_000144,天津（包料）蔥抓餅【馬公市】,如果你也熱愛鬆軟又富有層次感的美食，那你絕不能錯過 天津包料蔥抓餅！這款蔥抓餅不僅擁有千層口感，還有讓人一吃就停不下來的魅力。 【千層鬆軟，口感絕佳】 天津的蔥抓餅，以「鬆到無法立著拍」而聞名，每一口都充滿了餅皮的層次感， 咬下去的時候酥脆與柔軟兼具，完全滿足你的味蕾。而且，他們家的餅不油膩，就算多吃幾張也不會覺得負擔。 【多元口味選擇，滿足每個人】 無論你喜歡原味的純粹，還是偏愛鹹香的培根起司，甚至想嘗試甜口味的特調， 都能在這裡找到你的最愛！口味選擇多樣，讓每次品嚐都有全新驚喜。 【多年來的好味道】 身為一位忠實顧客，天津的蔥抓餅陪伴了我的無數下午茶時光。不論是忙裡偷閒的片刻， 還是與朋友分享的愉悅，都讓人回味無窮。這是一份不斷帶給人幸福感的味道！,馬公市,三多路36之3號,23.5745922136,119.5794720521,,,,,,https://www.liyuan.tw/2024/12/04/tianjin.html,https://www.penghu-nsa.gov.tw/FileDownload/TravelInformation/NotSet/20250903172720175815.png
Taiwan_Gov_OpenData_v2,restaurants,Restaurant_A15010200H_000145,魚之屋 無菜單海鮮料理【馬公市】,一家將在地食材最做適當的料理方式千萬裝潢舒適的空間,馬公市,文學路267號,23.5616987288,119.5817652809,,,,,,https://www.facebook.com/share/19n6uicwD5/?mibextid=wwXIfr,https://www.penghu-nsa.gov.tw/FileDownload/TravelInformation/NotSet/20250909091901333725.png
Taiwan_Gov_OpenData_v2,restaurants,Restaurant_A15010200H_000146,潮境 TideLand｜海鮮料理【馬公市】,「潮境」寓意海潮交會，象徵融合與層次，2021年開幕，由一群熱愛料理的年輕人經營，結合創意與澎湖新鮮海味，受型男大主廚拍攝肯定。我們經常到世界各地汲取創作靈感，菜單隨季節更換，2人就能享受的精緻合菜料理。 ★合菜形式出餐，同桌需選同價位 ★每人 $600 / $900 / $1200（2人就可上菜） ★$1200 套餐最晚需前1天預訂，現場恕無法提供 ★不吃生食／有海鮮過敏，請提前告知以便調整 ★依季節性海鮮魚貨出菜，不定時更換菜單，實際菜色以現場供應為主 ★高階無菜單需求，歡迎私訊粉專討論專屬菜單 ★超過11人(含)以上團體或有1人用餐需求，請直接來電聯繫我們 ★夏季用餐，酌收 10% 服務費，感謝體諒,馬公市,西文里新店北路61號,23.5647680618,119.5865473367,,,,,,https://www.facebook.com/tidelandpenghu,https://www.penghu-nsa.gov.tw/FileDownload/TravelInformation/NotSet/20250909093209603428.png
Taiwan_Gov_OpenData_v2,restaurants,Restaurant_A15010200H_000147,Bunny Café【白沙鄉】,高空海景咖啡廳,白沙鄉,通梁村189號,23.7005680562,119.5511869012,,,,,,https://www.instagram.com/bunnycafeph?igsh=MWphdml1bzBobWJubg==,https://www.penghu-nsa.gov.tw/FileDownload/TravelInformation/NotSet/20251030162539579338.png
Taiwan_Gov_OpenData_v2,restaurants,Restaurant_A15010200H_000148,友先燒烤店 (有先燒烤)【馬公市】,海陸自助式燒烤吃到飽,馬公市,新明路106號,23.5658550088,119.5807725248,,,,,"騎車/開車自行前往 , 提供免費停車場",https://inline.app/booking/-O3jT74mx10wINqCMaY7:inline-live-3/-O3jT7HnPx-_5rKnVmT3,https://www.penghu-nsa.gov.tw/images/module/travel2/default_pic.jpg
Taiwan_Gov_OpenData_v2,restaurants,Restaurant_A15010200H_000149,梅乃之鮮果汁養生活力飲,2003年開業以來堅持秉承新鮮自然健康養生飲品,馬公市,陽明路113號,23.573739,119.571735,,,,,,https://www.facebook.com/p/%E6%A2%85%E4%B9%83%E4%B9%8B%E9%AE%AE%E6%9E%9C%E6%B1%81%E9%A4%8A%E7%94%9F%,https://www.penghu-nsa.gov.tw/images/module/travel2/default_pic.jpg
Taiwan_Gov_OpenData_v2,restaurants,Restaurant_A15010200H_000150,雞母塢驛站,雞母塢驛站｜用一口澎湖味，訴說在地故事 雞母塢驛站坐落於澎湖馬公五德里，承襲「雞母塢」這片土地的人文歷史與海洋文化，將在地食材、漁村風味與職人精神融入每一道料理。 我們堅持選用新鮮食材，結合澎湖海味與家鄉料理，讓每位來訪的旅人，不只是享用一頓餐點，更能感受澎湖的人情味與土地溫度。 從特色便當、風味料理、海鮮餐點，到伴手禮與漁村體驗，雞母塢驛站致力成為旅人認識澎湖、品味澎湖、帶走澎湖記憶的重要一站。 一份料理，一段故事；一趟旅程，一份感動。 雞母塢驛站，讓澎湖的美味與溫暖，陪伴每一位遠道而來的朋友,馬公市,五德里101號,23.528052,119.586664,,,,,,,https://www.penghu-nsa.gov.tw/FileDownload/TravelInformation/NotSet/20260804110545749240.jpg
Taiwan_Gov_OpenData_v2,restaurants,Restaurant_A15010200H_000151,Nick Bar,老古厝戶外運動酒吧（有投影大螢幕可觀看球賽） *下大爆雨皆為休息日*,湖西鄉,南寮村133號（1號古井,23.585843,119.669196,,,,,,https://m.facebook.com/people/Nick-Bar/100083082644768/,https://www.penghu-nsa.gov.tw/FileDownload/TravelInformation/NotSet/20260804112121966770.jpeg
Taiwan_Gov_OpenData_v2,restaurants,Restaurant_A15010200H_000152,小滿烤肉食材,烤肉食材一站式服務one-stop-shopping 免出門，直送旅宿，輕鬆享受海島美味！,馬公市,西文里63-50號,23.565975,119.586173,,,,,,https://linkgoods.com/penghu880bbq,https://www.penghu-nsa.gov.tw/FileDownload/TravelInformation/NotSet/20260807091709131249.png
Taiwan_Gov_OpenData_v2,hotels,Hotel_A15010000H_000051,朝昔廬客棧民宿,客棧主人本著對先人運用真材實料，以及融入老師傅心血和感情一刀一斧，純手工製作器物的著迷與熱愛於2007年7月12日創立 [朝昔廬]。朝昔廬古玩真藏不盡，與王口元廟厝述說無窮，就是本店朝昔廬的詮釋。朝昔加部首就是[廟厝]，因本店內外獨特的視覺空間都是運用古廟及古厝遺留下來的器物裝置而成，把先人遺留的寶貴文化資產透過巧思的營造，讓他的生命再延續，更融入生活裡面。人文飲食更具承襲澎湖人海風的堅持，料理出一道道令人懷念的滋味。而行腳住宿位於澎湖本島的中心點。靠近海邊潮間帶，房間寬敞舒適延伸寬大的露臺，180渡海景映入眼簾，讓人美不勝收。,馬公市,安宅里宅腳嶼200號,23.582509,119.606725,,,,,車位:小客車0輛、機車0輛、大客車0輛,,https://taiwan.taiwanstay.net.tw/twpic/55870.jpg?v=20260831
Taiwan_Gov_OpenData_v2,hotels,Hotel_A15010000H_000066,朋來觀海民宿,位於澎湖縣的民宿,白沙鄉,講美村講美41之5號,23.629311,119.601758,,,,,車位:小客車0輛、機車0輛、大客車0輛,,
Taiwan_Gov_OpenData_v2,hotels,Hotel_A15010000H_000351,小柚子民宿,位於澎湖縣的民宿,馬公市,安宅里1鄰宅腳嶼93之21號,23.5721573,119.6021633,,,,,車位:小客車0輛、機車0輛、大客車0輛,,
Taiwan_Gov_OpenData_v2,hotels,Hotel_A15010000H_000352,澎緣民宿,位於澎湖縣的民宿,馬公市,西衛里五福路138巷23之7號,23.58248,119.575735,,,,,車位:小客車0輛、機車0輛、大客車0輛,,
Taiwan_Gov_OpenData_v2,hotels,Hotel_A15010000H_000375,覓海二館民宿,位於澎湖縣的民宿,馬公市,石泉里5鄰石泉590號,23.557875,119.593405,,,,,車位:小客車0輛、機車0輛、大客車0輛,,
Taiwan_Gov_OpenData_v2,hotels,Hotel_A15010000H_000414,撒野旅店民宿,位於澎湖縣的民宿,馬公市,東衛里2鄰東衛26之60號,23.566383,119.598176,,,,,車位:小客車0輛、機車0輛、大客車0輛,,
Taiwan_Gov_OpenData_v2,hotels,Hotel_A15010000H_000433,提拉米宿海景民宿,位於澎湖縣的民宿,馬公市,西衛里25鄰西衛256之1號,23.587004,119.579479,,,,,車位:小客車0輛、機車0輛、大客車0輛,,
Taiwan_Gov_OpenData_v2,hotels,Hotel_A15010000H_000504,金多海民宿,位於澎湖縣的民宿,馬公市,烏崁里1鄰烏崁132之2號,23.550192,119.623837,,,,,車位:小客車0輛、機車0輛、大客車0輛,,
Taiwan_Gov_OpenData_v2,hotels,Hotel_A15010000H_000569,海風野棧民宿,位於澎湖縣的民宿,湖西鄉,南寮村177之6號,23.586146,119.677141,,,,,車位:小客車0輛、機車0輛、大客車0輛,,
Taiwan_Gov_OpenData_v2,hotels,Hotel_A15010000H_000602,慢活民宿,位於澎湖縣的民宿,馬公市,西衛里14鄰西衛223之2號,23.584015,119.582387,,,,,車位:小客車0輛、機車0輛、大客車0輛,,
Taiwan_Gov_OpenData_v2,hotels,Hotel_A15010000H_000644,旅居澎湖沿菊文旅,位於澎湖縣的旅館，2019年，沿著菊島旅行將澎湖人文與深度旅行內涵推向住宿的觸角，正式成立擁有14個房間的沿菊文旅，並與地方非營利組織等合作，將每個房間設計出具有澎湖文化與自然保育教育意義的房型，從住宿費中回饋公益團體現金，推動澎湖改造工程，沿菊文旅除住宿服務以外，更與沿菊旅行社及沿菊人文慢空間整合在同一棟大樓內，提供遊客完整的從住宿到深度旅行，以及文創商舖與文創體驗活動的整合服務，這是創時代的整合與服務系統建立，將讓顧客的旅遊經驗一次結合具有文化意義的住宿體驗，有深度的旅遊規劃，以及美好的文創商品、文創活動購買及參與，一個屬於旅遊的複合式文創基地的誕生。,馬公市,啟明里惠民路36號,23.564744,119.565641,,,,,車位:小客車0輛、機車0輛、大客車0輛,,
Taiwan_Gov_OpenData_v2,hotels,Hotel_A15010000H_000761,紅帽民宿,位於澎湖縣的民宿,馬公市,西文里18鄰惠民新村16號,23.570913,119.578855,,,,,車位:小客車0輛、機車0輛、大客車0輛,,
Taiwan_Gov_OpenData_v2,hotels,Hotel_A15010000H_000798,愛戀山水時尚民宿,寬敞明亮的大廳搭配上主人精心挑選的家具，使空間散發出不凡的品味， 民宿內備有雙人房與四人房，更有專為親子打造的親子四人房， 不論是好友、情侶或是家庭出遊都能夠在「澎湖住宿‧愛戀山水民宿」內找到最適合的房型。 房間內延續著大廳時尚高雅的品味，充滿設計感的牆面與天花板讓人驚艷， 溫暖色調的燈光有著溫馨的氛圍，使旅人能夠在此自在地放鬆身心，感受「澎湖住宿‧愛戀山水民宿」帶來的感動。,馬公市,山水里21鄰珠江151之95號,23.5202816,119.5934856,,,,,車位:小客車0輛、機車0輛、大客車0輛,,
Taiwan_Gov_OpenData_v2,hotels,Hotel_A15010000H_000879,綉麗旅店民宿,我們沒有豪華的規格，沒有充滿設計感的裝潢，堅持維持最原味、傳統的民宿風格，手工，簡單乾淨、自然、樸實，讓人恢復到最原始、單純的純真世界，因為它擁有了世上所買不到的人情味與獨特的核心價值。「澎湖民宿綉麗旅店」是一間十分有特色的民宿，裡裡外外的環境，從規劃、設計到完成，全都不假他人之手，內部設多的小設施及用品，也都是純手工製作的，特色獨立、創意第一。,馬公市,石泉里石泉133號,23.55993,119.596755,,,,,車位:小客車0輛、機車0輛、大客車0輛,,
Taiwan_Gov_OpenData_v2,hotels,Hotel_A15010000H_000927,月橘民宿,澎湖｜月橘Villa．依天傍水的閩式古典假期初夏的澎湖午後天色晴明，開車駛在201縣道上，沒了市區的熱鬧與嘈雜，沿途的空曠景色鮮明了起來。往海邊的路上草和樹循著風拂過的方向搖曳，如同柔美自由的現代舞姿，你不禁將車窗打開，哼起輕快的鄉間小調；忽然一陣清香飄來，好像一種指引，跟著香氣前進，古色古香的月橘Villa就等在小路的那頭，期待與你在旅行裡溫柔相依。安歇放鬆的清幽，一磚一瓦的講究月橘華美的牌門以橘色磚為基調，色彩亮麗的花式瓷磚框住「月橘」二字，盛裝歡迎來訪的旅人們。走進月橘，涼風吹來，屋前水塘上浮著幾株欲待盛放的荷花，有幾分迷人的詩意，抬頭一望，馬鞍形狀的閩式屋脊下，精巧的花鳥嬉戲飾圖生動地躍出，仔細一瞧，竟是幾近失傳的「剪黏」手藝！月橘的主人Well特別請來專門修復老屋的團隊，整體建築結構按照古法施工，結合澎湖特有的咕咾石，老屋新造，讓來訪的旅人也能享受古厝典雅之美。黃澄的太陽爬過月橘的屋頂，日光下的月橘及一草一木皆撒上金箔色的光；落日餘暉、夜晚亮燈，盞盞燈黃妝點紫羅蘭色的晚霞。光影隨時間移動，古厝與池中相互倒映的倩影，在不同時刻的交替下如畫一般，既堂皇富麗，又清雅寧靜。古而不陳舊，雅而能自適而古樸的大門後，不是小橋流水的人家，竟是獨享的私人游泳池，正閃耀美好波光！讓你們在古厝裡也能享受現代舒適、沁涼玩耍；水光倒映著度假的歡樂，推開漆上金箔的復古紅色木門，房內擺放著優雅的中式古典家具。無論是太師椅、老菜櫥還是床頭的描金櫃，每一樣器物都文雅別緻。稍歇片刻，燈光從漂流木的蛀洞透出，你為自己沖一杯清心的風茹外婆茶，這一刻，就猶如一杯好茶般讓人回味無窮，接著，梳理被風吹亂的幾縷髮絲，從荷花瓷洗水檯掬一把水洗洗風塵、躺進浴缸，看夕陽的餘光滑落在屋脊馬背之後，一邊舒展身軀，一邊準備與月光相擁，進入一宿好眠的夢境。,馬公市,五德里1鄰雞母塢185號,23.523237,119.591971,,,,,車位:小客車0輛、機車0輛、大客車0輛,,
Taiwan_Gov_OpenData_v2,hotels,Hotel_A15010000H_000939,艾菲爾渡假民宿,位於澎湖縣的民宿,馬公市,西衛里25鄰西衛249之1號,23.585628,119.579479,,,,,車位:小客車0輛、機車0輛、大客車0輛,,
Taiwan_Gov_OpenData_v2,hotels,Hotel_A15010000H_001000,伴居民宿,位於澎湖縣的民宿,馬公市,西衛里24鄰西衛396之10號,23.585805,119.579855,,,,,車位:小客車0輛、機車0輛、大客車0輛,,
Taiwan_Gov_OpenData_v2,hotels,Hotel_A15010000H_001041,虹庭民宿,位於澎湖縣的民宿,湖西鄉,沙港村14鄰沙港62之3號,23.585481,119.659119,,,,,車位:小客車0輛、機車0輛、大客車0輛,,
Taiwan_Gov_OpenData_v2,hotels,Hotel_A15010000H_001049,晴海民宿,位於澎湖縣的民宿,馬公市,西衛里5鄰光復路282號,23.577495,119.576945,,,,,車位:小客車0輛、機車0輛、大客車0輛,https://penghu-xiwei.h-and.world/,
Taiwan_Gov_OpenData_v2,hotels,Hotel_A15010000H_001132,仲夏緣民宿,位於澎湖縣的民宿,馬公市,西衛里12鄰西衛83之61號,23.5781042,119.5826824,,,,,車位:小客車0輛、機車0輛、大客車0輛,,
Taiwan_Gov_OpenData_v2,hotels,Hotel_A15010000H_001154,春上村墅民宿,位於澎湖縣的民宿,馬公市,西衛里25鄰西衛373號,23.58725,119.581083,,,,,車位:小客車0輛、機車0輛、大客車0輛,,https://taiwan.taiwanstay.net.tw/twpic/56288.jpg?v=20260831
Taiwan_Gov_OpenData_v2,hotels,Hotel_A15010000H_001163,怡安海岸風情旅店民宿,位於澎湖縣的民宿,馬公市,五德里7鄰雞母塢41之5號,23.5241197,119.584676,,,,,車位:小客車0輛、機車0輛、大客車0輛,,
Taiwan_Gov_OpenData_v2,hotels,Hotel_A15010000H_001207,動物園民宿,位於澎湖縣的親子民宿(包棟),湖西鄉,城北村1鄰大城北6之12號,23.564335,119.618802,,,,,車位:小客車0輛、機車0輛、大客車0輛,,
Taiwan_Gov_OpenData_v2,hotels,Hotel_A15010000H_001215,謝老爹民宿,位於澎湖縣的民宿澎湖民宿,馬公市,烏崁里1鄰烏崁132之1號,23.550192,119.623837,,,,,車位:小客車0輛、機車0輛、大客車0輛,,
Taiwan_Gov_OpenData_v2,hotels,Hotel_A15010000H_001261,芙蓉居民宿,位於澎湖縣的民宿,馬公市,西文里11鄰西文澳736號,23.568214,119.589057,,,,,車位:小客車0輛、機車0輛、大客車0輛,,
Taiwan_Gov_OpenData_v2,hotels,Hotel_A15010000H_001470,洄遊民宿,位於澎湖縣的民宿,馬公市,東文里東文澳5之8號,23.563004,119.58777,,,,,車位:小客車0輛、機車0輛、大客車0輛,,
Taiwan_Gov_OpenData_v2,hotels,Hotel_A15010000H_001516,藍海天晴民宿,位於澎湖縣的民宿,馬公市,山水里14鄰珠江48之6號,23.513607,119.594644,,,,,車位:小客車0輛、機車0輛、大客車0輛,,
Taiwan_Gov_OpenData_v2,hotels,Hotel_A15010000H_001519,想享民宿,位於澎湖縣的民宿,馬公市,西衛里26鄰西衛348號,23.586758,119.582006,,,,,車位:小客車0輛、機車0輛、大客車0輛,,
Taiwan_Gov_OpenData_v2,hotels,Hotel_A15010000H_001538,喔哈娜民宿,喔哈娜(Ohana)～這是夏威夷語『家人』的意思；我們特別以此為名，象徵著賓至如歸的溫馨體驗～希望每位顧客都能把這裡當成自己的家一般放鬆，也闡述著我們將顧客當成家人看待的熱情招呼和溫情理念。 「澎湖民宿‧喔哈娜民宿」座落於白沙鄉講美村，前往北環路線的中間地帶，鄰近中屯風車、水族館、岐頭旅客中心及北海旅客中心。更是前往跨海大橋、鯨魚洞、二崁聚落及西嶼等景點的必經之路，讓想選擇遠離都市塵囂的你寧靜放鬆最佳住宿。現代化的外觀，以石砌外牆和玻璃圍牆展現大方時尚的輝煌氣度；大廳採用落地式的玻璃帷幕，不但成功引入戶外光線，增添室內採光，更提昇了雅致的尊榮氣息。 寬敞、明亮的客房空間運用了各式各樣的牆面色彩和壁紙花樣為造景，結合精巧別緻的裝潢設計，打造出別具特色的私有領域，每一位旅客都可以完全自在的放鬆休息，深刻感受澎湖菊島的熱情魅力。,白沙鄉,講美村8鄰講美78號2樓,23.632339,119.599361,,,,,車位:小客車0輛、機車0輛、大客車0輛,https://www.facebook.com/ohhana78/,
Taiwan_Gov_OpenData_v2,hotels,Hotel_A15010000H_001574,大嗓門民宿,位於澎湖縣的民宿,馬公市,烏崁里1鄰烏崁105之77號,23.542361,119.616304,,,,,車位:小客車0輛、機車0輛、大客車0輛,,
Taiwan_Gov_OpenData_v2,hotels,Hotel_A15010000H_001576,珍愛轉來民宿,位於澎湖縣的民宿,白沙鄉,中屯村51之5號,23.617223,119.605529,,,,,車位:小客車0輛、機車0輛、大客車0輛,,
Taiwan_Gov_OpenData_v2,hotels,Hotel_A15010000H_001586,瑪莉公主民宿(特色民宿),位於澎湖縣的民宿,馬公市,鐵線里80號,23.534727,119.602135,,,,,車位:小客車0輛、機車0輛、大客車0輛,,
Taiwan_Gov_OpenData_v2,hotels,Hotel_A15010000H_001606,熊站主題民宿,位於澎湖縣的民宿,馬公市,石泉里石泉2之101號,23.561009,119.59138,,,,,車位:小客車0輛、機車0輛、大客車0輛,,
Taiwan_Gov_OpenData_v2,hotels,Hotel_A15010000H_001613,金沙灣民宿,位於澎湖縣的民宿,馬公市,鎖港里1913號,23.5242474,119.5963521,,,,,車位:小客車0輛、機車0輛、大客車0輛,,
Taiwan_Gov_OpenData_v2,hotels,Hotel_A15010000H_001619,肥貓民宿,"位於澎湖縣馬公市東衛水庫附近的民宿,愛貓一族,民宿有養貓,我們提供免費的旅遊諮詢,民宿地點清幽安靜,附近近7-11,全家,餐廳,加油站,租車行,早餐店.民宿前有停車廣場,一樓有提供免費洗衣機使用.免費wifi,需與民宿主人同住.住宿不提供早餐.",馬公市,東衛里4鄰東衛33之21號,23.566807,119.601269,,,,,車位:小客車5輛、機車10輛、大客車0輛,,
Taiwan_Gov_OpenData_v2,hotels,Hotel_A15010000H_001660,沙鷗民宿,位於澎湖縣的民宿,湖西鄉,沙港村7之6號,23.603849,119.627541,,,,,車位:小客車0輛、機車0輛、大客車0輛,,
Taiwan_Gov_OpenData_v2,hotels,Hotel_A15010000H_001674,幸福花民宿,位於澎湖縣的民宿,馬公市,西衛里13鄰西衛179號,23.582118,119.580582,,,,,車位:小客車0輛、機車5輛、大客車0輛,,
Taiwan_Gov_OpenData_v2,hotels,Hotel_A15010000H_001787,夢田民宿,赤馬村是個遺落在繁華之外的小漁村，有紅瓦老厝石頭牆和超凡脫俗的絕美沙灘，地處澎湖縣西嶼鄉。    自從海洋資源枯竭傳統漁業式微，年輕人不再延續父執輩代代相傳的謀生方式，紛紛出走都市另闢活路，人口逐年外流，小舢舨寂寞的被擱置在沙丘上任憑風吹日曬，捕魚的網子如今用來圍養家禽，整個村子一下子冷清了起來。古樸的閩南式宅院終年門扉緊閉，斑剝的牆壁爬上翠綠的青苔，軟枝黃蟬從石頭窗花攀爬而出，彷彿宣告主人已多年未歸。厝邊空地上日治時期引進當薪材的銀合歡久無人砍伐，也已盤據出一股頑強氣勢宛如密林，更有甚者堂堂在頹圯的屋宇中落地生根佔地為王。海邊一座幾乎被海沙掩埋的碉堡，述說著這裡也曾經是海防重地的陳年往事，一旁黝黑冷硬被沖刷成圓滑的玄武岩石塊則不發一語，將歲月的故事全吞進腹中。這個村子的昔日比今天繁榮，未來將何去何從？卻無人知曉。    起初出外的子弟仍惦記著家中父老，隔三差五總要回來轉轉，也有打算退休後搬回定居的，後來家鄉父老相繼辭世返鄉的頻率逐年拉長，有一天子弟在外地也垂垂老去，這條與故鄉相連的臍帶就斷了，年輕人習慣了都市生活慢慢就不回來了，這裡的祖厝等不到翻修也不支倒塌，斷簷殘壁可以抵擋強勁的東北季風常常被鄰人整闢利用來種菜，種出甜美的高麗菜、紅蘿蔔、花生、玉米寄給出外子弟療癒了鄉愁。    夢田民宿主人阿貴是憑著記憶回來尋找先人足跡的，因為不忍祖先的胼手胝足消失於無形、不忍美麗的故鄉黯然蕭條，以他擅長的藝術元素與懷舊典藏，用現代的住宿環境，介紹鄉下的生活趣味，建起一座橋樑希望引來都會人來這裡看看，或許可以引來多一點關注給故鄉一點機會。,西嶼鄉,赤馬村緝馬灣30號,23.574608,119.501038,,,,,車位:小客車0輛、機車0輛、大客車0輛,,
Taiwan_Gov_OpenData_v2,hotels,Hotel_A15010000H_001788,佳期大飯店,"澎湖縣的旅館, 位於馬公市中心",馬公市,中興路21號,23.566618,119.567331,,,,,車位:小客車0輛、機車0輛、大客車0輛,,https://taiwan.taiwanstay.net.tw/twpic/199474.jpg?v=20260831
Taiwan_Gov_OpenData_v2,hotels,Hotel_A15010000H_001807,春屏民宿,位於澎湖縣的民宿,馬公市,光明里3鄰光復路131巷14號,23.56822,119.568167,,,,,車位:小客車0輛、機車0輛、大客車0輛,,
Taiwan_Gov_OpenData_v2,hotels,Hotel_A15010000H_001963,阿囉哈民宿,位於澎湖縣的民宿,馬公市,鎖港里1鄰鎖管港43號,23.5340333,119.6089183,,,,,車位:小客車0輛、機車0輛、大客車0輛,,
Taiwan_Gov_OpenData_v2,hotels,Hotel_A15010000H_002014,歐歐睏民宿,位於澎湖縣的民宿,湖西鄉,許家村3鄰港子尾78之15號,23.587556,119.609413,,,,,車位:小客車0輛、機車0輛、大客車0輛,,
Taiwan_Gov_OpenData_v2,hotels,Hotel_A15010000H_002043,雲享民宿,蒼海白「雲」～浪漫盡「享」「澎湖民宿‧澎湖雲享民宿」位於馬公市區，鄰近馬公港，不論您要騎車前往馬公市區品嘗美食、走訪歷史古蹟；或是您要驅車前往南環，造訪山水沙灘、蒔裡海灘、蛇頭山或風櫃洞…等自然風景；還是您想搭船漫遊七美、望安…等濱海島嶼都十分方便。「澎湖民宿‧澎湖雲享民宿」外觀採行簡明俐落的現代感直線設計，搭配整面落地玻璃的光亮大廳，呈現非凡的壯闊氣度。坐落於市區周邊的良好地理位置，不僅保有交通的便利性，更帶來了遠離喧囂及可眺望綠地的視野景觀，讓您能夠盡情徜徉於澎湖的熱情陽光。「澎湖民宿‧澎湖雲享民宿」提供雙人、四人及可容納五人至六人的通舖套房，房間內部也採用同樣的現代化風格，寬敞的房間空間、方正的臥房格局、搭配開闊的採光照明，讓屋內通風良好且光線極佳。省去繁雜富麗的裝潢佈景和造景陳設，僅以整潔的臥房空間、簡單的家具設備和明媚的窗外景色，讓旅人回到最原始本質的家居氣息，真正享有回到自家一般的放鬆感受。倘若您有任何疑問，歡迎直接電洽【0918-348211、0912-968211】或LINE ID【wls348211】澎湖民宿‧澎湖雲享民宿。,馬公市,東文里文學路255巷6號,23.561892,119.581954,,,,,車位:小客車0輛、機車0輛、大客車0輛,,https://taiwan.taiwanstay.net.tw/twpic/56562.jpg?v=20260831
Taiwan_Gov_OpenData_v2,hotels,Hotel_A15010000H_002065,夏沐霓民宿,位於澎湖縣的民宿,馬公市,東衛里15鄰東衛251之19號,23.5699679,119.6061565,,,,,車位:小客車0輛、機車0輛、大客車0輛,,https://taiwan.taiwanstay.net.tw/twpic/281499.jpg?v=20260831
Taiwan_Gov_OpenData_v2,hotels,Hotel_A15010000H_002079,緹米民宿,位於澎湖縣的民宿,馬公市,安宅里11鄰宅腳嶼89之30號,23.5760267,119.6039608,,,,,車位:小客車0輛、機車0輛、大客車0輛,,
Taiwan_Gov_OpenData_v2,hotels,Hotel_A15010000H_002090,海上人家民宿,位於澎湖縣的民宿,馬公市,烏崁里1鄰烏崁105之70號,23.546614,119.618609,,,,,車位:小客車0輛、機車0輛、大客車0輛,,
Taiwan_Gov_OpenData_v2,hotels,Hotel_A15010000H_002100,綠洲旅店民宿,位於澎湖縣的民宿,馬公市,西衛里26鄰西衛575號,23.592083,119.583149,,,,,車位:小客車0輛、機車0輛、大客車0輛,,
Taiwan_Gov_OpenData_v2,hotels,Hotel_A15010000H_002102,福有民宿,葉媽媽是負責房間打掃的女主人，對於房間的衛生整潔很重視，所以我們民宿的客房可是很乾淨漂亮的唷！我們民宿有三種房間類型，分別是雙人房、四人房及八人房，位於馬公市區中心，所以並沒有依山傍海的景致，但卻有地利的優勢唷，可以隨意的逛街並品嚐澎湖的道地小吃美食，另外市區的景點可是非常有名的，有菊島之星、漁人碼頭、夏日風情、海洋之母、中央老街、媽祖宮、四眼井、中正路鬧區，順城門、觀音亭（彩虹橋）、澎湖開拓館、海洋資源館等，都是不可錯過的好去處。,馬公市,光復里中華路36號,23.568864,119.569562,,,,,車位:小客車0輛、機車0輛、大客車0輛,,
Taiwan_Gov_OpenData_v2,hotels,Hotel_A15010000H_002106,虎井海島休閒民宿,位於澎湖縣的民宿,馬公市,虎井里75之9號,23.486493,119.518061,,,,,車位:小客車0輛、機車0輛、大客車0輛,,
Taiwan_Gov_OpenData_v2,hotels,Hotel_A15010000H_002146,紅島民宿,位於澎湖縣的民宿,馬公市,安宅里宅腳嶼173號,23.579179,119.603855,,,,,車位:小客車0輛、機車0輛、大客車0輛,,
Taiwan_Gov_OpenData_v2,hotels,Hotel_A15010000H_002313,名揚山莊民宿(特色民宿),位於澎湖縣的民宿,白沙鄉,吉貝村182-8號,23.739273,119.608412,,,,,車位:小客車0輛、機車0輛、大客車0輛,,
Taiwan_Gov_OpenData_v2,hotels,Hotel_A15010000H_002314,米克斯民宿,位於澎湖縣的民宿,馬公市,鎖港里鎖管港1465號,23.524054,119.599872,,,,,車位:小客車0輛、機車0輛、大客車0輛,,
Taiwan_Gov_OpenData_v2,hotels,Hotel_A15010000H_002315,澎湖灣民宿,澎湖合法、優質、獨棟民宿    位於澎湖馬公市東衛里之【熱海/澎湖灣民宿】，為獨棟別墅型的合法民宿，於102年度榮獲觀光局頒發【好客民宿獎章】，兼具硬體設施合法性與服務品質專業性之優質民宿。    坐擁鬧中取靜的幽靜環境，與「優質大套房」房型、優惠房價方案等，對於團體包棟的遊客來說，是【最平價】且【最優質】的旅宿首選。澎湖海陸一條龍‧旅遊行程建議歡迎洽詢    澎湖灣民宿除了提供優質旅宿環境外，另提供旅遊導覽解說、汽車機車租賃、海洋牧場、夜釣小管、水上活動、南海北海交通船票代訂等相關旅遊多元服務，讓澎湖旅遊更便利與實惠，歡迎洽詢-林小姐06-9215830/0928-238586/,馬公市,東衛里43之1號,23.566465,119.603037,,,,,車位:小客車0輛、機車0輛、大客車0輛,,https://taiwan.taiwanstay.net.tw/twpic/56664.png?v=20260831
Taiwan_Gov_OpenData_v2,hotels,Hotel_A15010000H_002345,星月小樓民宿,不管旅行到哪裡，我們都會渴求一個溫馨舒適的地方，能夠獲得一夜好眠，繼續明天的旅程。在星月小樓裡，除了要讓您們獲得安穩的休息以外，更珍惜能和您們相遇的緣份，希望能成為您們在澎湖的家人，得到溫暖的關心和照顧 ^ ^，歡迎回家！！,馬公市,興仁里9鄰雙頭掛60之30號,23.5517606,119.6135176,,,,,車位:小客車0輛、機車0輛、大客車0輛,,
Taiwan_Gov_OpenData_v2,hotels,Hotel_A15010000H_002398,憨吉芋頭民宿,歡迎來到澎湖~憨吉＆芋頭民宿。當民宿主人愛上〝菊島〞的風與陽光，所以就決定舉家搬來這美麗的離島~澎湖。~~憨吉&芋頭民宿的名字來自民宿主人的兩隻貓咪，兩隻貓最喜歡坦蕩蕩在大廳享受澎湖的陽光民宿每個房間都自己的特色！民宿提供澎湖特色早餐！歡迎您來澎湖~與民宿的毛寶貝一起享受菊島的日光浴、沙灘、清澈湛藍的海。,湖西鄉,鼎灣村1鄰鼎灣9之1號,23.590628,119.620509,,,,,車位:小客車0輛、機車0輛、大客車0輛,http://www.hanjiyutou.com.tw,
Taiwan_Gov_OpenData_v2,hotels,Hotel_A15010000H_002423,寄居蟹之家民宿(特色民宿),寄居蟹之家民宿位於馬公市山水里，本民宿為登記合法民宿，步行至澎南區的超人氣沙灘「山水沙灘」只要五分鐘的時間，提供想要親海遊憩的旅人們一個相當舒適的旅宿環境。民宿主人陳大哥夫妻，一點一滴聯手打造起這麼棟佔地數百坪的庭園民宿。寬敞的公共空間，遼闊的綠地，可愛的噴水池加上庭園休憩區，要讓旅宿於此的人們享受最放鬆而愜意的菊島假期。,馬公市,山水里212號,23.520745,119.594632,,,,,車位:小客車0輛、機車0輛、大客車0輛,,https://taiwan.taiwanstay.net.tw/twpic/56710.jpg?v=20260831
Taiwan_Gov_OpenData_v2,hotels,Hotel_A15010000H_002450,日青民宿,位於澎湖縣的民宿,馬公市,西文里11鄰西文澳706號,23.567951,119.593553,,,,,車位:小客車0輛、機車0輛、大客車0輛,,
Taiwan_Gov_OpenData_v2,hotels,Hotel_A15010000H_002460,水藍舍民宿,位於澎湖縣的民宿,馬公市,西衛里83之29號,23.578162,119.5816367,,,,,車位:小客車0輛、機車0輛、大客車0輛,,
Taiwan_Gov_OpenData_v2,hotels,Hotel_A15010000H_002475,班夫小鎮民宿,位於澎湖縣的民宿,馬公市,東衛里19鄰東衛5之7號,23.570094,119.598819,,,,,車位:小客車0輛、機車0輛、大客車0輛,,
Taiwan_Gov_OpenData_v2,hotels,Hotel_A15010000H_002497,佳園民宿,位於澎湖縣的民宿,馬公市,石泉里13鄰石泉1號之201,23.560972,119.596772,,,,,車位:小客車0輛、機車0輛、大客車0輛,,
Taiwan_Gov_OpenData_v2,hotels,Hotel_A15010000H_002537,夏之星民宿,位於澎湖縣的民宿,馬公市,鐵線里1鄰鐵線尾109號,23.5372164,119.6036514,,,,,車位:小客車0輛、機車0輛、大客車0輛,,
Taiwan_Gov_OpenData_v2,hotels,Hotel_A15010000H_002581,水紫印民宿,位於澎湖縣的民宿,馬公市,石泉里12鄰石泉1之347號,23.560465,119.598533,,,,,車位:小客車0輛、機車0輛、大客車0輛,,
Taiwan_Gov_OpenData_v2,hotels,Hotel_A15010000H_002591,雅霖大飯店,澎湖2010年新蓋地下1樓，地上11層，總共150間客房的雅霖景觀大飯店，一樓接待大廳佔地三百坪，設有早餐吧和咖啡吧及商務中心；二樓為擺設40桌之中餐廳、會議室，讓您用餐中也能享受第三漁港景觀；三樓設有健身房、烤箱室和蒸氣室，室外另有25公尺標準游泳池和spa池，是各界囑目的澎湖新地標，位於第三漁港馬公市未來商業中心，緊臨南海遊客中心，不僅設備新，視野好，創意也十足，讓住客充滿驚喜。,馬公市,陽明里同和路100號,23.5701853,119.5755709,,,,,車位:小客車0輛、機車0輛、大客車0輛,http://www.yaling-hotel.tw/yaling-hotel.htm,https://taiwan.taiwanstay.net.tw/twpic/56741.JPG?v=20260831
Taiwan_Gov_OpenData_v2,hotels,Hotel_A15010000H_002622,番薯藤民宿,位於澎湖縣的民宿,馬公市,東文里4鄰大賢街85號,23.562728,119.581348,,,,,車位:小客車0輛、機車0輛、大客車0輛,,
Taiwan_Gov_OpenData_v2,hotels,Hotel_A15010000H_002680,歐船長民宿,"歐船長民宿位在澎湖本島湖西鄉的一處小漁村, 沿著澎202或澎203縣道, 再接澎11鄉道, 進入沙港村土地公前社區就是我們所在位置! 民宿正前方就是澎湖傳統的小漁港, 清晨或是黃昏時刻, 散步在漁港看著日出或日落, 以及船隻進出漁港的瞬間, 有種遠離都市塵囂的放鬆! 在這裡新鮮的空氣, 寧靜的漁村生活絕對是釋放壓力的最好選擇! 我們所在的位置距離馬公市區約15-20分鐘車程, 距離機場約10分鐘車程! 喜歡放鬆度假的您不妨來住宿體驗喔!",湖西鄉,沙港村18鄰土地公前6之2號,23.6046235,119.6296444,,,,,車位:小客車0輛、機車0輛、大客車0輛,,
Taiwan_Gov_OpenData_v2,hotels,Hotel_A15010000H_002690,鴻不讓民宿,位於澎湖縣的民宿,馬公市,興仁里9鄰双頭掛220之2號,23.549418,119.610648,,,,,車位:小客車0輛、機車0輛、大客車0輛,,
Taiwan_Gov_OpenData_v2,hotels,Hotel_A15010000H_002764,溫心海民宿,位於澎湖縣的民宿,馬公市,鎖港里2鄰鎖管港80之6號,23.524042,119.596565,,,,,車位:小客車0輛、機車0輛、大客車0輛,,
Taiwan_Gov_OpenData_v2,hotels,Hotel_A15010000H_002808,看海棧民宿,雖然沒有奇型殊狀的建築外觀，也不以多餘綴飾裝潢的內裝添加收費，「即便是回家，樸實之中也點綴著驚喜，即便是休閒，也充滿著舒適與溫情。」這就是看海棧對來到菊島旅行的人們的信念與執著！,馬公市,前寮里7鄰前寮33之16號,23.551312,119.586625,,,,,車位:小客車0輛、機車0輛、大客車0輛,,
Taiwan_Gov_OpenData_v2,hotels,Hotel_A15010000H_002855,樂居民宿,位於澎湖縣的民宿,馬公市,東衛里20鄰東衛212之27號,23.569592,119.605651,,,,,車位:小客車0輛、機車0輛、大客車0輛,,
Taiwan_Gov_OpenData_v2,hotels,Hotel_A15010000H_003009,綠的旅館,位於澎湖縣的旅館,馬公市,光榮里15鄰文光路27之3號(1至3樓),23.5742851,119.5702885,,,,,車位:小客車7輛、機車0輛、大客車0輛,,
Taiwan_Gov_OpenData_v2,hotels,Hotel_A15010000H_003113,來玩住我家民宿,民宿雖離市區有點距離，卻能夠遠離吵囂的城市氣息，出來玩就是要快樂，要快樂就是要放輕鬆。短短的距離，能讓你多呼吸些澎湖清新的空氣，出來玩就是要放慢腳步。鄰近山水沙灘，是您黃昏或者夜晚去散心的好去處呢!或水或者踩著滿腳砂完，不用擔心回家麻煩，因為民宿就在附近。民宿對面就是7-11，讓你再晚都有東西吃，對面就是警察局，讓你的渡價有安全保障，旁邊也有郵局，提款機相當便利呢!,馬公市,鎖港里1882號,23.5242212,119.5963791,,,,,車位:小客車0輛、機車0輛、大客車0輛,,https://taiwan.taiwanstay.net.tw/twpic/56918.JPG?v=20260831
Taiwan_Gov_OpenData_v2,hotels,Hotel_A15010000H_003154,焦糖瑪奇朵民宿,"位於澎湖縣馬公市的民宿,乾淨.舒適.簡單的評價民宿,價格實惠,生活機能便利,民宿主人親切實在",馬公市,東文里6鄰文山路146號,23.561237,119.583758,,,,,車位:小客車0輛、機車0輛、大客車0輛,,
Taiwan_Gov_OpenData_v2,hotels,Hotel_A15010000H_003242,山水曼波休閒民宿(特色民宿),位於澎湖縣的民宿,馬公市,山水里珠江17之27號,23.514531,119.593756,,,,,車位:小客車0輛、機車0輛、大客車0輛,,
Taiwan_Gov_OpenData_v2,hotels,Hotel_A15010000H_003259,月牙灣寵物民宿,澎湖度假首選！超大庭院讓毛孩自由奔跑的幸福城堡。帶毛孩出門旅行，最需要的就是放鬆的大空間。我們擁有澎湖少見的超大戶外庭院。四周設有安全的防護圍欄。讓您可以放心地放開牽繩。看著毛孩在澎湖的陽光下快樂地搖尾巴。民宿不只空間大，交通也很方便。無論是去馬公市區吃美食，還是出發去澎湖跨海大橋拍照。這裡都是最棒的休息出發點。房間寬敞、採光極佳。讓您與毛孩在熱情的菊島，過一個最舒服的夏天！,馬公市,東衛里19鄰東衛5之5號,23.570348,119.598549,,,,,車位:小客車0輛、機車0輛、大客車0輛,,
Taiwan_Gov_OpenData_v2,hotels,Hotel_A15010000H_003264,左轉休閒民宿,位於澎湖縣的民宿,馬公市,西文里24鄰新生路380號,23.565435,119.5819466,,,,,車位:小客車0輛、機車0輛、大客車0輛,,
Taiwan_Gov_OpenData_v2,hotels,Hotel_A15010000H_003347,海岸情民宿,"大海,是澎湖人的母親.古早的澎湖人,依靠著大海生活.而海岸,寄託著等待親人回歸的情感現在的澎湖人,依然靠著大海生活而海岸,則是寄託著我們等你們到來的情感.",馬公市,西衛里25鄰西衛491號,23.585509,119.578517,,,,,車位:小客車0輛、機車0輛、大客車0輛,,
Taiwan_Gov_OpenData_v2,hotels,Hotel_A15010000H_003381,彩色珊瑚礁民宿,位於澎湖縣的民宿,馬公市,案山里1鄰大案山19之3號,23.5569926,119.5787403,,,,,車位:小客車0輛、機車0輛、大客車0輛,,
Taiwan_Gov_OpenData_v2,hotels,Hotel_A15010000H_003457,微風民宿,位於澎湖縣的民宿,馬公市,西衛里五福路201巷9弄6號,23.580763,119.574895,,,,,車位:小客車0輛、機車0輛、大客車0輛,,
Taiwan_Gov_OpenData_v2,hotels,Hotel_A15010000H_003458,金色雅築民宿,金色雅築民宿位於馬公澎湖科技大學附近，周邊環境便利有商店餐廳，民宿乾淨優雅，鬧中取靜是遊客首選的民宿,馬公市,朝陽里36鄰六合路41巷14號,23.574148,119.580273,,,,,車位:小客車0輛、機車0輛、大客車0輛,,
Taiwan_Gov_OpenData_v2,hotels,Hotel_A15010000H_003466,丞欣民宿,位於澎湖縣的民宿,馬公市,東文里3鄰文前街47號,23.563992,119.584694,,,,,車位:小客車0輛、機車0輛、大客車0輛,,
Taiwan_Gov_OpenData_v2,hotels,Hotel_A15010000H_003498,香亭一館民宿,位於澎湖縣的民宿,馬公市,澎湖縣馬公市嵵裡里11鄰嵵裡109之10號,23.5257437,119.5675181,,,,,車位:小客車0輛、機車0輛、大客車0輛,,
Taiwan_Gov_OpenData_v2,hotels,Hotel_A15010000H_003499,亞瑪加民宿,位於澎湖縣的民宿,馬公市,西衛里光復路385號,23.577093,119.576295,,,,,車位:小客車0輛、機車0輛、大客車0輛,,
Taiwan_Gov_OpenData_v2,hotels,Hotel_A15010000H_003522,海上男兒民宿,位於澎湖縣的民宿,望安鄉,將軍村12鄰將軍澳1之1號,23.3682564,119.5303325,,,,,車位:小客車0輛、機車0輛、大客車0輛,https://www.facebook.com/oceanman0403/,https://taiwan.taiwanstay.net.tw/twpic/68747.JPG?v=20260831
Taiwan_Gov_OpenData_v2,hotels,Hotel_A15010000H_003565,安芯民宿,位於澎湖縣的民宿,馬公市,東文里18鄰文山路278號,23.559495,119.582801,,,,,車位:小客車0輛、機車0輛、大客車0輛,,
Taiwan_Gov_OpenData_v2,hotels,Hotel_A15010000H_003609,芯築民宿,位於澎湖縣的民宿,湖西鄉,許家村3鄰港子尾70之1號,23.586658,119.607562,,,,,車位:小客車0輛、機車0輛、大客車0輛,https://l4fu040.github.io/Xin-Zhu-Homestay/,
Taiwan_Gov_OpenData_v2,hotels,Hotel_A15010000H_003616,德芬渡假旅館,位於澎湖縣白沙鄉吉貝島的旅館,白沙鄉,吉貝村189之12號,23.738545,119.603582,,,,,車位:小客車0輛、機車0輛、大客車0輛,http://down-home.com.tw,
Taiwan_Gov_OpenData_v2,hotels,Hotel_A15010000H_003665,咖啡民宿,位於澎湖縣的民宿,馬公市,西衛里21鄰五福路3巷8之6號,23.580062,119.578492,,,,,車位:小客車0輛、機車0輛、大客車0輛,,
Taiwan_Gov_OpenData_v2,hotels,Hotel_A15010000H_003684,旅朋友民宿,旅朋友位於湖西鄉，距離市區 10 分鐘車程，提供免費無線上網和私人停車場。民宿每間客房均設有空調和平面電視，部分客房設有休憩區，提供住客便利的住宿，部分客房亦設有露台或陽台。所有客房均設有私人衛浴，為提供舒適的住宿體驗，房內亦備有拖鞋、吹風機和免費盥洗用品。民宿提供免費接駁車服務，每日供應當地風味早餐，另提供各項旅遊服務。,湖西鄉,許家村3鄰港子尾78之3號,23.583089,119.608203,,,,,車位:小客車0輛、機車0輛、大客車0輛,,
Taiwan_Gov_OpenData_v2,hotels,Hotel_A15010000H_003716,幸福空間民宿,"位於澎湖縣的民宿,便宜不失格調,適合一家人一起旅遊的好休憩地",馬公市,西衛里12鄰西衛83之59號,23.578189,119.582789,,,,,車位:小客車0輛、機車0輛、大客車0輛,,
Taiwan_Gov_OpenData_v2,hotels,Hotel_A15010000H_003718,陽光棕櫚民宿,位於澎湖縣的民宿,馬公市,五德里1鄰雞母塢227號,23.526732,119.587608,,,,,車位:小客車0輛、機車0輛、大客車0輛,,
Taiwan_Gov_OpenData_v2,hotels,Hotel_A15010000H_003723,愛丁堡精品旅店民宿,位於澎湖縣的民宿,馬公市,西衛里26鄰西衛271號,23.585475,119.581437,,,,,車位:小客車0輛、機車0輛、大客車0輛,https://www.topvilla.top/product/product.php?lang=tc&class2=99,
Taiwan_Gov_OpenData_v2,hotels,Hotel_A15010000H_003764,快樂民宿,位於澎湖縣的民宿,馬公市,中央里中正路21號,23.564336,119.565106,,,,,車位:小客車0輛、機車0輛、大客車0輛,,
Taiwan_Gov_OpenData_v2,hotels,Hotel_A15010000H_003782,安之宅民宿,位於澎湖縣的民宿,馬公市,安宅里1鄰宅腳嶼93之20號,23.5722386,119.6021845,,,,,車位:小客車0輛、機車0輛、大客車0輛,,
Taiwan_Gov_OpenData_v2,hotels,Hotel_A15010000H_003803,亞泰民宿,位於澎湖縣的民宿,白沙鄉,吉貝村183-26號,23.738448,119.607854,,,,,車位:小客車0輛、機車0輛、大客車0輛,,
Taiwan_Gov_OpenData_v2,hotels,Hotel_A15010000H_003845,珊瑚海民宿,珊瑚海民宿座落於澎湖馬公市鎖港，北距機場3.5KM 車程約 6.7分鐘，南距山水海灘3KM， 西離馬公市區9KM車程約 15~20分鐘係於東海岸線的一海港，早年是個盛產小管.沙丁魚的漁港，村內尚有魚灶及圓錐卵石築造的兩座百年以上子午塔三級古蹟，南北輝映宛若兩座小沙丘。,馬公市,鎖港里1021號,23.5306225,119.602945,,,,,車位:小客車0輛、機車0輛、大客車0輛,,
Taiwan_Gov_OpenData_v2,hotels,Hotel_A15010000H_003958,發現光點民宿,民宿位於馬公市往白沙、湖西地區的中心點，交通方便，距機場也僅十分鐘。,馬公市,東衛里221之2號,23.566819,119.606352,,,,,車位:小客車0輛、機車0輛、大客車0輛,,
Taiwan_Gov_OpenData_v2,hotels,Hotel_A15010000H_003960,翔鴿渡假別墅,位於澎湖縣的民宿,馬公市,陽明里永安街31號,23.572584,119.572907,,,,,車位:小客車0輛、機車0輛、大客車0輛,,
Taiwan_Gov_OpenData_v2,hotels,Hotel_A15010000H_004100,萊海邊民宿,位於澎湖縣的民宿,馬公市,嵵裡里1鄰漁工新村2之1號,23.519661,119.573741,,,,,車位:小客車0輛、機車0輛、大客車0輛,,
Taiwan_Gov_OpenData_v2,hotels,Hotel_A15010000H_004104,豐谷賓館,豐谷大飯店位於民福路，鄰近第一漁港，榮獲省衛生局評鑑衛生優良店，及澎湖衛生局頒發優良旅館，飯店內附有ADSL無線上網，與豐國大飯店相距100公尺，讓您旅遊南海最方便。飯店後方的遊艇碼頭設有棧木道、行人徒步區，休閒的沿著碼頭走，感受漁村氣息。(軍公教團體特價優惠),馬公市,啟明里民福路4號1-8樓,23.5637331,119.567511,,,,,車位:小客車0輛、機車0輛、大客車0輛,http://www.yaling-hotel.tw/foung-gu-hotel.htm,https://taiwan.taiwanstay.net.tw/twpic/57251.jpg?v=20260831
Taiwan_Gov_OpenData_v2,hotels,Hotel_A15010000H_004138,樂鬧民宿,位於澎湖縣的民宿,馬公市,烏崁里1鄰烏崁105之75號,23.542639,119.616582,,,,,車位:小客車0輛、機車0輛、大客車0輛,,https://taiwan.taiwanstay.net.tw/twpic/57260.jpg?v=20260831
Taiwan_Gov_OpenData_v2,hotels,Hotel_A15010000H_004139,百世多麗花園酒店,澎湖的休閒渡假飯店「Pescadores百世多麗花園酒店」提供溫水游泳池、SPA、三溫暖、KTV、健身俱樂部等休閒娛樂設施的高級度假飯店，一、二館共有約200間客房，讓遊客住房假期更舒適。 館內的大型挑高宴會廳、中/西餐廳、自助餐廳、咖啡廳等空間規劃，餐點內容主要以澎湖的特色海鮮料理為主，提供多樣化且精緻化的餐點，能滿足多種型態的私人聚會、商務洽談、婚宴餐飲、會議假期等需求。同時，也有專人提供宴會餐飲規劃諮詢，為賓客量身打造專屬聚會時光。	希望讓前來住宿的客人們，能夠以超值的價格，體驗高級的飯店住宿、餐飲及當地特色活動行程，有一段心曠神怡的假期。,馬公市,東文里新店路420號,23.563043,119.582448,,,,,車位:小客車0輛、機車0輛、大客車0輛,http://www.pescadoresresort.com,https://taiwan.taiwanstay.net.tw/twpic/57262.jpg?v=20260831
Taiwan_Gov_OpenData_v2,hotels,Hotel_A15010000H_004186,愛鄉民宿,位於澎湖縣的民宿,馬公市,中央里正義街14號,23.564432,119.564134,,,,,車位:小客車0輛、機車0輛、大客車0輛,,
Taiwan_Gov_OpenData_v2,hotels,Hotel_A15010000H_004207,采居海景民宿,"位於澎湖縣馬公市區,熱鬧中又安靜舒適,周圍鄰近海邊及便利商店,知名早餐街",馬公市,光榮里24鄰三多路390巷7號,23.577417,119.569581,,,,,車位:小客車0輛、機車0輛、大客車0輛,,
Taiwan_Gov_OpenData_v2,hotels,Hotel_A15010000H_004214,益美民宿,位於澎湖縣的民宿,馬公市,中央里中央街23號,23.564845,119.564821,,,,,車位:小客車0輛、機車0輛、大客車0輛,,
Taiwan_Gov_OpenData_v2,hotels,Hotel_A15010000H_004229,菊舍民宿,位於澎湖縣的民宿,馬公市,石泉里2之67號,23.5578748,119.5934048,,,,,車位:小客車0輛、機車0輛、大客車0輛,,https://taiwan.taiwanstay.net.tw/twpic/304859.jpg?v=20260831
Taiwan_Gov_OpenData_v2,hotels,Hotel_A15010000H_004299,德奇海景民宿,位於澎湖縣的民宿,七美鄉,南港村46號,23.1960038,119.4251875,,,,,車位:小客車0輛、機車0輛、大客車0輛,,
Taiwan_Gov_OpenData_v2,hotels,Hotel_A15010000H_004359,愛琴海民宿,位於澎湖縣的民宿,馬公市,鎖港里1鄰鎖管港46之3號,23.524097,119.596508,,,,,車位:小客車0輛、機車0輛、大客車0輛,,
Taiwan_Gov_OpenData_v2,hotels,Hotel_A15010000H_004364,漁鄉魚香民宿,漁鄉魚香民宿位於白沙鄉港子村，站在40坪的陽台上看到360度的美麗海景，卻可將附近無人島的風采盡收眼底。早晨黃昏到鎮海灣散步，享受寧靜、休閒，海景變化萬千；也可以到港子和岐頭海域觀賞招潮蟹和紅樹林，甚至退潮時還可走到潮間帶撿螺貝抓螃蟹等活動。    民宿房間內乾淨、簡單，詩肯柚木的床組，讓您到澎湖來聞到海洋的氣味，也聞著木頭香味入眠。    如果暫時哪兒都不想去，坐在庭院，悠哉一邊品賞咖啡茶飲、一邊欣賞花草樹木、一邊看著自己喜歡的書，既放鬆又舒適的渡過悠閒時光也是不錯的選擇。    歡迎來到漁鄉魚香來體驗。,白沙鄉,港子村9鄰港子107之2號,23.6473461,119.5951051,,,,,車位:小客車0輛、機車0輛、大客車0輛,https://sites.google.com/penghuyuxiang.com/yuxiangyuxianghomestay/%E9%A6%96%E9%A0%81/%E5%A6%82%E4%BD%95%E8%A8%82%E6%88%BF,https://taiwan.taiwanstay.net.tw/twpic/57377.jpg?v=20260831
Taiwan_Gov_OpenData_v2,hotels,Hotel_A15010000H_004374,沐月民宿,位於澎湖縣的民宿,馬公市,鎖港里19鄰鎖管港1466號,23.525125,119.599143,,,,,車位:小客車0輛、機車0輛、大客車0輛,,
Taiwan_Gov_OpenData_v2,hotels,Hotel_A15010000H_004458,豐家大飯店,​豐家大飯店樓高12層，榮獲澎湖縣政府衛生競賽優良獎，可為您的需求提供全方位旅遊服務。佇立陽台，一杯咖啡、一盅清茶，遠眺漁港，藍天之下，漁船點點，劃過清澈湛藍的水面，討海人的生活，隨著起伏的波浪與您招手，豐家與您共享澎湖的淳樸和寧靜。,馬公市,陽明里同和路2號1-12樓,23.571672,119.57622,,,,,車位:小客車0輛、機車0輛、大客車0輛,http://www.yaling-hotel.tw/,https://taiwan.taiwanstay.net.tw/twpic/148851.jpg?v=20260831
Taiwan_Gov_OpenData_v2,hotels,Hotel_A15010000H_004476,樂圖漫遊會館民宿一館,位於澎湖縣的民宿,馬公市,西衛里25鄰西衛261之9號,23.586075,119.580853,,,,,車位:小客車0輛、機車0輛、大客車0輛,http://www.lovetour880.com,
Taiwan_Gov_OpenData_v2,hotels,Hotel_A15010000H_004500,夏灩民宿(特色民宿),澎湖｜夏灩．夏日裡的一方瀲灩越過一望無際的海藍，船隻停在澎湖馬公碼頭，遠離市區一路往北，從203縣道切至澎11鄉道，拉下車窗，藍天和白雲陪你一起迎接假期，然後你來到夏灩，一方連著潮間帶的陽光黃渡假之地，一方夏日裡解憂的樂土。療癒暖心的店狗與海潮走進這一抹濃艷的黃色建築中，主人Summer親切的笑容有如門外的夏日，店狗Boss叼著飛盤在你腳邊繞啊繞，帶著你繞過紅磚地板和實木桌椅，一腳踩進陽光普照、潮汐環抱的後院。Boss隨著飛盤在草皮上興奮地奔跑，一人一狗沐浴在海風裡相互追逐。過午之後的海水漸漸淹過石子滿了上來，Boss也跟著慵懶了起來。靠在面海的木椅上，面對海潮聲和海湧，感覺自己何其渺小，也何其幸運；一無所有，也擁有所有。夏灩的每個房間都有自己的名字，每個名字都透露著這個地方的小秘密。純淨海風房位於二樓，有著跟海風一樣的高度，外推的陽台可以看清楚退潮時石子上苔癬的生綠、滿潮時水藍色的海水；寧靜星空房有開闊的陽台，安靜的晚上不妨接受星辰的邀請走出房外，享受星光閃耀的夜空；蔚藍海域房坐擁一大片面海的落地窗，美麗的海景讓你直到太陽在海平面的那端透出絲絲微光，才捨得入睡。隔天早晨，循著香氣來到早餐面前，兩片烤得恰好的吐司擁抱著火腿和煎蛋，爽脆的生菜淋上濃郁的千島醬，咖啡香喚醒你的胃，簡單卻色香味美，開啟美好的早晨。,湖西鄉,沙港村13-1號,23.602453,119.626436,,,,,車位:小客車0輛、機車0輛、大客車0輛,,https://taiwan.taiwanstay.net.tw/twpic/57416.jpg?v=20260831
Taiwan_Gov_OpenData_v2,hotels,Hotel_A15010000H_004533,溫馨民宿,位於澎湖縣馬公市的民宿,馬公市,烏崁里1之6號,23.547947,119.619377,,,,,車位:小客車0輛、機車10輛、大客車0輛,,
Taiwan_Gov_OpenData_v2,hotels,Hotel_A15010000H_004588,兄弟會館民宿三館,位於澎湖縣的民宿,馬公市,石泉里5鄰石泉583號,23.557875,119.593405,,,,,車位:小客車0輛、機車0輛、大客車0輛,,
Taiwan_Gov_OpenData_v2,hotels,Hotel_A15010000H_004595,菘之屋民宿,澎湖菊島的清新小屋【菘之屋】、位於馬公市效，部份日式現代感的外觀建築，以一橫一豎的筆直線條勾勒出簡約俐落且時尚的雅緻氣質，參雜著些許的木質元素和小花輔綠意花草，讓整體更為柔和淡雅。澎湖菘之屋、備有簡易舒適的雙人、四人及六人房，開闊寬敞的空間格局，新穎明亮且通風。以舒適的寢具、完備的家具和簡單的小物佈景，融會高雅的裝潢設計，展現空間的單純與清新，也讓來訪的旅人備感溫馨舒爽。,馬公市,安宅里171號,23.579189,119.603507,,,,,車位:小客車0輛、機車0輛、大客車0輛,,
Taiwan_Gov_OpenData_v2,hotels,Hotel_A15010000H_004621,岐頭親水民宿,位於澎湖縣的民宿,白沙鄉,岐頭村岐頭45-6號,23.6524928,119.6049987,,,,,車位:小客車0輛、機車0輛、大客車0輛,https://www.facebook.com/citou.homestay/,
Taiwan_Gov_OpenData_v2,hotels,Hotel_A15010000H_004627,樂屋民宿,位於澎湖縣的民宿,湖西鄉,城北村1鄰大城北5之29號,23.568688,119.615339,,,,,車位:小客車0輛、機車0輛、大客車0輛,,
Taiwan_Gov_OpenData_v2,hotels,Hotel_A15010000H_004663,夏一棧民宿,位於澎湖縣的民宿,馬公市,鐵線里1鄰鐵線尾69之1號,23.535171,119.602639,,,,,車位:小客車0輛、機車0輛、大客車0輛,,
Taiwan_Gov_OpenData_v2,hotels,Hotel_A15010000H_004683,嵵裡。仙人掌海景民宿,位於澎湖縣的民宿,馬公市,嵵裡里11鄰嵵裡290號,23.5257437,119.5675181,,,,,車位:小客車1輛、機車6輛、大客車0輛,,
Taiwan_Gov_OpenData_v2,hotels,Hotel_A15010000H_004724,鄉閣民宿,位於澎湖縣的民宿,馬公市,東文里2鄰文山路36巷10之1號,23.562689,119.58459,,,,,車位:小客車0輛、機車0輛、大客車0輛,,
Taiwan_Gov_OpenData_v2,hotels,Hotel_A15010000H_004739,唯你民宿,唯你民宿位於澎湖縣的民宿,馬公市,西衛里14鄰西衛221之12號,23.583784,119.582414,,,,,車位:小客車0輛、機車0輛、大客車0輛,,
Taiwan_Gov_OpenData_v2,hotels,Hotel_A15010000H_004745,布蘭村民宿,位於澎湖縣的民宿,馬公市,山水里3鄰珠江129之1號,23.517505,119.590565,,,,,車位:小客車0輛、機車0輛、大客車0輛,,
Taiwan_Gov_OpenData_v2,hotels,Hotel_A15010000H_004772,幸福陽光民宿,位於澎湖縣的民宿,馬公市,案山里1鄰大案山22之10號,23.559615,119.581806,,,,,車位:小客車5輛、機車10輛、大客車0輛,,
Taiwan_Gov_OpenData_v2,hotels,Hotel_A15010000H_004860,頌華私墅陸區民宿,S.H. Villa 位於澎湖湖西鄉，提供私人別墅和海景房，融合了舒適、自然風光和周到的服務，讓您放慢腳步，呼吸海風，體驗真正的島嶼生活。,湖西鄉,許家村6鄰港子尾120號,23.586599,119.610795,,,,,車位:小客車0輛、機車0輛、大客車0輛,,
Taiwan_Gov_OpenData_v2,hotels,Hotel_A15010000H_004881,屋裏民宿,位於澎湖縣的民宿,湖西鄉,北寮村6鄰北寮41之11號,23.598599,119.671758,,,,,車位:小客車0輛、機車0輛、大客車0輛,https://hygge.tw/,
Taiwan_Gov_OpenData_v2,hotels,Hotel_A15010000H_004888,洗洗睡民宿,位於澎湖縣的民宿,馬公市,西衛里25鄰西衛262號,23.5858296,119.5814027,,,,,車位:小客車0輛、機車0輛、大客車0輛,,
Taiwan_Gov_OpenData_v2,hotels,Hotel_A15010000H_004962,熱帶魚民宿,位於澎湖縣的民宿,馬公市,西文里11鄰西文澳716號,23.5686212,119.5941833,,,,,車位:小客車0輛、機車0輛、大客車0輛,,
Taiwan_Gov_OpenData_v2,hotels,Hotel_A15010000H_005029,愛的3次方渡假別墅民宿,位於澎湖縣的民宿,馬公市,西衛里24鄰西衛392號,23.584217,119.579557,,,,,車位:小客車1輛、機車6輛、大客車1輛,,
Taiwan_Gov_OpenData_v2,hotels,Hotel_A15010000H_005044,海洋景觀會館民宿,位於澎湖縣的民宿.,馬公市,東衛里19鄰東衛3之2號,23.569201,119.597753,,,,,車位:小客車0輛、機車0輛、大客車0輛,,
Taiwan_Gov_OpenData_v2,hotels,Hotel_A15010000H_005047,新夏民宿,位於澎湖縣的民宿,馬公市,西文里11鄰西文澳705號,23.568265,119.593553,,,,,車位:小客車0輛、機車0輛、大客車0輛,,
Taiwan_Gov_OpenData_v2,hotels,Hotel_A15010000H_005116,歐嗨悠民宿,一片海包含著無盡的情感與悸動，生於此長於此。不管人在何方～思思念念總是這座島。一個人就是一個故事，來這座島上放鬆身心，洗滌自己～說說你的故事，我們會傾聽，在這我們會當你最好的朋友～,馬公市,五德里1鄰雞母塢140號,23.526732,119.587608,,,,,車位:小客車0輛、機車0輛、大客車0輛,,
Taiwan_Gov_OpenData_v2,hotels,Hotel_A15010000H_005152,放風民宿,位於澎湖縣的民宿,馬公市,鐵線里3鄰鐵線尾61號,23.537579,119.602053,,,,,車位:小客車0輛、機車0輛、大客車0輛,,
Taiwan_Gov_OpenData_v2,hotels,Hotel_A15010000H_005214,頌華私墅參區民宿,S.H. Villa 位於澎湖湖西鄉，提供私人別墅和海景房，融合了舒適、自然風光和周到的服務，讓您放慢腳步，呼吸海風，體驗真正的島嶼生活。,湖西鄉,許家村6鄰港子尾120之3號,23.586599,119.610795,,,,,車位:小客車0輛、機車0輛、大客車0輛,,
Taiwan_Gov_OpenData_v2,hotels,Hotel_A15010000H_005291,佳圓民宿,位於澎湖縣的民宿,馬公市,石泉里13鄰石泉1之200號,23.557617,119.595442,,,,,車位:小客車0輛、機車0輛、大客車0輛,,
Taiwan_Gov_OpenData_v2,hotels,Hotel_A15010000H_005376,易宿家民宿(特色民宿),位於澎湖縣的民宿,馬公市,五德里1鄰雞母塢141號,23.526225,119.588078,,,,,車位:小客車0輛、機車0輛、大客車0輛,,
Taiwan_Gov_OpenData_v2,hotels,Hotel_A15010000H_005384,蜜絲旅民宿,位於澎湖縣的民宿,馬公市,中央里11鄰惠民一路2號2樓,23.565027,119.564666,,,,,車位:小客車0輛、機車0輛、大客車0輛,,
Taiwan_Gov_OpenData_v2,hotels,Hotel_A15010000H_005413,917民宿,位於澎湖縣的民宿,馬公市,安宅里7鄰宅腳嶼250號,23.5819499,119.5999673,,,,,車位:小客車0輛、機車0輛、大客車0輛,,
Taiwan_Gov_OpenData_v2,hotels,Hotel_A15010000H_005427,見見灣民宿,見見灣海景民宿欲邀請您，登上五孔頂分享澎湖的夜景及滿天的星星！享受赤馬漁港＜夜釣＞與拜訪＜潮間帶＞的樂趣！拜訪北環風景區沿線美麗的漁翁島，濱海公路、二崁古厝、玄武岩柱、牛心山、東台古堡、內垵沙灘....透過落地窗觀賞對岸觀音亭美麗的澎湖花火！,西嶼鄉,赤馬村緝馬灣146之6號,23.581614,119.511115,,,,,車位:小客車0輛、機車0輛、大客車0輛,,
Taiwan_Gov_OpenData_v2,hotels,Hotel_A15010000H_005429,長春大飯店,位於澎湖縣的旅館,馬公市,中正路6號,23.563904,119.565276,,,,,車位:小客車0輛、機車0輛、大客車0輛,http://www.everspring-hotel.com.tw,https://taiwan.taiwanstay.net.tw/twpic/147664.jpeg?v=20260831
Taiwan_Gov_OpenData_v2,hotels,Hotel_A15010000H_005440,夢幻魚民宿,「澎湖住宿‧夢幻魚民宿」不僅提供雙人房與四人房，更提供親子四人房，房型皆有不同風格，有像似來到海底世界的海洋風雙人房，不同色階的藍與白組合成夢幻氛圍，讓人捨不得離開房間；充滿現代風格的時尚雙人房，黑與紅搭配讓人沉醉；和室風格的溫馨四人房內，木質地板延伸到天花板，讓人彷彿來進到了樹屋，色彩繽紛郤不失柔和的親子房，每間房間內絕然不同的風情期待您來「澎湖住宿‧夢幻魚民宿」挖掘 !,馬公市,西衛里25鄰西衛248之3號,23.585531,119.579391,,,,,車位:小客車0輛、機車0輛、大客車0輛,,https://taiwan.taiwanstay.net.tw/twpic/57776.jpg?v=20260831
Taiwan_Gov_OpenData_v2,hotels,Hotel_A15010000H_005456,日晴民宿,位於澎湖縣的民宿,馬公市,東文里7鄰文山路55巷15號,23.563069,119.585098,,,,,車位:小客車0輛、機車0輛、大客車0輛,,
Taiwan_Gov_OpenData_v2,hotels,Hotel_A15010000H_005517,沙漠旅店民宿,位於澎湖縣的民宿,馬公市,西衛里26鄰西衛576號,23.592024,119.583245,,,,,車位:小客車0輛、機車0輛、大客車0輛,,
Taiwan_Gov_OpenData_v2,hotels,Hotel_A15010000H_005529,樂桃屋親子民宿,位於澎湖縣的民宿,馬公市,西衛里12鄰西衛83之62號,23.5780501,119.5827493,,,,,車位:小客車0輛、機車0輛、大客車0輛,,
Taiwan_Gov_OpenData_v2,hotels,Hotel_A15010000H_005542,遇境民宿,位於澎湖縣的民宿,馬公市,朝陽里林森路45巷16號,23.573978,119.57674,,,,,車位:小客車0輛、機車0輛、大客車0輛,,
Taiwan_Gov_OpenData_v2,hotels,Hotel_A15010000H_005562,日立大飯店,位於澎湖縣的旅館,馬公市,長安里7鄰惠民一路25號,23.5661057,119.5645336,,,,,車位:小客車0輛、機車0輛、大客車0輛,,https://taiwan.taiwanstay.net.tw/twpic/148781.jpg?v=20260831
Taiwan_Gov_OpenData_v2,hotels,Hotel_A15010000H_005568,春夏民宿,位於澎湖縣的民宿,馬公市,西衛里25鄰西衛490號,23.585475,119.578603,,,,,車位:小客車0輛、機車0輛、大客車0輛,,
Taiwan_Gov_OpenData_v2,hotels,Hotel_A15010000H_005586,庭園民宿,位於澎湖縣的民宿,湖西鄉,許家村港子尾75之1號,23.583408,119.607543,,,,,車位:小客車0輛、機車0輛、大客車0輛,,
Taiwan_Gov_OpenData_v2,hotels,Hotel_A15010000H_005598,三步舞石民宿,位於澎湖縣的民宿,白沙鄉,吉貝村182-5號,23.73941,119.609077,,,,,車位:小客車0輛、機車0輛、大客車0輛,,
Taiwan_Gov_OpenData_v2,hotels,Hotel_A15010000H_005608,海豚的家民宿,「澎湖平價優質民宿～海豚的家民宿」位於澎湖馬公市，３分鐘到澎科大、５分鐘到馬公北辰市場、７分鐘到鬧區中正路，為登記合法之澎湖民宿，提供有雙人及四人房型，內部環境皆為簡單俐落的空間擺設，不論是共用的客廳區域或是客房環境，都呈現著清爽舒適的氛圍調性，是一處簡約優雅不造作的休憩空間。「澎湖民宿～海豚的家民宿」還另有規劃行程方案供玩家參考，協助您安排出更豐富精彩的旅遊行程。倘若您對旅途或行程有任何疑問，歡迎直接電洽※ 電話： 許小姐 0937-076610 ※ 信箱： slp3698@yahoo.com.tw※ 訂房時間：早上09:00～晚上08:30(請於訂房時間來電)。,馬公市,西衛里232之21號,23.582709,119.578891,,,,,車位:小客車0輛、機車0輛、大客車0輛,,
Taiwan_Gov_OpenData_v2,hotels,Hotel_A15010000H_005672,緝馬灣民宿,位於澎湖縣的民宿,西嶼鄉,赤馬村1鄰緝馬灣2之6號,23.5868315,119.5062484,,,,,車位:小客車0輛、機車0輛、大客車0輛,,
Taiwan_Gov_OpenData_v2,hotels,Hotel_A15010000H_005677,和田大飯店,和田飯店以簡潔簡約的設計感、舒適舒坦的空間感與俐落清新的現代感為主要設計理念，為您呈現悠閒的客房空間、餐飲空間以及SPA體驗。 和田飯店位於馬公市中心，中正-仁愛商圈、良風徐徐的漁人碼頭木棧道、觀賞日落與風帆活動的觀音亭、媽宮古城碩果僅存的順承門、見證當初軍民合一精神的舊眷村-篤行十村以及中央老街-天后宮等主要古蹟區均步行可達，讓您除了享受澎湖的南島風光，也能來一趟穿梭古蹟知性放鬆的慢遊之旅。 為了能讓您在百忙中難得的休閒假期中，獲得一個寧靜、舒適、輕鬆的渡假時光，我們可為您規劃一些旅遊行程，例如：浪漫的南海離島、知性的東海潮間帶、刺激的北海水上活動等。讓您在充滿陽光海水的島嶼空間裡有個多采多姿、回味無窮的慢賞澎湖假期。除了澎湖豐富的人文古蹟及璀璨的島嶼風光之外，和田飯店提倡樂活LOHAS悠閒的慢享行程，邀請您一同體驗澎湖純真的沙灘、清爽的海風與愜意的旅程。,馬公市,民權路2號3-9樓,23.563625,119.567165,,,,,車位:小客車0輛、機車0輛、大客車0輛,http://mhoteltw.com,https://taiwan.taiwanstay.net.tw/twpic/57894.jpg?v=20260831
Taiwan_Gov_OpenData_v2,hotels,Hotel_A15010000H_005708,客拉客民宿,位於澎湖縣的民宿,湖西鄉,許家村3鄰港子尾78之7號,23.582919,119.608746,,,,,車位:小客車0輛、機車0輛、大客車0輛,,
Taiwan_Gov_OpenData_v2,hotels,Hotel_A15010000H_005761,美心民宿,位於澎湖縣的民宿,馬公市,復興里7鄰復國路2巷25之1號,23.567222,119.564285,,,,,車位:小客車0輛、機車0輛、大客車0輛,,
Taiwan_Gov_OpenData_v2,hotels,Hotel_A15010000H_005944,夏之長灘民宿,本民宿位於馬公市山水里黃金沙灘旁，近於溼地公園。為獨棟的白色建築，以石砌設計作為點綴，讓整體外觀造型更為獨樹一格。民宿周圍環境清閒幽靜，從陽台及頂樓眺望，還可以看見大片綠意和遼闊海景，山水沙灘的美景就直接映入眼簾，令人心曠神怡。悠悠夏日～來趟菊島之旅。看盈盈日光長照山水，觀點點星塵灑落沙灘。,馬公市,山水里珠江111之16號,23.515456,119.590988,,,,,車位:小客車0輛、機車0輛、大客車0輛,,https://taiwan.taiwanstay.net.tw/twpic/58006.JPG?v=20260831
Taiwan_Gov_OpenData_v2,hotels,Hotel_A15010000H_005975,那故事水岸莊園民宿,屢獲媒體報導澎湖最值得推薦、最具特色旅宿無論片狀珊瑚狀建築、舒適設備與潔淨環境並於2024年榮獲觀光署百大好客民宿金質獎提供超越消費者期望精緻渡假享受獨家渡假體驗金龜敞篷兜風趣、海洋秘境派對體驗、千坪莊園尊榮獨享精緻沐浴體驗首創每月主題式精品沐浴用品體驗入住次晚可自主挑選品牌、香氛體驗客製化餐飲服務客製化早餐、下午茶、微醺時刻每日主題式晚餐由比賽得獎主廚團隊精心料理為渡假旅人們提供精緻、舒適、愜意的渡假生活,馬公市,井垵里6鄰井子垵100號,23.5175189,119.5750371,,,,,車位:小客車0輛、機車0輛、大客車0輛,http://www.laguna-villas.com.tw/,
Taiwan_Gov_OpenData_v2,hotels,Hotel_A15010000H_006047,傳承堡有限公司,位於澎湖縣的旅館,馬公市,山水里6鄰珠江110之6號(2至6樓),23.5168372,119.5963033,,,,,車位:小客車12輛、機車0輛、大客車0輛,https://castle888.com.tw/,https://taiwan.taiwanstay.net.tw/twpic/77678.jpg?v=20260831
Taiwan_Gov_OpenData_v2,hotels,Hotel_A15010000H_006120,紫貝殼民宿,澎湖紫貝殼是合法民宿，位於馬公市區，鬧中取靜，生活機能與交通相當便利，無論到馬公名勝古蹟景點，市區商圈小吃、購物，或是到鄰近沙灘、海邊、休閒活動，欣賞自然美景，呼吸清新空氣，盡情享受海洋的景色，不用幾分鐘就能讓您享受無拘無束的渡假生活。,馬公市,西衛里1鄰三多路286號,23.5767275,119.5738608,,,,,車位:小客車0輛、機車0輛、大客車0輛,http://www.seatrip.com.tw,
Taiwan_Gov_OpenData_v2,hotels,Hotel_A15010000H_006182,七號旅店民宿,位於澎湖縣的民宿,馬公市,鎖港里鎖管港387之3號,23.52913,119.600676,,,,,車位:小客車0輛、機車0輛、大客車0輛,,
Taiwan_Gov_OpenData_v2,hotels,Hotel_A15010000H_006196,艾美民宿,位於澎湖縣的民宿,湖西鄉,隘門村14鄰隘門126之16號,23.561905,119.630818,,,,,車位:小客車0輛、機車0輛、大客車0輛,,
Taiwan_Gov_OpenData_v2,hotels,Hotel_A15010000H_006228,角落民宿,位於澎湖縣的民宿,馬公市,西衛里14鄰西衛223之3號,23.583956,119.582521,,,,,車位:小客車0輛、機車0輛、大客車0輛,,
Taiwan_Gov_OpenData_v2,hotels,Hotel_A15010000H_006238,信誼大飯店,位於澎湖縣的旅館,馬公市,光明路2號2-7樓,23.56609,119.567576,,,,,車位:小客車0輛、機車0輛、大客車0輛,,
Taiwan_Gov_OpenData_v2,hotels,Hotel_A15010000H_006310,漫步白沙渡假會館民宿,位於澎湖縣的民宿,白沙鄉,赤崁村4鄰大赤崁73之1號,23.66491,119.600156,,,,,車位:小客車0輛、機車0輛、大客車0輛,https://traiwan.com/official/booking.php?id=BEACHFRONTVILLA,
Taiwan_Gov_OpenData_v2,hotels,Hotel_A15010000H_006329,鐵塔戀人輕旅民宿,位於澎湖縣的民宿,馬公市,西文里11鄰西文澳708號,23.568214,119.589057,,,,,車位:小客車0輛、機車0輛、大客車0輛,http://www.towerlover.idv.tw,
Taiwan_Gov_OpenData_v2,hotels,Hotel_A15010000H_006364,悠閒輕旅民宿,位於澎湖縣的民宿,馬公市,西衛里23鄰五福路3巷32弄28號,23.5794031,119.575229,,,,,車位:小客車0輛、機車0輛、大客車0輛,,
Taiwan_Gov_OpenData_v2,hotels,Hotel_A15010000H_006388,天星民宿,位於澎湖縣的民宿,馬公市,陽明里24鄰光復路104號,23.572225,119.571153,,,,,車位:小客車0輛、機車0輛、大客車0輛,,
Taiwan_Gov_OpenData_v2,hotels,Hotel_A15010000H_006398,快樂渡假村,位於澎湖縣的旅館,馬公市,陽明里海埔路85號,23.56606,119.568965,,,,,車位:小客車0輛、機車0輛、大客車0輛,,https://taiwan.taiwanstay.net.tw/twpic/184785.jpg?v=20260831
Taiwan_Gov_OpenData_v2,hotels,Hotel_A15010000H_006406,晴風輕旅民宿,位於澎湖縣的民宿,馬公市,西衛里24鄰西衛428號,23.584451,119.578265,,,,,車位:小客車0輛、機車0輛、大客車0輛,,https://taiwan.taiwanstay.net.tw/twpic/58170.JPG?v=20260831
Taiwan_Gov_OpenData_v2,hotels,Hotel_A15010000H_006463,魚月民宿,位於澎湖縣的民宿,馬公市,鐵線里1鄰鐵線尾105號,23.537104,119.603976,,,,,車位:小客車0輛、機車0輛、大客車0輛,https://fishmoon2015.weebly.com/,
Taiwan_Gov_OpenData_v2,hotels,Hotel_A15010000H_006468,澡澡睡民宿,位於澎湖縣的民宿澡澡睡民宿,湖西鄉,成功村1鄰港底300之1號,23.569444,119.612568,,,,,車位:小客車0輛、機車0輛、大客車0輛,,
Taiwan_Gov_OpenData_v2,hotels,Hotel_A15010000H_006479,水灣灣民宿,位於澎湖縣的民宿,馬公市,西衛里12鄰西衛83之39號,23.5786151,119.5820022,,,,,車位:小客車0輛、機車0輛、大客車0輛,,
Taiwan_Gov_OpenData_v2,hotels,Hotel_A15010000H_006494,天堂島民宿,《民宿介紹》 愛家天堂島純素民宿佔地150坪近百坪獨棟建築 採歐式裝潢前有庭院（有涼亭、水池、花園…）內有寬大的公共空間：典雅的大廳及舒適的餐廳民宿位於湖西近馬公郊區 環境優美居於馬公及西嶼間 便於出入各個旅遊景點到馬公市區只要10~15分鐘車程安靜 舒適 美觀 方便 是您度假的最佳選擇關於愛家天堂島純素民宿~愛家天堂島純素民宿  本著愛護地球 愛護生命尊重自己  尊重他人 的心念堅持採用純素食品與生活用品來提供所有的服務 這或許是您從未有過的旅遊體驗我們誠願來到這裡的您有ㄧ個純淨. 舒適的休憩地沐浴在喜悦 .自在 .與充滿愛的氛圍中放鬆自己  讓心靈沈澱安心幸福地享受難得的假期 請準備好您的相機將功能調到  手動將心靈調到  悸動 澎湖的沙灘  碧海  藍天如天堂般的人間美景將牽動您心靈最深處的感動…誠摯地歡迎您來到~~澎湖 天 堂 島~,湖西鄉,成功村港底125號,23.577597,119.619656,,,,,車位:小客車0輛、機車0輛、大客車0輛,,https://taiwan.taiwanstay.net.tw/twpic/58215.jpg?v=20260831
Taiwan_Gov_OpenData_v2,hotels,Hotel_A15010000H_006502,好時光民宿,位於澎湖縣的民宿,馬公市,西衛里14鄰西衛223之1號,23.584045,119.582301,,,,,車位:小客車1輛、機車4輛、大客車0輛,,
Taiwan_Gov_OpenData_v2,hotels,Hotel_A15010000H_006609,天空格子民宿(特色民宿),位於澎湖縣的民宿,馬公市,西文里24鄰新明路138號,23.564176,119.5819458,,,,,車位:小客車0輛、機車0輛、大客車0輛,,
Taiwan_Gov_OpenData_v2,hotels,Hotel_A15010000H_006650,東信民宿,位於澎湖縣的民宿,馬公市,重慶里25鄰中興路12號,23.5666329,119.5677181,,,,,車位:小客車0輛、機車0輛、大客車0輛,,
Taiwan_Gov_OpenData_v2,hotels,Hotel_A15010000H_006723,有間客棧民宿,位於澎湖縣的民宿,西嶼鄉,外垵村29之31號,23.567406,119.477773,,,,,車位:小客車0輛、機車0輛、大客車0輛,,
Taiwan_Gov_OpenData_v2,hotels,Hotel_A15010000H_006741,天邊民宿,天邊海角民宿位於馬公市中心民族路上，鄰近各大古蹟景點及市區商圈，生活機能十分便利，步行、單車即可愜意遊賞馬公市區。沿著民宿前方長堤散步，即可抵達觀音亭親水遊憩區，而這裡正是每年舉辦花火節的地點。,馬公市,光明里30民族路119號,23.5736188,119.5671536,,,,,車位:小客車0輛、機車0輛、大客車0輛,,
Taiwan_Gov_OpenData_v2,hotels,Hotel_A15010000H_006811,轉角公寓民宿,位於澎湖縣的民宿,馬公市,重慶里中興路13號,23.566495,119.56791,,,,,車位:小客車0輛、機車0輛、大客車0輛,,https://taiwan.taiwanstay.net.tw/twpic/183296.jpg?v=20260831
Taiwan_Gov_OpenData_v2,hotels,Hotel_A15010000H_006822,微光民宿,位於澎湖縣的民宿,馬公市,東衛里15鄰東衛251之17號,23.5690932,119.6067687,,,,,車位:小客車0輛、機車0輛、大客車0輛,,
Taiwan_Gov_OpenData_v2,hotels,Hotel_A15010000H_006836,綻海旅店民宿,位於澎湖縣的民宿,馬公市,西衛里26鄰西衛577號,23.591979,119.583406,,,,,車位:小客車0輛、機車0輛、大客車0輛,,
Taiwan_Gov_OpenData_v2,hotels,Hotel_A15010000H_006881,海之蝶民宿,位於澎湖縣的民宿,馬公市,西文里22鄰西文澳226之3號,23.568214,119.589057,,,,,車位:小客車0輛、機車0輛、大客車0輛,,
Taiwan_Gov_OpenData_v2,hotels,Hotel_A15010000H_006965,傻風民宿,澎湖的美，將永遠映在我們心中。無論離開多少年，總是還是會想念那艷陽、那海水、那既強烈又挾帶海水的東北季風，可能偶爾還會出現那一位老船長。由於這樣的牽掛，使得在台南擁有許多事業的劉姐一直想再這樣一個自己生長的地方開設他人生中第二家民宿，他想把澎湖的美，分享給更多的人，他想把他故鄉的點滴呈現在眾人的面前。於是集結了居住在澎湖的表妹及友人，開始了這麼樣一段實現夢想的故事。,馬公市,中興里文化路12-2號,23.568012,119.567513,,,,,車位:小客車0輛、機車0輛、大客車0輛,,
Taiwan_Gov_OpenData_v2,hotels,Hotel_A15010000H_006996,小島時光民宿,位於澎湖縣的民宿,馬公市,山水里139號之13,23.516837,119.596303,,,,,車位:小客車0輛、機車0輛、大客車0輛,,
Taiwan_Gov_OpenData_v2,hotels,Hotel_A15010000H_007019,清靜民宿,清靜民宿位於澎湖馬公機場的隘門村75之5號。   從我們的頂樓可以眺望馬公機場，一方面可以欣賞飛機的 起降，在入夜後還可在頂樓欣賞澎湖無光害的夜空景致， 繁星點點，讓您對澎湖留下一個不一樣的印象與體驗。   對於喜歡沙灘戲水的朋友來說，隘門擁有全澎湖最長的白 色珊瑚碎屑的黃金沙灘，綿延三千多公尺的美麗海岸，就 像一條白色錦帶，包圍著湖西南面的海灘，相當壯觀。清 靜雅居(民宿)到隘門沙灘步行約10分鐘，騎車約3分鐘即可 到達，遠眺碧海藍天、海天一色，更襯托出黃金沙灘之柔 美。,湖西鄉,隘門村6鄰75之5號,23.5605931,119.6369428,,,,,車位:小客車0輛、機車0輛、大客車0輛,,
Taiwan_Gov_OpenData_v2,hotels,Hotel_A15010000H_007020,捌拾伍號民宿,位於澎湖縣的民宿,馬公市,光榮里33鄰光榮街85號,23.575605,119.573665,,,,,車位:小客車0輛、機車0輛、大客車0輛,,https://taiwan.taiwanstay.net.tw/twpic/76264.jpg?v=20260831
Taiwan_Gov_OpenData_v2,hotels,Hotel_A15010000H_007037,旅人燈塔民宿,位於澎湖縣的民宿,馬公市,山水里6鄰珠江110之13號,23.513788,119.591286,,,,,車位:小客車0輛、機車0輛、大客車0輛,,
Taiwan_Gov_OpenData_v2,hotels,Hotel_A15010000H_007042,春之海民宿,位於澎湖縣馬公市的民宿。有看不完的草皮，還有四隻可愛的貓，草長得比人還高，從來沒有人來住過，不相信的人可以來住住看！！！！！！！！！！！！！！！！！！！！！！！！！！！！¡！！！！！！！！！！！！！！！！！！！！！！！！@！！！！！,馬公市,前寮里53之10號,23.553149,119.585238,,,,,車位:小客車0輛、機車0輛、大客車0輛,,
Taiwan_Gov_OpenData_v2,hotels,Hotel_A15010000H_007141,夏荷田園民宿,位於澎湖縣的民宿,湖西鄉,湖西村6鄰湖西77之23號,23.5845692,119.6573748,,,,,車位:小客車0輛、機車0輛、大客車0輛,,https://taiwan.taiwanstay.net.tw/twpic/58446.JPG?v=20260831
Taiwan_Gov_OpenData_v2,hotels,Hotel_A15010000H_007184,圓頂瓦舍民宿,"澎湖 澎湖民宿   ""圓頂瓦舍 海景民宿""位於澎湖縣山水沙灘第一線，擁有澎湖最美的沙灘，藍天、白雲以及展翅飛翔的海鳥，踩在細軟的沙灘上撿拾著貝殼，感受海水的清涼，一望無盡的自然美景盡收眼底。   夜晚悠閒地坐在 澎湖 山水沙灘前""圓頂瓦舍""的屋頂上，喝著Latte、吹著徐徐的海風、聆聽著海浪聲潮來潮往、凝望著繁星點點，一顆、二顆、三顆…彷彿伸手就可摘下滿天星斗，讓您忘卻塵囂。   無敵海景、坐擁山水、樂活鄉村、簡單生活，想要體驗自然美景與優質的民宿，""圓頂瓦舍""是您最好的選擇。",馬公市,山水里珠江110之27號,23.513917,119.591004,,,,,車位:小客車0輛、機車0輛、大客車0輛,,https://taiwan.taiwanstay.net.tw/twpic/58457.jpg?v=20260831
Taiwan_Gov_OpenData_v2,hotels,Hotel_A15010000H_007189,幸福貝兒民宿,位於澎湖縣的民宿,馬公市,石泉里192之6號,23.559965,119.597028,,,,,車位:小客車0輛、機車0輛、大客車0輛,,
Taiwan_Gov_OpenData_v2,hotels,Hotel_A15010000H_007287,海之宿民宿,民宿位於澎湖縣馬公市的民宿。館內提供WiFi (免費)、空調、公共空間使用及私人停車位。每個房型皆有獨立衛浴並提供吹風機及平面電視。,馬公市,東文里4鄰大賢街91巷1號,23.561002,119.582216,,,,,車位:小客車0輛、機車0輛、大客車0輛,,
Taiwan_Gov_OpenData_v2,hotels,Hotel_A15010000H_007386,幸福風旅民宿,位於澎湖縣的民宿,馬公市,西衛里23鄰五福路3巷32弄30號,23.580411,119.578034,,,,,車位:小客車0輛、機車0輛、大客車0輛,,
Taiwan_Gov_OpenData_v2,hotels,Hotel_A15010000H_007390,天空格子商旅,天空格子商旅距離市中心不到5分鐘車程，享受便利機能之餘，商旅坐擁寧靜的傳統聚落之中，更為忙碌的旅程掙得清閒的居住環境，一樓挑高設計為商旅帶來更遼闊的空間美學，非洲柚木實木餐桌組成的用餐與休憩區展現高度品味，一樓提供退房後的沖洗設施服務，二樓客房以上介於工業風與現代極簡主義的過度風格，帶點清水模質感，沐浴設計的美學之中。,馬公市,東文里民富街25號(1至6樓),23.561655,119.584027,,,,,車位:小客車0輛、機車0輛、大客車0輛,http://www.sky-square-hotel.com/reservation/,https://taiwan.taiwanstay.net.tw/twpic/127594.jpg?v=20260831
Taiwan_Gov_OpenData_v2,hotels,Hotel_A15010000H_007391,兄弟會館民宿二館,位於澎湖縣的民宿,馬公市,石泉里5鄰石泉582號,23.557875,119.593405,,,,,車位:小客車0輛、機車0輛、大客車0輛,,
Taiwan_Gov_OpenData_v2,hotels,Hotel_A15010000H_007405,四海大飯店,位於澎湖縣的旅館,馬公市,建國路3號,23.565728,119.566003,,,,,車位:小客車0輛、機車0輛、大客車0輛,,
Taiwan_Gov_OpenData_v2,hotels,Hotel_A15010000H_007490,發呆民宿,歡迎來發呆發呆！澎湖有炎熱的天氣，蔚藍的天空，清澈的海水，還缺一位老船長（笑） 發呆有熱情的呆爸呆媽，可愛的愛寶，還有一處發呆好所在（笑） 澎湖縣民宿 427號,馬公市,西衛里24鄰西衛399號,23.5833051,119.5786616,,,,,車位:小客車0輛、機車0輛、大客車0輛,,
Taiwan_Gov_OpenData_v2,hotels,Hotel_A15010000H_007496,澎湖樂悠悠民宿,位於澎湖縣的民宿,馬公市,東衛里15鄰東衛171之17號,23.569826,119.598854,,,,,車位:小客車0輛、機車0輛、大客車0輛,https://www.facebook.com/profile.php?id=100057449560209,
Taiwan_Gov_OpenData_v2,hotels,Hotel_A15010000H_007509,白日夢海景民宿(特色民宿),澎湖｜ 白日夢海景旅店．夢遊白雲裡的棉花糖飛船窗外那自由自在的白雲流浪在藍空中，讓窗內渴望旅行的心蠢蠢欲動，車內音響傳來一陣悠揚的配樂，將思緒牽引到騰空的幻想，路邊那幢被潔白圍繞的柔軟夢境，彷彿一踏進，即刻乘上一艘棉花糖飛船……，你，正身在澎湖迷人的白日夢裡！夢幻系夏天打開白日夢的大門，彷彿來到女孩的夢幻天堂，有照耀著陽光的大片草地，綠油油地將煩惱都除去，草地上的公主床溫柔地擁抱著假期、清澈湛藍的游泳池讓人好想一躍而下、感受沁涼！，玩耍後，躺上陽光下的木製躺椅，溫暖自己的身軀，往西邊望去，是一望無際的海景。看著清透的水面上漂浮著繽紛俏皮的游泳圈，笑靨不自覺地掛在嘴邊，這樣的夏天，是從夢裡蹦出來的吧？當穿著花瓣裙的可愛主人禾詩從門裡走出時，你才想起這是真實存在的地方，隨著禾詩的腳步一同踏入白日夢，輕鬆的氛圍添上浪漫的公主風配色，這不正是女孩最期待的夢境？白日夢畫布一樓挑高的空間和半面雪白的牆鋪展著空間，偌大的窗戶將屋外的風景收攏，也讓大廳寬敞明亮，馬卡龍配色的小抱枕在沙發上，像繽紛的斑點灑在畫布上一樣搶眼可愛；走到一旁的餐廳區，美味的黑糖糕和風茹茶已經擺在桌子上歡迎你，悠閒的點心時間讓人感覺自己化身備受呵護的公主與王子，在夢裡的城堡享受下午茶，一邊與好姊妹聊天、一邊品嚐美味，旅人綺麗的天馬行空，在這裡可以毫不保留地恣意揮灑。沿著樓梯與戶外陽台漫步，可以看見禾詩如何用心地打造這個白色的夢境，在純白的牆上鑲著月亮和星星、坐在牆上小窗台的可愛水手娃娃，白日夢所有的飾品和格局全是禾詩一家親手設計的，她們的可愛巧思在這裡各個角落隨處可拾，彷彿就為了某天與你相遇、給你驚喜！踩在雲端的腳尖走進房間，精緻的備品籃裝著馬鞭草的沐浴用品和一雙軟絨絨的室內拖鞋，這是禾詩專門委外訂做的，就是要你穿起來就像舒服地踩在雲端上，讓每一刻，都是白日夢的真實觸感。,馬公市,光明里陽明路237號,23.574608,119.567943,,,,,車位:小客車3輛、機車0輛、大客車0輛,http://www.daydream.tw/index.html,https://taiwan.taiwanstay.net.tw/twpic/58604.JPG?v=20260831
Taiwan_Gov_OpenData_v2,hotels,Hotel_A15010000H_007550,北辰慢旅,「北辰慢旅」，飯店位於澎湖最熱鬧的北辰市場，下樓立馬踩點人氣美食，鄰近南海遊客中心、三號港免稅廣場、觀音亭花火園區等，提供旅客最便利、最經濟、最優質的海島旅遊假期。本飯店集團旗下設有旅行社，提供旅客最優惠的行程票券、租賃車服務及客製旅遊規劃。,馬公市,大仁街18、20號,23.571396,119.571998,,,,,車位:小客車0輛、機車0輛、大客車0輛,https://www.hotel-g.com.tw/room/,https://taiwan.taiwanstay.net.tw/twpic/146957.jpg?v=20260831
Taiwan_Gov_OpenData_v2,hotels,Hotel_A15010000H_007553,奇蹟旅店民宿,位於澎湖縣的民宿,白沙鄉,吉貝村1鄰吉貝27號之6,23.742111,119.616641,,,,,車位:小客車0輛、機車0輛、大客車0輛,,
Taiwan_Gov_OpenData_v2,hotels,Hotel_A15010000H_007599,海灣灣民宿,發現海灣灣民宿位居於馬公市西衛里漁港邊的中心位置，是一處眺望海景、感受漁村、寧靜的旅遊休憩最佳去處，五位好友五棟民宿的西衛海民宿村，共同的庭院、公共設施及同時享受五位主人的服務，主人更是從事多年的導遊經歷，是您行程中的交通、美食、遊程安排的GPS。騎機車約5分鐘即可到達熱鬧的馬公市區，交通生活機能方便。您可以選擇放空...清新的空氣.安靜觀海、觀星...此時此刻放鬆心情的感覺真好!，徹底地放鬆自己，毌需遠赴海外跋山涉水，於此即可享受大自然的美妙!,馬公市,西衛里12鄰西衛83之56號,23.578076,119.58251,,,,,車位:小客車0輛、機車0輛、大客車0輛,,https://taiwan.taiwanstay.net.tw/twpic/58647.JPG?v=20260831
Taiwan_Gov_OpenData_v2,hotels,Hotel_A15010000H_007677,宿息幾迷民宿,位於澎湖縣的民宿,馬公市,東衛里10鄰東衛101號之2,23.5691258,119.6014322,,,,,車位:小客車0輛、機車0輛、大客車0輛,,
Taiwan_Gov_OpenData_v2,hotels,Hotel_A15010000H_007733,繽紛樂民宿,位於澎湖縣的民宿,馬公市,興仁里9鄰雙頭掛220之3號,23.552436,119.613248,,,,,車位:小客車0輛、機車0輛、大客車0輛,,
Taiwan_Gov_OpenData_v2,hotels,Hotel_A15010000H_007741,望安渡假中心,位於澎湖縣的旅館,望安鄉,東安村73之9號,23.3582294,119.5006185,,,,,車位:小客車0輛、機車0輛、大客車0輛,,
Taiwan_Gov_OpenData_v2,hotels,Hotel_A15010000H_007764,佳瀛宜居會館民宿,位於澎湖縣的民宿,馬公市,案山里14鄰民裕街33號,23.559835,119.581726,,,,,車位:小客車0輛、機車0輛、大客車0輛,,
Taiwan_Gov_OpenData_v2,hotels,Hotel_A15010000H_007814,璀璨星空民宿,最在地的民宿，熱情的陽光，一生一定要來過一次澎湖。,馬公市,鐵線里鐵線尾25之26號,23.533713,119.599506,,,,,車位:小客車0輛、機車0輛、大客車0輛,,https://taiwan.taiwanstay.net.tw/twpic/58713.jpg?v=20260831
Taiwan_Gov_OpenData_v2,hotels,Hotel_A15010000H_007858,喵喵魚民宿,位於澎湖縣的民宿,白沙鄉,赤崁村12鄰大赤崁186之2號,23.667179,119.599202,,,,,車位:小客車0輛、機車0輛、大客車0輛,,
Taiwan_Gov_OpenData_v2,hotels,Hotel_A15010000H_007863,溫蒂媽媽民宿,"位於澎湖的有善民宿,澎湖的媳婦--溫蒂媽媽        當我在1988年第一次來到澎湖旅遊時，我就深深的愛上了澎湖這塊土地，也為了能住在這裡，所以就嫁給了，同在五專讀書的老公，老公常說:我是愛澎湖，勝過於他。         能住在澎湖這個美麗的地方，是我今生最大的幸福，這裡的人很善良和純樸，有清澈的海水，新鮮的空氣，海水是我和家人的玩伴，我們全家人都熱愛游泳。         在這裡我認識了一些來澎湖旅遊的外國朋友，一直到現在，我們的感情就像家人一樣，當我到國外去拜訪他們時，都受到他們熱情的款待，為了他們能常回來看我們，溫蒂媽媽民宿就是他們的娘家。",馬公市,東衛里4鄰東衛33之20號,23.5667514,119.6011704,,,,,車位:小客車5輛、機車10輛、大客車0輛,,
Taiwan_Gov_OpenData_v2,hotels,Hotel_A15010000H_007919,大茉莉民宿,炎熱的熱情仲夏，要到哪裡出遊去呢?喜歡徜徉海濱沙灘、藍色汪洋的您~澎湖菊島就是您最優先的出遊選擇！ 這裡有著特殊的玄武岩地質、豐富的海洋資源和雋永的人文文化，更有著毫無壓力的悠閒與快意，您可騎乘機車造訪各大熱門景點，也可乘船至吉貝、望安、七美等美麗島嶼，享受無拘無束的島嶼風光。 「澎湖民宿‧大茉莉民宿」位於馬公市，前往天后宮、四眼井和馬公老街和花火節的主要舉辦場地-觀音亭海濱公園(西瀛虹橋)僅需約3分鐘車程，旅客們可享有最便利的交通優勢，前往探訪菊島海洋風情或大啖特有的在地小吃都十分方便。 「澎湖民宿‧大茉莉民宿」擁有恢弘壯闊的氣度外觀，整面的落地玻璃，讓戶外的光線和街景映入屋內，讓空間更為明亮清新。民宿提供簡單潔淨的2人及4人套房，簡單的繽紛色系，展現單純和樸實意旨，使得旅人的渡假心境更為放鬆無拘。,馬公市,光明里19鄰信義路69號,23.573166,119.568607,,,,,車位:小客車0輛、機車0輛、大客車0輛,https://damorlee.com/,https://taiwan.taiwanstay.net.tw/twpic/58772.jpg?v=20260831
Taiwan_Gov_OpenData_v2,hotels,Hotel_A15010000H_007953,獨宿一格民宿,位於澎湖縣的民宿,馬公市,西文里24鄰文德路12之1號,23.565138,119.581819,,,,,車位:小客車0輛、機車0輛、大客車0輛,http://www.2099babyhome.com/front/bin/home.phtml,
Taiwan_Gov_OpenData_v2,hotels,Hotel_A15010000H_008065,花妹民宿,「澎湖住宿‧花妹民宿」位在渡假勝地-澎湖，坐擁絕佳地理位置，在陽台上可以在寧靜的夜晚抬頭一望就能看到星星俏皮地眨眼，想輕鬆享受這麼美的景色非得親自來趟「澎湖花妹民宿.住宿‧」！   「花妹」提供雅房、雙人房與四人房，不論是單身出門散心、情侶甜蜜出遊、好友歡樂旅行以及家庭天倫之旅都能挑選到適合的房型入住，「花妹」也有提供包棟服務，即便是員工旅遊或畢業小旅行皆能夠滿足您的需求！         「澎湖‧花妹民宿」備有多樣化格調各異的套房房型，不論是輕工業、海洋風情、浪漫甜美、粉紅玫瑰，或是小孩喜歡的童趣風氣～這裡通通都有！旅客們可以自己挑選喜歡的風格，恣意享受輕鬆愉悅的菊島假期～,馬公市,西衛里25鄰西衛248之2號,23.585498,119.579449,,,,,車位:小客車0輛、機車0輛、大客車0輛,https://www.facebook.com/profile.php?id=100064276262143&mibextid=avESrC,
Taiwan_Gov_OpenData_v2,hotels,Hotel_A15010000H_008080,簡單玩民宿,位於澎湖縣的民宿,馬公市,菜園里1鄰菜園6之5號,23.554098,119.596732,,,,,車位:小客車0輛、機車0輛、大客車0輛,,
Taiwan_Gov_OpenData_v2,hotels,Hotel_A15010000H_008091,元泰大飯店,飯店內擁有名家設計柚木的傢俱的精緻客房。客房內浴室皆有專屬養生多功能的SPA水療機。房內均設有迷你冰箱、國外原裝進口的沐浴用品、文書用品(便條紙、信封、手提袋、鉛筆)、免費迎賓礦泉水、茶飲、咖啡、煮水器、Panasonic37吋液晶電視、吹風機、當地的迎賓點心。另有宴會廳、西餐廳、會議場地提供客人做選擇。,馬公市,東文里新店路477號(1至5樓),23.564912,119.578907,,,,,車位:小客車0輛、機車0輛、大客車0輛,http://www.yentai-hotel.com.tw/,https://taiwan.taiwanstay.net.tw/twpic/58861.JPG?v=20260831
Taiwan_Gov_OpenData_v2,hotels,Hotel_A15010000H_008099,海岸線民宿,位於澎湖縣的民宿,湖西鄉,隘門村16之8號,23.5597646,119.6296326,,,,,車位:小客車0輛、機車0輛、大客車0輛,,
Taiwan_Gov_OpenData_v2,hotels,Hotel_A15010000H_008100,草根民宿,「草根民宿」的經營理念，是保留建物初建的原貌與裝修設計格調，僅室內老舊衛浴、窗台及傢俱汰換，是無法與後期新建民宿相比較，主要為營造一個乾淨、舒適的居住環境，與保有在地人情味及提倡維持「民宿」的本質經營，所以內部的擺設亦留前屋主的華麗貴氣，在價格的訂定上，為大眾消費可接受的範圍。,白沙鄉,講美村136之2號,23.632042,119.598434,,,,,車位:小客車0輛、機車0輛、大客車0輛,,
Taiwan_Gov_OpenData_v2,hotels,Hotel_A15010000H_008109,山之美民宿,位於澎湖縣的民宿,白沙鄉,中屯村13之36號,23.61598,119.607521,,,,,車位:小客車0輛、機車0輛、大客車0輛,,
Taiwan_Gov_OpenData_v2,hotels,Hotel_A15010000H_008247,打個盹民宿,「打個盹 snoozinn海景民宿」的靈感來源自午後小憩之後讓人更有精神。忙碌的生活中，偶爾我們都需要停下腳步，休息一下。希望所有來打個盹住宿的朋友，都能感受到家的舒適與放鬆，到澎湖不一定要行程滿滿，也可以放慢腳步享受悠閒，「打個盹 snoozinn海景民宿」給需要放空的朋友一個更棒的選擇。,湖西鄉,沙港村18鄰土地公前7之7號,23.60385,119.627236,,,,,車位:小客車0輛、機車0輛、大客車0輛,,
Taiwan_Gov_OpenData_v2,hotels,Hotel_A15010000H_008323,花羚民宿,位於澎湖縣的民宿,馬公市,西文里1鄰新明路126號,23.5641671,119.5815834,,,,,車位:小客車0輛、機車0輛、大客車0輛,,
Taiwan_Gov_OpenData_v2,hotels,Hotel_A15010000H_008377,莉斯海景民宿,位於澎湖縣的民宿,馬公市,鐵線里1鄰鐵線尾301號,23.5319372,119.6003015,,,,,車位:小客車0輛、機車0輛、大客車0輛,,
Taiwan_Gov_OpenData_v2,hotels,Hotel_A15010000H_008464,信雄休閒民宿,位於澎湖縣的民宿,馬公市,山水里珠江17之30號,23.51449,119.593754,,,,,車位:小客車0輛、機車0輛、大客車0輛,,
Taiwan_Gov_OpenData_v2,hotels,Hotel_A15010000H_008587,澎澄飯店,在這美麗的澎湖群島中，有著古老的歷史文化，有著美麗的人文風情，除此之外，更有著讓人熱血激昂，流連忘返的探索活動而澎澄除了可以給您最舒適的放鬆環境，更是您探索在地風情的最佳夥伴,馬公市,光復里1鄰同和路168號,23.5668463,119.5722115,,,,,車位:小客車257輛、機車93輛、大客車3輛,http://www.discoveryhotel.com.tw,https://taiwan.taiwanstay.net.tw/twpic/199693.jpg?v=20260831
Taiwan_Gov_OpenData_v2,hotels,Hotel_A15010000H_008637,菓葉日出背包客棧民宿,位於澎湖縣的民宿,湖西鄉,果葉村5鄰果葉46號之2,23.579055,119.6769133,,,,,車位:小客車0輛、機車0輛、大客車0輛,,
Taiwan_Gov_OpenData_v2,hotels,Hotel_A15010000H_008674,景雅民宿,位於澎湖縣的民宿,馬公市,西衛里26鄰西衛633號,23.5854879,119.5828281,,,,,車位:小客車0輛、機車0輛、大客車0輛,,
Taiwan_Gov_OpenData_v2,hotels,Hotel_A15010000H_008701,月之海民宿,習慣了汲汲營營的都會生活逐漸地忘記了天的顏色還有海的氣息來到澎湖～重新出發感受～海洋之母的輕柔撫育享受～無需言語的樸實恬靜 　「澎湖‧月之海民宿」為合法澎湖民宿，步行僅需5分鐘即可抵達觀音亭，旅人們無須出門即可在頂樓輕鬆欣賞到精心動魄又震撼人心的美麗花火。前往澎湖開拓館、順承門、馬公港、天后宮、中央古街、四眼井、菊島之星、漁人碼頭及南海遊客中心…等多處熱門景點也僅需約5至15分鐘車程距離，交通十分方便。 　「澎湖‧月之海民宿」相當講究住宿的舒適性與寧靜的舒眠品質，大小合宜的寬敞房型，簡單、高雅又不失溫馨，致力帶給旅客如家一般的舒適愜意。民宿所提供的部分房型可望見美麗的蔚藍海景，旅人們可無需東奔西跑、汲汲營營，也可隨性的窩在房內，恣意享受慵懶的度假情調。,馬公市,光明里民族路127號,23.57386,119.567351,,,,,車位:小客車0輛、機車0輛、大客車0輛,,
Taiwan_Gov_OpenData_v2,hotels,Hotel_A15010000H_008763,海漾情民宿,位於澎湖縣的民宿,馬公市,西衛里25鄰西衛247之3號,23.585733,119.580276,,,,,車位:小客車0輛、機車0輛、大客車0輛,,
Taiwan_Gov_OpenData_v2,hotels,Hotel_A15010000H_008797,澎澎灘渡假村民宿,位於澎湖縣的民宿,白沙鄉,鳥嶼村289號,23.6638013,119.6636784,,,,,車位:小客車0輛、機車0輛、大客車0輛,,
Taiwan_Gov_OpenData_v2,hotels,Hotel_A15010000H_008823,浪漫滿屋渡假別墅民宿2館,位於澎湖縣的民宿,馬公市,光榮里光榮街28號,23.574824,119.572985,,,,,車位:小客車0輛、機車0輛、大客車0輛,,
Taiwan_Gov_OpenData_v2,hotels,Hotel_A15010000H_008828,緣ENISHI Resort Villa 民宿,"日本與台灣的一流建築師攜⼿設計小巧精緻的民宿「ENISHI RESORT VILLA」客房形式各有不同,並且擁有異次元般的寬敞空間。在這裡您將獲得全新的住宿體驗。建築物的設計是由委託人劉淑芬，以及建築師前田紀貞所構想的設計理念「腦波」。從腦波作為發想，創造出凹凸有致、前衛的造型。是前所未有、獨一無二的建築空間。",湖西鄉,隘門村8鄰隘門45之3號,23.5622287,119.6361401,,,,,車位:小客車0輛、機車0輛、大客車0輛,,
Taiwan_Gov_OpenData_v2,hotels,Hotel_A15010000H_008835,家翔琳觀海民宿,位於澎湖縣的民宿,馬公市,光明里民族路109號,23.573162,119.566923,,,,,車位:小客車0輛、機車0輛、大客車0輛,,
Taiwan_Gov_OpenData_v2,hotels,Hotel_A15010000H_008853,風信子民宿,位於澎湖縣的民宿,馬公市,前寮里2鄰前寮5之10號,23.555278,119.588132,,,,,車位:小客車0輛、機車0輛、大客車0輛,,
Taiwan_Gov_OpenData_v2,hotels,Hotel_A15010000H_008862,享一夏民宿(特色民宿),位於澎湖縣山水沙灘海景第一線的民宿,馬公市,山水里20鄰珠江1之30號,23.513553,119.592529,,,,,車位:小客車0輛、機車0輛、大客車0輛,,
Taiwan_Gov_OpenData_v2,hotels,Hotel_A15010000H_008887,安泊旅店,安泊旅店是2019年澎湖馬公市區唯一全新開幕海景飯店，擁有大面積客房，兩部電梯出入便捷，環保節能設計，絕佳通風與採光。獨立觀景陽台，提供吞雲吐霧處所，體貼滿足所有貴賓需求。,馬公市,東文里11鄰東文澳123之2號,23.5168372,119.5963033,,,,,車位:小客車10輛、機車0輛、大客車0輛,http://www.apause.com.tw,https://taiwan.taiwanstay.net.tw/twpic/78703.jpg?v=20260831
Taiwan_Gov_OpenData_v2,hotels,Hotel_A15010000H_008895,向日葵精緻旅店民宿,位於澎湖縣的民宿,馬公市,西文里10鄰西文澳85之2號,23.568214,119.589057,,,,,車位:小客車0輛、機車0輛、大客車0輛,,
Taiwan_Gov_OpenData_v2,hotels,Hotel_A15010000H_008902,平凡履棧民宿,"旅客玩了一天累了,需要好好休息睡個好眠.希望來訪的旅人好友都能有一夜好眠，為明天準備.歡迎你(妳)的蒞臨",馬公市,西衛里26鄰西衛338號,23.582457,119.578911,,,,,車位:小客車0輛、機車0輛、大客車0輛,,
Taiwan_Gov_OpenData_v2,hotels,Hotel_A15010000H_008975,太陽民宿,太陽民宿倚靠在西衛的西北側海岸，頗有遺世獨居的玩味，每一天的晨曦和晚霞從我們頭頂上走過，故名太陽。雖然如此，我們最顯眼的標誌其實是圖片中能看見的七色彩柱，人人都嚮往太陽的光芒和溫暖，但雨過天晴的力量才是最珍貴的，所以太陽民宿的太陽是在雨後，天放晴，讓彩虹出現的太陽。太陽民宿為新造，今年盛大啟動~走進這個總計一百多坪大的空間裡，最先感受到的就是濃濃的木竹香，全局皆用復古的風味，營造出懷舊的溫暖情懷。房間部分呼應大格局，雙人房都已接近8坪，盥洗空間皆採用乾濕分離，除六人房外，皆配置約1.5坪的陽台，為的是除了日出日落，還有澎湖夜晚如繁星點點的燈光漁火，環視整個西嶼鄉、白沙鄉，綿長路燈點點串連，正北邊，是大倉島的親切問候，或著猛然回頭，觀音亭的彩虹橋在遠處閃爍著。我們在整個澎湖本島的中心位置，觀望。PS：民宿額外配置全新的腳踏車，據民宿約莫50公尺外就是西衛的腳踏車步道，一路沿著澎湖西海岸能夠通往觀音亭，馬公市區。此外我們也提供機場接送的服務，有需求的朋友也請多多善用，感謝。,馬公市,西衛里25鄰西衛378號,23.588531,119.581321,,,,,車位:小客車0輛、機車0輛、大客車0輛,http://sunintheplace.weebly.com,https://taiwan.taiwanstay.net.tw/twpic/59135.jpg?v=20260831
Taiwan_Gov_OpenData_v2,hotels,Hotel_A15010000H_009041,大牛的家民宿,「澎湖民宿‧大牛的家民宿」潔白且線條分明的外觀大方氣派，庭園草皮造景更是賞心悅目，主人也貼心地設置戶外休閒桌椅讓旅人白天可在此曬曬太陽、感受微風徐徐的愜意，而到了夜晚更是抬頭便能欣賞浩瀚閃爍的銀河天際，使人忘情醉心！除清閒雅緻的庭園造景外，「澎湖住宿‧大牛的家民宿」大廳空間也毫不馬虎，簡單之中散發著文青風格的品味，以優雅的姿態歡迎著旅人到來，也使人心情跟著舒暢起來；民宿內提供二至四人套房，以包層為主，讓旅人可與熟識夥伴共享空間；每個房間皆有不同主題搭配著合宜裝潢，讓不論是情侶、好友或是家庭出遊等都能挑選到適合房型入住，部分房間更有大型落地窗戶可接引戶外草皮綠意與溫暖陽光，使空間更添幸福滋味！房內寬敞明亮的規劃巧妙地減輕了旅途間的疲憊，而精心挑選的家飾更顯示了主人對旅人的重視，希望每個到來的貴客都能夠有賓至如歸的感受，讓您在「澎湖民宿‧大牛的家民宿」相陪的旅程之中留下難忘美好的回憶。服務項目：澎湖住宿、澎湖民宿、澎湖包棟民宿、澎湖民宿推薦、澎湖行程建議、澎湖旅遊諮其他設施：停車場、無線上網、觀景平台、露天休閒桌椅,馬公市,鐵線里1鄰鐵線尾38之40號,23.53689,119.604098,,,,,車位:小客車0輛、機車0輛、大客車0輛,,
Taiwan_Gov_OpenData_v2,hotels,Hotel_A15010000H_009080,宏湖居宋船長之家民宿,位於澎湖縣的民宿,白沙鄉,後寮村8鄰後寮211號,23.66937,119.57721,,,,,車位:小客車0輛、機車0輛、大客車0輛,,
Taiwan_Gov_OpenData_v2,hotels,Hotel_A15010000H_009100,澎湖風鳶民宿,「澎湖風鳶」為澎湖首座兼具節能、通風、採光、環境綠美化及生物多樣性之低碳綠能民宿；主要提供遊客享受澎湖鄉村的自然寧靜，體驗當地農漁事生活與風土民情、產業文化、人文景觀、自然生態等知性渡假旅遊資訊，高質量的客製化行程規劃感動服務，滿足不同族群的旅遊休閒與商務需求；獲交通部觀光局「好客民宿」星級旅宿評鑑標章表揚，行政院環保署環保旅店與跟著董事長遊台灣經典民宿、國防部福利總處、國軍軍眷住宅公用合作社優良特約商店。,馬公市,五德里1鄰雞母塢155號,23.526474,119.593177,,,,,車位:小客車0輛、機車0輛、大客車0輛,,
Taiwan_Gov_OpenData_v2,hotels,Hotel_A15010000H_009168,長宏民宿,"位於澎湖縣白沙鄉吉貝島的民宿,吉貝島擁有世界級的長尾黃金沙灘",白沙鄉,吉貝村188-2號,23.737878,119.606588,,,,,車位:小客車0輛、機車0輛、大客車0輛,,
Taiwan_Gov_OpenData_v2,hotels,Hotel_A15010000H_009191,笙峰民宿,位於澎湖縣的民宿,馬公市,石泉里石泉6號之17,23.560555,119.591771,,,,,車位:小客車0輛、機車0輛、大客車0輛,,
Taiwan_Gov_OpenData_v2,hotels,Hotel_A15010000H_009247,右舍民宿,位於澎湖縣的民宿,馬公市,西文里14鄰西文澳112之20號,23.567426,119.58081,,,,,車位:小客車0輛、機車0輛、大客車0輛,,
Taiwan_Gov_OpenData_v2,hotels,Hotel_A15010000H_009267,心舟民宿,位於澎湖縣的民宿,湖西鄉,許家村3鄰港子尾76號,23.583179,119.6075088,,,,,車位:小客車0輛、機車0輛、大客車0輛,,
Taiwan_Gov_OpenData_v2,hotels,Hotel_A15010000H_009269,候鳥潮間帶民宿,澎湖｜候鳥潮間帶．候鳥歸巢，海天一色的原始海鄉傍晚順著美麗夕陽的指引，彎進白沙鄉城前小村，路的盡頭無縫接著前方的澎湖內海，就在打開車門的剎那，視線還沒準備好接受眼前遼闊無際的景色，遼闊的海洋味道就先撲進鼻中，而候鳥潮間帶，就獨立在這片海天一色之間，與海只有不到20公尺的距離，像一個歡迎你們這群都市候鳥回到原始大自然的海邊老家。棲息於潮間帶的白色候鳥不規則的建築，在夏日南風中，宛如一隻即將鼓翅的白色候鳥，屋前那片黃亮沙灘與延展開來的海景，獨攬碼頭與潮間帶的美景；而眼前的景色與生態隨著海水進退與天光，構成一幅具有充沛生命力的無價畫作，片刻都是不同的動人美景。除了坐擁了前方潮間帶以外，候鳥潮間帶的名字源自於民宿主人美滿姊與楊大哥都是愛鳥人士，身為澎湖野鳥學會會員的她們，熱衷於澎湖大小鳥事；也期待每個都市裡的旅人都能像候鳥歸巢般，定期回到這裡，享受完整的大自然和這個海邊的老家。用心感受最簡單的幸福「我們家沒什麼特色，這裡什麼都沒有；但就是用心感受。」美滿姊說，候鳥潮間帶沒有華美的裝潢，沒有繁複的設計，回歸原始的自然幸福就來自於簡單的「感受」二字。敞開胸懷用心感受吧！把平時在城市堆積心上的灰塵抖散，將心與眼通通打開，候鳥潮間帶讓你擁有新的感官與心胸，以更加細膩的姿態感受美好的大自然：也許是早晨迎接海面日出的到來，也許是打開窗戶享受海風輕拂的幸福感，也許是看到店狗阿new衝向海中玩耍的興奮，也許是仰望滿天星空的浪漫，又也許是早餐第一次吃到鍾記燒餅的滿足，在這總能找到太多感動的時刻，讓人重新補充快樂的能量。,白沙鄉,城前村34之3號,23.624119,119.597341,,,,,車位:小客車0輛、機車0輛、大客車0輛,,https://taiwan.taiwanstay.net.tw/twpic/59241.JPG?v=20260831
Taiwan_Gov_OpenData_v2,hotels,Hotel_A15010000H_009351,紫月桐民宿,位於澎湖縣的民宿,馬公市,西衛里235之17號,23.58254,119.578845,,,,,車位:小客車0輛、機車0輛、大客車0輛,,
Taiwan_Gov_OpenData_v2,hotels,Hotel_A15010000H_009356,我宿休閒民宿,嗨…各位朋友們，我行、我宿(Be-My-House)位於馬公市的近郊，就像台北的陽明山(這是民宿主人的遐想)…這兒的靜謐，就在夜晚時刻，搖椅上的旋律，詮釋最深刻，您能想像它的樣子嗎？不如親身來一趟澎湖之旅，希望您能拋開工作與壓力，用輕鬆的心情感受我們這兒的悠閒與愜意！外觀盎然綠意~是給你的第一印象，走進每個房間，色彩鮮明，獨具風格，更重要的是~給你屬於自己家裡的溫馨感覺，來感受感受吧！,馬公市,東衛里171之11號,23.5700111,119.6059685,,,,,車位:小客車0輛、機車0輛、大客車0輛,http://www.be-my-house.com/,https://taiwan.taiwanstay.net.tw/twpic/59272.jpg?v=20260831
Taiwan_Gov_OpenData_v2,hotels,Hotel_A15010000H_009376,拾個貝殼民宿,位於澎湖縣的民宿,白沙鄉,吉貝村183-27號,23.738448,119.607167,,,,,車位:小客車0輛、機車0輛、大客車0輛,,
Taiwan_Gov_OpenData_v2,hotels,Hotel_A15010000H_009412,馬公老街民宿,"馬公老街民宿位於馬公市中心,中央街為歷史風貌特定區，天后宮，施公祠、萬軍井，四眼井，台廈交會館等歷史古蹟都在四周。馬公老街民宿為一棟三層樓仿閩式建築的新厝，紅瓦白牆，住在這裡，穿梭老街，更引人懷思古幽情，感受先民居住之情境,鄰近觀音亭,順承門，馬公港，漁人碼頭，中正商圈，吃海鮮，購物逛街，市區觀光，步行可到觀音亭彩虹橋看夜景，選擇住這裡，讓您真正享受旅遊之快樂。預約住宿提供十項服務一、機場免費接送。二、免費提供自選早餐。三、宿內免費提供礦泉水。四、提供旅遊地圖一份。五、景點行程解說 介紹好吃的 好玩的。六、代租汽車、機車。代購行程及船票。七、提供冰蘆薈塗敷曬傷皮膚。八、一樓設交誼廳吃早餐 泡茶 喝咖啡。九、自備電腦可無線上網。十、本民宿為國民旅遊卡特約商店。",馬公市,中央里中央街1巷8號,23.5645055,119.564289,,,,,車位:小客車0輛、機車0輛、大客車0輛,http://www.069266161.com,https://taiwan.taiwanstay.net.tw/twpic/59291.jpg?v=20260831
Taiwan_Gov_OpenData_v2,hotels,Hotel_A15010000H_009569,兄弟會館民宿一館,位於澎湖縣的民宿,馬公市,石泉里5鄰石泉581號,23.557875,119.593405,,,,,車位:小客車0輛、機車0輛、大客車0輛,,
Taiwan_Gov_OpenData_v2,hotels,Hotel_A15010000H_009639,文美海景民宿,位於澎湖縣的民宿澎湖文美海景民宿位於馬公市區是登記第225號的合法民宿。民宿在三多路三九○巷可眺望美麗澎湖灣，欣賞落日餘暉和花火節的璀璨煙火，感受夜晚的浪漫與美麗。有雙人房與四人房適合賞花火團體旅遊自由行包棟。擁有優質的周邊設施位於三多路商圈大家五金大賣場7-11超商、丁丁連鎖藥局、全國電子、全聯福利中心、燦坤3C均於200公尺內，騎車3分鐘即可抵達文康早餐街、北辰市場.生活機能超優；菊島旅遊唯一選擇澎湖文美海景民宿為您留住美好時光。,馬公市,光榮里24鄰三多路390巷11號,23.577253,119.570239,,,,,車位:小客車2輛、機車7輛、大客車0輛,,
Taiwan_Gov_OpenData_v2,hotels,Hotel_A15010000H_009653,宸楓民宿,位於澎湖縣的民宿,馬公市,西衛里26鄰西衛351號,23.586765,119.58234,,,,,車位:小客車0輛、機車0輛、大客車0輛,,
Taiwan_Gov_OpenData_v2,hotels,Hotel_A15010000H_009701,藍洞民宿,位於澎湖縣的民宿,馬公市,東文里4鄰大賢街67號,23.561351,119.580897,,,,,車位:小客車0輛、機車0輛、大客車0輛,,
Taiwan_Gov_OpenData_v2,hotels,Hotel_A15010000H_009706,友全宅民宿,位於澎湖縣的民宿,望安鄉,西安村12鄰望安1之2號,23.3584994,119.496234,,,,,車位:小客車0輛、機車0輛、大客車0輛,,
Taiwan_Gov_OpenData_v2,hotels,Hotel_A15010000H_009812,媽吉的部屋民宿,位於澎湖縣的民宿,馬公市,西衛里25鄰西衛249之6號,23.585751,119.579077,,,,,車位:小客車0輛、機車0輛、大客車0輛,,
Taiwan_Gov_OpenData_v2,hotels,Hotel_A15010000H_009962,喜洋洋民宿,位於澎湖縣的民宿,馬公市,興仁里10鄰双頭掛136之1號,23.547215,119.612244,,,,,車位:小客車0輛、機車0輛、大客車0輛,,
Taiwan_Gov_OpenData_v2,hotels,Hotel_A15010000H_009980,語榕花園民宿,以寧靜舒適的環境與永續旅行理念，為旅人打造海島住宿體驗。規劃季節限定的生態文化小旅行，結合在地工藝、自然探索與人文風情，帶您深入感受澎湖的獨特韻味。秉持綠色旅宿精神，從節能設施到減塑行動，致力於降低旅遊對環境的影響。無論是悠閒放鬆、手作工藝，或漫步於海風輕拂的海岸，帶您細細品味澎湖慢旅的理想選擇。,馬公市,前寮里21-3號,23.553516,119.588303,,,,,車位:小客車0輛、機車0輛、大客車0輛,http://www.yurong.com.tw,https://taiwan.taiwanstay.net.tw/twpic/59496.JPG?v=20260831
Taiwan_Gov_OpenData_v2,hotels,Hotel_A15010000H_010000,夏日瘋民宿,位於澎湖縣的民宿,湖西鄉,成功村1鄰港底300號,23.569368,119.612554,,,,,車位:小客車0輛、機車0輛、大客車0輛,,
Taiwan_Gov_OpenData_v2,hotels,Hotel_A15010000H_010005,情定海豚灣民宿,"位在澎湖馬公市區，鄰近三軍總醫院，騎車到市區只需5分鐘車程！擁有鬧中取靜,景緻優美的絕佳住宿，屋前還可欣賞美麗海景,享受悠閒的渡假氛圍",馬公市,前寮里5鄰50之18號,23.552766,119.584971,,,,,車位:小客車0輛、機車0輛、大客車0輛,,
Taiwan_Gov_OpenData_v2,hotels,Hotel_A15010000H_010041,遊龍戲鳳花園民宿,位於澎湖縣的民宿,西嶼鄉,竹篙灣村竹篙灣1之5號,23.637133,119.518018,,,,,車位:小客車0輛、機車0輛、大客車0輛,http://phdragon.pixnet.net/blog,
Taiwan_Gov_OpenData_v2,hotels,Hotel_A15010000H_010045,半天鳥精品民宿,汲汲營營的結果，雖頗有收益，卻也賠上了健康與精神生活。自忖，人生歲月苦短，怎能虛渡？不時憶起曾混跡北、中、南各部都會叢林中，繁忙、緊張的都市生活，工作壓力及令人窒息、無力的生活，故重拾返鄉前的民宿大夢。澎湖人的慢活、閒適、不與人爭，更是讓我逐夢的最佳動力，期盼藉由民宿經營，結識四方好友，共同分享澎湖之美，悠哉、慢活、休閒的新生活。,馬公市,光榮里24鄰三多路392號,23.577152,119.56978,,,,,車位:小客車0輛、機車0輛、大客車0輛,,
Taiwan_Gov_OpenData_v2,hotels,Hotel_A15010000H_010061,散島旅居民宿,位於澎湖縣的民宿,馬公市,西衛里25鄰西衛379之9號,23.587973,119.581604,,,,,車位:小客車0輛、機車0輛、大客車0輛,,
Taiwan_Gov_OpenData_v2,hotels,Hotel_A15010000H_010173,澎湖傑克家族民宿,遠離台灣本島的都市塵囂，一邊欣賞著西下的夕陽，一邊在乾淨潔白的沙灘上留下腳印，清晨沐浴在挾帶著鹽味的的新鮮空氣中，不僅放鬆身軀，更讓心靈得以休憩一番。澎湖民宿JACK家族，為政府核准營業之合法民宿，民宿內每間房間皆配有液晶電視、獨立衛浴、分離式冷氣，乾淨衛生。民宿的服務人員有著滿腔的熱情與親切的服務態度，肯定讓您擁有最舒適的休息回覆滿滿的元氣迎接明天的旅遊行程。JACK家族的地址位於澎湖縣馬公市朝陽里林森路15巷36弄5號，聯絡電話：06-9265200 or 0934080188（LINE ID），傳真06-9267600E-mail：wx7219@yahoo.com.tw,馬公市,朝陽里林森路15巷36弄5號,23.57327,119.575893,,,,,車位:小客車0輛、機車0輛、大客車0輛,https://stores.taiwan66.com.tw/jackfamily/business-items,https://taiwan.taiwanstay.net.tw/twpic/59549.jpg?v=20260831
Taiwan_Gov_OpenData_v2,hotels,Hotel_A15010000H_010198,浪漫滿屋渡假別墅民宿,位於澎湖縣的民宿,馬公市,光榮里朝陽路223號,23.574743,119.572229,,,,,車位:小客車0輛、機車0輛、大客車0輛,,
Taiwan_Gov_OpenData_v2,hotels,Hotel_A15010000H_010230,留星嶼民宿,位於澎湖縣的民宿,白沙鄉,瓦硐村29之1號,23.656128,119.5854188,,,,,車位:小客車0輛、機車0輛、大客車0輛,,
Taiwan_Gov_OpenData_v2,hotels,Hotel_A15010000H_010286,衫之林民宿,"澎湖民宿""衫之林"" 一種崇尚自然原木生活方式  有著濃濃的南國韻味 綴上輕柔如薄紗的白色門簾  空氣中流溢著一股濃濃的悠閒風情   民宿呈現峇里島獨特優閒風格  使用許多原木及藤材質的布置讓房內散發著原木自然香氣 木雕及趣味石雕  竹簾及紗帳則呈空間的隔屏暈黃的燈光  大大小小各式五顏六色的南國風情飾品 給予你有如置身南洋島國的異國風情…",馬公市,鎖港里鎖管港1246號,23.5226726,119.6006511,,,,,車位:小客車0輛、機車0輛、大客車0輛,https://ibali.okgo.tw/room.html#menu,
Taiwan_Gov_OpenData_v2,hotels,Hotel_A15010000H_010290,最南端民宿,位於澎湖縣的民宿,馬公市,山水里20鄰珠江16之2號,23.5139621,119.5933429,,,,,車位:小客車0輛、機車0輛、大客車0輛,,
Taiwan_Gov_OpenData_v2,hotels,Hotel_A15010000H_010322,旅行者背包客棧民宿,位於澎湖縣的民宿,馬公市,西衛里23鄰五福路3巷32弄25號,23.578877,119.5767054,,,,,車位:小客車0輛、機車0輛、大客車0輛,,
Taiwan_Gov_OpenData_v2,hotels,Hotel_A15010000H_010325,念念民宿,位於澎湖縣的民宿,馬公市,西衛里26鄰西衛352號,23.586687,119.582291,,,,,車位:小客車0輛、機車0輛、大客車0輛,,
Taiwan_Gov_OpenData_v2,hotels,Hotel_A15010000H_010346,靜夜星海民宿,位於澎湖縣的民宿,馬公市,西衛里25鄰西衛561號,23.590543,119.5827164,,,,,車位:小客車0輛、機車0輛、大客車0輛,,
Taiwan_Gov_OpenData_v2,hotels,Hotel_A15010000H_010413,愛爾弗斯民宿,2018全新開幕【愛爾弗斯Air Force】位於澎湖縣湖西鄉港子尾，地處澎湖本島居中位置緊臨交通要道，不論是要往馬公市區逛街吃美食、買特產，還是要往澎湖各知名景點，享受大自然的悠然景色，租車騎車、搭乘大眾運輸工具民宿位置都非常便利。【愛爾弗斯Air Force】全棟民宿內部裝潢為民宿主人親手打造，80%以上採用實木裝潢，沒有華而不實的裝飾，取而代之的是滿滿的檜木香及更人性化的設計，備有多種房型可供選擇。選擇【愛爾弗斯Air Force】提供給您澎湖各地的旅遊資訊諮詢服務，保證讓您不用跟團到處跑，自助遊也能玩的充實又暢快！歡迎您的光臨打造一間有溫度的旅人空間沒有華麗的裝潢但給您滿滿的檜木清香,湖西鄉,許家村3鄰港子尾68之5號,23.58289,119.60684,,,,,車位:小客車0輛、機車0輛、大客車0輛,,
Taiwan_Gov_OpenData_v2,hotels,Hotel_A15010000H_010425,豔晴居民宿,位於澎湖縣的民宿,馬公市,鎖港里5鄰鎖管港306號,23.528564,119.602072,,,,,車位:小客車0輛、機車0輛、大客車0輛,,
Taiwan_Gov_OpenData_v2,hotels,Hotel_A15010000H_010445,菊子民宿,藝人、主播、記者口碑好評一致推薦!!澎湖菊子旅行社&民宿，秉持最在地的精神；最實惠的價格；最創新的設施，在澎湖菊島，接待著一批批來自台灣、世界各地的嬌客們!-最超值澎湖旅遊規劃-最方便市區中心民宿-最超值一條龍式服務澎湖旅遊首選；最在地的「菊子旅行社&民宿」,馬公市,陽明里大智街24巷27弄22號,23.571848,119.570886,,,,,車位:小客車0輛、機車0輛、大客車0輛,,
Taiwan_Gov_OpenData_v2,hotels,Hotel_A15010000H_010477,沙港半島民宿,位於澎湖縣的民宿,湖西鄉,沙港村11鄰沙港103之1號,23.604865,119.623863,,,,,車位:小客車0輛、機車0輛、大客車0輛,,
Taiwan_Gov_OpenData_v2,hotels,Hotel_A15010000H_010491,頌華私墅伍區民宿,S.H. Villa 位於澎湖湖西鄉，提供私人別墅和海景房，融合了舒適、自然風光和周到的服務，讓您放慢腳步，呼吸海風，體驗真正的島嶼生活。,湖西鄉,許家村6鄰港子尾120之6號,23.586599,119.610795,,,,,車位:小客車0輛、機車0輛、大客車0輛,,
Taiwan_Gov_OpenData_v2,hotels,Hotel_A15010000H_010549,有空常來澎湖民宿,位於澎湖縣的民宿,馬公市,石泉里17鄰石泉2之55號,23.560206,119.59465,,,,,車位:小客車0輛、機車0輛、大客車0輛,,
Taiwan_Gov_OpenData_v2,hotels,Hotel_A15010000H_010566,采憶民宿,澎湖采憶民宿是馬公市區登記第605號合法民宿。加Line好友訂房可享優惠折扣。ID:@568cjgyr 。適合花火節旅遊、畢業旅行、團體自由行。澎湖民宿選采憶．擁有精采好回憶！,馬公市,光榮里25鄰敬業街5號,23.5774301,119.573501,,,,,車位:小客車0輛、機車0輛、大客車0輛,,
Taiwan_Gov_OpenData_v2,hotels,Hotel_A15010000H_010594,星海灣大飯店,位於澎湖縣的旅館,馬公市,民生路10號,23.567505,119.567356,,,,,車位:小客車0輛、機車0輛、大客車0輛,,
Taiwan_Gov_OpenData_v2,hotels,Hotel_A15010000H_010599,漢娜大嬸民宿,位於澎湖縣的民宿,馬公市,山水里22鄰珠江152之57號,23.519045,119.592073,,,,,車位:小客車0輛、機車0輛、大客車0輛,,
Taiwan_Gov_OpenData_v2,hotels,Hotel_A15010000H_010623,凱瀛影像會館民宿,位於澎湖縣的民宿，靠近澎湖生活博物館和國立澎湖科技大學，提供 WiFi（免費）和免費停車位。所有房型均有私人衛浴、空調、平面電視和冰箱。,馬公市,案山里14鄰民裕街31號,23.559807,119.581762,,,,,車位:小客車0輛、機車0輛、大客車0輛,,
Taiwan_Gov_OpenData_v2,hotels,Hotel_A15010000H_010636,和興大飯店,位於澎湖縣的旅館,馬公市,陽明里光復路106號,23.572232,119.571164,,,,,車位:小客車0輛、機車0輛、大客車0輛,,
Taiwan_Gov_OpenData_v2,hotels,Hotel_A15010000H_010691,驫風民宿,位於澎湖馬公市的民宿 位於澎湖中心點!交通便利以熱情服務~歡迎您回家,馬公市,東衛里2鄰東衛26之9號,23.5658011,119.6006511,,,,,車位:小客車4輛、機車10輛、大客車0輛,,https://taiwan.taiwanstay.net.tw/twpic/59738.jpg?v=20260831
Taiwan_Gov_OpenData_v2,hotels,Hotel_A15010000H_010707,慈愛居民宿,「澎湖民宿．慈愛居」鄰近南海遊客中心、澎湖馬公市區，僅需五分鐘的車程即可享有便利生活與美食小吃，或是乾脆搭船出海體驗夜釣小管、海上釣魚的樂趣。澎湖本島有天后宮、四眼井、跨海大橋、中屯風車等熱門景點，騎著機車享受海風吹拂遊覽各式景點是最適合也不過了。 「澎湖民宿．慈愛居」位處便利、鬧中取靜，民宿的年輕主人俊偉因為對大海有著深厚的情感，以及懷著想要在家鄉打拼的鄉土情懷，便與父母親攜手打造「澎湖民宿．慈愛居」，民國104年正式落成的民宿以溫馨典雅為設計主軸，潔白簡約的房間搭配上現代化高雅的衛浴設備，最適合想要享受澎湖悠閒的旅客入住，給您如同回家般的舒適感受。倘若您對旅途或行程有任何疑問，歡迎直接電洽【0927-795202】澎湖民宿．慈愛居,馬公市,東文里15鄰東文澳260之6號,23.562197,119.588582,,,,,車位:小客車0輛、機車0輛、大客車0輛,,https://taiwan.taiwanstay.net.tw/twpic/59744.jpg?v=20260831
Taiwan_Gov_OpenData_v2,hotels,Hotel_A15010000H_010761,特米諾1號館民宿,位於澎湖縣的民宿,馬公市,石泉里16鄰石泉185之32號,23.5572514,119.5956103,,,,,車位:小客車0輛、機車0輛、大客車0輛,http://terminal.ego.tw/,
Taiwan_Gov_OpenData_v2,hotels,Hotel_A15010000H_010872,西衛海岸民宿,位於澎湖縣的民宿,馬公市,西衛里581號,23.593722,119.582598,,,,,車位:小客車0輛、機車0輛、大客車0輛,,
Taiwan_Gov_OpenData_v2,hotels,Hotel_A15010000H_010952,三天兩夜民宿,位於澎湖縣的民宿,馬公市,西衛里24鄰西衛393之3號,23.5833977,119.5784606,,,,,車位:小客車0輛、機車0輛、大客車0輛,,
Taiwan_Gov_OpenData_v2,hotels,Hotel_A15010000H_010993,島澳七七民宿,位於澎湖縣的民宿,望安鄉,將軍村將軍澳5號,23.36233,119.522152,,,,,車位:小客車0輛、機車0輛、大客車0輛,,
Taiwan_Gov_OpenData_v2,hotels,Hotel_A15010000H_011000,澎舢100民宿,位於澎湖縣的民宿,馬公市,鎖港里2鄰鎖管港102之10號,23.5350834,119.6034455,,,,,車位:小客車0輛、機車0輛、大客車0輛,,
Taiwan_Gov_OpenData_v2,hotels,Hotel_A15010000H_011098,來客佳民宿,位於澎湖縣的民宿遠離市區喧嘩聲，回歸鄉野遼闊的視覺，享受大自然，無拘無束自由的放蕩、舒暢。簡單、清爽、家的感覺，來客佳民宿讓您體驗之。至市區10分鐘，機場10分鐘，位於澎21號(進入 大城北村)道路上，交通便利，歡迎光臨來客佳民宿。,湖西鄉,成功村1鄰港底142之1號,23.568038,119.616881,,,,,車位:小客車0輛、機車0輛、大客車0輛,,
Taiwan_Gov_OpenData_v2,hotels,Hotel_A15010000H_011162,葶歇民宿,位於澎湖縣的民宿,馬公市,東文里15鄰東文澳260之5號,23.562291,119.588695,,,,,車位:小客車0輛、機車0輛、大客車0輛,,
Taiwan_Gov_OpenData_v2,hotels,Hotel_A15010000H_011193,安心美民宿,位於澎湖縣的民宿,馬公市,安宅里170號,23.578718,119.604292,,,,,車位:小客車0輛、機車0輛、大客車0輛,,
Taiwan_Gov_OpenData_v2,hotels,Hotel_A15010000H_011255,陽光原宿精品民宿,澎湖縣的民宿,馬公市,光榮里18鄰三多路370巷2號,23.5779398,119.5701053,,,,,車位:小客車0輛、機車0輛、大客車0輛,,
Taiwan_Gov_OpenData_v2,hotels,Hotel_A15010000H_011256,好朋友民宿,澎湖民宿「好朋友民宿」座落於整個澎湖縣的中心點，距離馬公市區只要8分鐘車程即可到達，距離澎湖各大景點也都很近(如白沙鄉跨海大橋、通樑古榕，湖西鄉奎壁山摩西分海、隘門沙灘，山水沙灘、風櫃動等等)，是一個地理位置極佳的住宿地點，另外住宿包含早餐以及每天都有提供額外的小點心，住宿的老闆一家也都十分親切，有什麼需要都可以跟我們說，我們會盡力的協助旅客處理～每一間套房都有獨立衛浴，除了2樓海洋團體房以及1樓鄉村房沒有陽台之外，其餘3樓花園雙人房以及2樓星月四人房皆有陽台哦～另外本館全面禁菸，若是有菸癮的房客再麻煩到外面抽菸，謝謝您！,馬公市,安宅里1鄰宅腳嶼93之22號,23.572601,119.602349,,,,,車位:小客車0輛、機車0輛、大客車0輛,,
Taiwan_Gov_OpenData_v2,hotels,Hotel_A15010000H_011354,海天一舍民宿,位於澎湖縣湖西鄉面海的民宿,湖西鄉,許家村3鄰港子尾63之1號,23.586514,119.608748,,,,,車位:小客車0輛、機車0輛、大客車0輛,,
Taiwan_Gov_OpenData_v2,hotels,Hotel_A15010000H_011357,兄弟會館民宿,位於澎湖縣的民宿,馬公市,石泉里5鄰石泉580號,23.557875,119.593405,,,,,車位:小客車0輛、機車0輛、大客車0輛,,
Taiwan_Gov_OpenData_v2,hotels,Hotel_A15010000H_011361,澎湖海水正藍民宿,海水正藍民宿比鄰潮間帶及成功水庫，濕地上四季不乏各式候鳥與留鳥覓食遨翔，海水正藍得地利之便，從窗子便可架起望遠鏡追尋候鳥芳蹤，成為喜愛大自然遊客絕佳投宿點。民宿庭院巧心造景，包括古意盎然的老水缸，澎湖漸漸失傳的牛車，迎風飛揚的風車，加上民宿旁就是道地澎湖古厝群，在在凸顯民宿營造的鄉居寫意。 民宿大廳牆壁上有鄰近國小老師協助彩繪的鮮豔壁畫，與成排桌椅供遊客用餐談天。頂樓的桌椅可於夜間上此乘涼看星子，太陽能熱水器兼具環保省電的功能。 套房分雙人及四人，亦提供包棟服務，房間內寢具以雪白底色為主，表現出高貴與潔淨的感覺，浴室則是乾濕分離的設計。住宿海水正藍民宿於交通上往返市區或北環、湖西都極為便利，民宿位於飛機起降航道附近，也可欣賞飛機俯衝而過。,湖西鄉,成功村8-7號,23.577857,119.621684,,,,,車位:小客車0輛、機車0輛、大客車0輛,,https://taiwan.taiwanstay.net.tw/twpic/59914.jpg?v=20260831
Taiwan_Gov_OpenData_v2,hotels,Hotel_A15010000H_011377,陽光城堡旅店,位於澎湖縣的旅館,馬公市,東衛里6之4號(1至3樓),23.570699,119.598847,,,,,車位:小客車5輛、機車20輛、大客車1輛,http://www.sunlight-castle.com/index.htm,https://taiwan.taiwanstay.net.tw/twpic/154535.jpg?v=20260831
Taiwan_Gov_OpenData_v2,hotels,Hotel_A15010000H_011391,姆居民宿,位於澎湖縣的民宿,馬公市,光榮里25鄰三多路330巷8弄6號,23.577499,119.571946,,,,,車位:小客車0輛、機車0輛、大客車0輛,,
Taiwan_Gov_OpenData_v2,hotels,Hotel_A15010000H_011424,隘門壹陸捌民宿,位於澎湖縣的民宿,湖西鄉,隘門村18鄰隘門168號,23.557298,119.6306691,,,,,車位:小客車0輛、機車0輛、大客車0輛,,
Taiwan_Gov_OpenData_v2,hotels,Hotel_A15010000H_011427,月光沙休閒民宿,位於澎湖縣的民宿,馬公市,山水里18鄰珠江17之31號,23.514255,119.594007,,,,,車位:小客車0輛、機車0輛、大客車0輛,,
Taiwan_Gov_OpenData_v2,hotels,Hotel_A15010000H_011443,百勝民宿,位於澎湖縣的民宿,馬公市,安宅里1鄰宅腳嶼93之12號,23.572331,119.601771,,,,,車位:小客車2輛、機車10輛、大客車1輛,,
Taiwan_Gov_OpenData_v2,hotels,Hotel_A15010000H_011446,坊鄉季民宿,"平凡履棧/坊鄉季旅客玩了一天累了,需要好好休息睡個好眠.希望來訪的旅人好友都能有一夜好眠，為明天準備.歡迎你(妳)的蒞臨",馬公市,西衛里26鄰西衛337號,23.582457,119.578911,,,,,車位:小客車0輛、機車0輛、大客車0輛,,
Taiwan_Gov_OpenData_v2,hotels,Hotel_A15010000H_011463,美麗民宿,位於澎湖縣的民宿,湖西鄉,成功村1鄰港底142-7號,23.568486,119.615685,,,,,車位:小客車2輛、機車5輛、大客車0輛,,
Taiwan_Gov_OpenData_v2,hotels,Hotel_A15010000H_011506,春上村墅三多館民宿,位於澎湖縣的民宿,馬公市,朝陽里19鄰三多路99號2樓,23.574531,119.577459,,,,,車位:小客車0輛、機車0輛、大客車0輛,,
Taiwan_Gov_OpenData_v2,hotels,Hotel_A15010000H_011555,芸之家民宿,芸之家民宿5個房間都有不同的主題每間房間都有獨立衛浴、獨立筒彈簧床、分離式冷氣、43吋液晶電視、靜音小冰箱、吹風機、曬衣架、拖鞋、漱口杯、毛巾、浴巾、洗髮精、沐浴乳2、3樓的房間都有陽台，可看星星、夕陽、飛機，部份房間可遠眺海景有2間親子滑梯房，很適合家庭入住我們有免費客製化行程規劃、代訂汽機車租賃、代訂布袋馬公來回船票、提供免稅店購物卡、代購伴手禮免費提供洗衣機、洗衣精、曬衣場、嬰兒澡盆、紫外線消毒箱、挖沙小玩具、冷凍櫃、飲水機、茶包、咖啡包包棟可使用電動麻將桌、唱KTV1樓客廳有舒適的沙發供大家聚會門口寬敞，可停3台汽車及數輛機車配合租車有機場、碼頭來回接送和行李收送的服務民宿登記編號:738※民宿標準床位有16個，若超出人數須另外收費，1個人1個晚上$500.,馬公市,鐵線里1鄰鐵線尾69之3號,23.536878,119.603401,,,,,車位:小客車0輛、機車0輛、大客車0輛,,
Taiwan_Gov_OpenData_v2,hotels,Hotel_A15010000H_011627,Hi晴天民宿,位於澎湖縣的民宿,馬公市,西衛里25鄰西衛489號,23.58544,119.578689,,,,,車位:小客車0輛、機車0輛、大客車0輛,http://www.9265598.com.tw,
Taiwan_Gov_OpenData_v2,hotels,Hotel_A15010000H_011629,百合民宿,位於澎湖縣的民宿,馬公市,東文里2-1號,23.564024,119.58528,,,,,車位:小客車0輛、機車0輛、大客車0輛,,
Taiwan_Gov_OpenData_v2,hotels,Hotel_A15010000H_011703,愛恩居民宿,位於澎湖縣的民宿,馬公市,西衛里14鄰西衛221之18號,23.583696,119.582253,,,,,車位:小客車0輛、機車0輛、大客車0輛,,
Taiwan_Gov_OpenData_v2,hotels,Hotel_A15010000H_011720,毛弟旅店民宿,位於澎湖縣的民宿,馬公市,山水里22鄰珠江152之55號,23.518921,119.592102,,,,,車位:小客車0輛、機車0輛、大客車0輛,,
Taiwan_Gov_OpenData_v2,hotels,Hotel_A15010000H_011762,海藍藍民宿,位於澎湖縣的民宿,馬公市,西衛里12鄰西衛83之50號,23.578022,119.582183,,,,,車位:小客車0輛、機車0輛、大客車0輛,,
Taiwan_Gov_OpenData_v2,hotels,Hotel_A15010000H_011766,百世多麗花園酒店2館,位於澎湖縣的旅館,馬公市,東文里新店路390號,23.563329,119.582891,,,,,車位:小客車0輛、機車0輛、大客車0輛,http://www.pescadoresresort.com,https://taiwan.taiwanstay.net.tw/twpic/100385.jpg?v=20260831
Taiwan_Gov_OpenData_v2,hotels,Hotel_A15010000H_011789,夜之屋民宿,位於澎湖縣的民宿,馬公市,石泉里2鄰石泉11之39號,23.557607,119.593712,,,,,車位:小客車0輛、機車0輛、大客車0輛,,
Taiwan_Gov_OpenData_v2,hotels,Hotel_A15010000H_011802,龍門客棧民宿,位於澎湖縣的民宿,湖西鄉,龍門村18鄰良文港119之80號,23.5588856,119.6770125,,,,,車位:小客車0輛、機車0輛、大客車0輛,,https://taiwan.taiwanstay.net.tw/twpic/60116.jpg?v=20260831
Taiwan_Gov_OpenData_v2,hotels,Hotel_A15010000H_011896,龍泉海景民宿,位於澎湖縣的民宿,湖西鄉,尖山村2鄰尖山16之13號,23.5626254,119.6683436,,,,,車位:小客車0輛、機車0輛、大客車0輛,,https://taiwan.taiwanstay.net.tw/twpic/80530.jpg?v=20260831
Taiwan_Gov_OpenData_v2,hotels,Hotel_A15010000H_011909,伍壹伍會館民宿,位於澎湖縣的民宿,馬公市,西衛里25鄰西衛247之6號,23.585774,119.580284,,,,,車位:小客車0輛、機車0輛、大客車0輛,,
Taiwan_Gov_OpenData_v2,hotels,Hotel_A15010000H_011910,海星灣民宿,海星灣民宿(Starfish-Bay)所在位置就是鎖港。鎖港以前甚多漁船從事捕撈小管，現在仍然有小管加工廠，於是先民稱呼這個聚落為小管(台語發音)，後來政府取諧音「鎖港」為名。鎖港聚落規模可以算是澎南地區之首，所以社區內生活機能是澎南地區最完善的，包括7-11、好彩頭超市、鎖港派出所、澎南圖書館等等均散佈在鎖港村內。鎖港碼頭下午三點過後會有漁船紛紛入港，很多魚販會聚集在此整批購買魚貨，遊客也可以來此搶購便宜新鮮剛入港的海鮮，回到住宿點請住宿老闆或拿去海鮮餐廳請廚房料理。,馬公市,鎖港里19鄰鎖管港1476之2號,23.525201,119.59969,,,,,車位:小客車0輛、機車0輛、大客車0輛,,
Taiwan_Gov_OpenData_v2,hotels,Hotel_A15010000H_011943,大魚的家民宿(特色民宿),位於澎湖縣的民宿,馬公市,五德里6鄰雞母塢230號,23.526592,119.585953,,,,,車位:小客車0輛、機車0輛、大客車0輛,,
Taiwan_Gov_OpenData_v2,hotels,Hotel_A15010000H_011961,愛上澎湖灣民宿,位於澎湖縣的民宿,馬公市,光榮里民族路146-1號,23.575338,119.567744,,,,,車位:小客車0輛、機車0輛、大客車0輛,,
Taiwan_Gov_OpenData_v2,hotels,Hotel_A15010000H_012020,安利民宿,安上安利民宿位於馬公市鎖港里，地處市郊，獨棟建築為2007年全新落成的新民宿，由民宿主人吳爸爸一家人所共同經營。鎖港在地人所經營的民宿，充滿了澎湖人特有的隨和與草地性格，來到安上安利民宿大可盡情放鬆心情，和民宿主人們享受像親朋好友般的感覺。鎖港雖然位處市郊，卻是澎湖澎南區最大的一個里，各項生活機能依然十分便利。(接駁服務：機場接駁需預約不收費；碼頭接駁需預約需收費),馬公市,鎖港里5鄰鎖管港310-1號,23.528943,119.601999,,,,,車位:小客車0輛、機車0輛、大客車0輛,,https://taiwan.taiwanstay.net.tw/twpic/60178.JPG?v=20260831
Taiwan_Gov_OpenData_v2,hotels,Hotel_A15010000H_012078,左鄰民宿,位於澎湖縣的民宿,馬公市,西文里14鄰西文澳112之21號,23.567407,119.580831,,,,,車位:小客車0輛、機車0輛、大客車0輛,,
Taiwan_Gov_OpenData_v2,hotels,Hotel_A15010000H_012136,頌華私墅壹區民宿,頌華私墅位於澎湖湖西鄉，提供獨棟別墅與面海房型，結合舒適空間、自然景觀與貼心服務， 讓旅人在海風與日光之間，放慢步調，感受真正的島嶼生活。,湖西鄉,許家村6鄰港子尾120之1號,23.586599,119.610795,,,,,車位:小客車0輛、機車0輛、大客車0輛,,
Taiwan_Gov_OpenData_v2,hotels,Hotel_A15010000H_012157,一二三石頭人民宿,位於澎湖縣的民宿,馬公市,東文里民富街42巷12號,23.561863,119.583156,,,,,車位:小客車0輛、機車0輛、大客車0輛,http://stone123.okgo.tw/,
Taiwan_Gov_OpenData_v2,hotels,Hotel_A15010000H_012171,海璞民宿,感謝上帝的恩典，邀約了幾個志同道合的好朋友，選了具生活機能環境又幽靜的西衛海邊做為基地，一起蓋個社區來養老，彼此可以互相照應；但現在養老又太早，不如就來打造更優質的民宿回饋給旅人，大家達成共識後於是西衛海民宿村的概念就油然而生，一起朝著共同的夢想邁進，用最挑剔的標準尋覓台灣最優秀的設計師，創造出五間風格各異的特色民宿，用資源共享互相支援的經營模式，讓我們的客人得到最優質的服務。海璞這個名稱的涵義就是海中璞玉的意思，代表著澎湖的簡樸與純潔，我們用最高標準創造住宿品質，與最自在的互動盼望能帶給您賓至如歸的感覺！,馬公市,西衛里12鄰西衛83之55號,23.577933,119.582408,,,,,車位:小客車0輛、機車0輛、大客車0輛,https://www.siwei-ocean.com/simple/,https://taiwan.taiwanstay.net.tw/twpic/60226.JPG?v=20260831
Taiwan_Gov_OpenData_v2,hotels,Hotel_A15010000H_012356,壹佰捌拾度沙灘最前線民宿(特色民宿),位於澎湖縣的民宿 位於澎湖南方山水沙灘旁邊的特色海景民宿  民宿左側的社區小公園有涼亭 及遊樂設施供小朋友玩耍  走到海堤也有涼亭和沖水設備,馬公市,山水里6鄰珠江110之28號,23.5137414,119.591675,,,,,車位:小客車0輛、機車0輛、大客車0輛,,
Taiwan_Gov_OpenData_v2,hotels,Hotel_A15010000H_012373,海風情民宿,位於澎湖縣的民宿,馬公市,西衛里12鄰西衛89之3號,23.57962,119.581625,,,,,車位:小客車0輛、機車0輛、大客車0輛,,
Taiwan_Gov_OpenData_v2,hotels,Hotel_A15010000H_012419,澎湖北吉光背包客民宿,位於澎湖縣的民宿,馬公市,山水里17之26號,23.51404,119.59514,,,,,車位:小客車4輛、機車20輛、大客車0輛,http://www.bayhouse.tw,
Taiwan_Gov_OpenData_v2,hotels,Hotel_A15010000H_012435,沙灘城堡民宿(特色民宿),早在1993年起即開始經營民宿的我們，可以算是澎湖最早經營民宿的店家之一，為了打造心目中理想的民宿，阿順花了很多時間和老婆大人到處收集資料，也實地考察了許多優質民宿；在打造沙灘城堡與觀海別墅的過程中，我們秉持著打造《澎湖最好的優質民宿》的初衷，一路前進。在此阿順也衷心的感謝老婆大人與家人無怨無悔的支持！澎湖民宿佔地300坪，分別為觀海別墅與沙灘城堡(觀海別墅二館)，沙灘城堡都為四人房，主要是為家庭式與朋友相聚的客人所設計，而觀海別墅則多為二人套房，專為夫妻或情侶所設計，二棟民宿均走南洋渡假風格，所有的房間均有陽台可眺望山水沙灘與大海，阿順希望能提供一個優閒的渡假空間給旅客，也希望能讓每個旅客擁有滿滿的美好回憶，希望所有住宿的旅客能用慢活的方式細細品味-屬於您的澎湖之旅。,馬公市,山水里珠江3-10號,23.513617,119.592479,,,,,車位:小客車0輛、機車0輛、大客車0輛,http://www.beachcastle.com.tw,https://taiwan.taiwanstay.net.tw/twpic/60317.jpg?v=20260831
Taiwan_Gov_OpenData_v2,hotels,Hotel_A15010000H_012476,海角城堡民宿,位於澎湖縣的民宿,湖西鄉,許家村3鄰港子尾68之3號,23.583106,119.606861,,,,,車位:小客車0輛、機車0輛、大客車0輛,,
Taiwan_Gov_OpenData_v2,hotels,Hotel_A15010000H_012533,造夢先生民宿,位於澎湖縣的民宿,馬公市,中央里3鄰惠安路8號,23.5640914,119.5648496,,,,,車位:小客車0輛、機車0輛、大客車0輛,,
Taiwan_Gov_OpenData_v2,hotels,Hotel_A15010000H_012537,觀海別墅,早在1993年起即開始經營民宿的我們，可以算是澎湖最早經營民宿的店家之一，為了打造心目中理想的民宿，阿順花了很多時間和老婆大人到處收集資料，也實地考察了許多優質民宿；在打造沙灘城堡與觀海別墅的過程中，我們秉持著打造《澎湖最好的優質民宿》的初衷，一路前進。在此阿順也衷心的感謝老婆大人與家人無怨無悔的支持！澎湖民宿佔地300坪，分別為觀海別墅與沙灘城堡(觀海別墅二館)，沙灘城堡都為四人房，主要是為家庭式與朋友相聚的客人所設計，而觀海別墅則多為二人套房，專為夫妻或情侶所設計，二棟民宿均走南洋渡假風格，所有的房間均有陽台可眺望山水沙灘與大海，阿順希望能提供一個優閒的渡假空間給旅客，也希望能讓每個旅客擁有滿滿的美好回憶，希望所有住宿的旅客能用慢活的方式細細品味-屬於您的澎湖之旅。,馬公市,山水里20鄰珠江3號,23.5168372,119.5963033,,,,,車位:小客車0輛、機車0輛、大客車0輛,,https://taiwan.taiwanstay.net.tw/twpic/60362.jpg?v=20260831
Taiwan_Gov_OpenData_v2,hotels,Hotel_A15010000H_012538,家翔琳二館民宿,位於澎湖縣的民宿,馬公市,光明里31鄰民族路109之2號,23.5731319,119.5669397,,,,,車位:小客車0輛、機車0輛、大客車0輛,,
Taiwan_Gov_OpenData_v2,hotels,Hotel_A15010000H_012575,澎湖小蘋果民宿,位於澎湖縣的民宿,馬公市,西衛里25鄰西衛247之2號,23.585692,119.5791394,,,,,車位:小客車0輛、機車0輛、大客車0輛,http://ph-smallapple.ego.tw,
Taiwan_Gov_OpenData_v2,hotels,Hotel_A15010000H_012597,柏亨民宿,位於澎湖縣的民宿,馬公市,西衛里12鄰西衛83之67號,23.5778724,119.5829471,,,,,車位:小客車0輛、機車0輛、大客車0輛,,
Taiwan_Gov_OpenData_v2,hotels,Hotel_A15010000H_012608,波斯卡朵海景民宿,目前在眾多的民宿中少有以親子為出發點的民宿，因此我們在這次的設計中加入了家和動物家庭所組成小鎮的創作元素，新的創造概念新的構想希望大家喜歡。,馬公市,鐵線里鐵線尾300號,23.5344619,119.6066113,,,,,車位:小客車0輛、機車0輛、大客車0輛,,
Taiwan_Gov_OpenData_v2,hotels,Hotel_A15010000H_012647,山水海岸民宿,山水海岸民宿更提供二至四人房型，房間內佈置各俱特色，不論是典雅的鵝黃、純淨的潔白、浪漫的粉紅或是海洋風的粉藍都讓人驚艷，寬敞明亮的空間讓旅人可自在無拘地徜徉於此，留下難忘的旅行回憶。藍白相間的庭園佈置充滿海洋風情，略帶鹹味的海風帶來大海的信息，庭園擺放著-澎湖‧豬母水咖啡車，不論是想與三五好友暢所欲言地分享生活點滴，或是帶本書來此邊啜飲濃醇的咖啡邊享受無拘的自我，都能夠滿足您的需求！,馬公市,山水里32-20號,23.515471,119.595788,,,,,車位:小客車0輛、機車0輛、大客車0輛,,
Taiwan_Gov_OpenData_v2,hotels,Hotel_A15010000H_012688,菊島足跡民宿,位於澎湖縣的民宿,湖西鄉,許家村3鄰港子尾75之3號,23.583334,119.607819,,,,,車位:小客車0輛、機車0輛、大客車0輛,,
Taiwan_Gov_OpenData_v2,hotels,Hotel_A15010000H_012714,米悅民宿,位於澎湖縣的民宿,馬公市,西衛里25鄰西衛248之7號,23.5855144,119.57969,,,,,車位:小客車0輛、機車0輛、大客車0輛,,
Taiwan_Gov_OpenData_v2,hotels,Hotel_A15010000H_012760,蔚藍海民宿,位於澎湖縣的民宿,馬公市,東衛里3之3號,23.569288,119.598555,,,,,車位:小客車0輛、機車0輛、大客車0輛,https://skyeyocean.okgo.tw,
Taiwan_Gov_OpenData_v2,hotels,Hotel_A15010000H_012821,菊虹舍民宿,菊虹舍鄰近山水海灘，備有機車停車場，四人房3間、二人房2間，均有無線網路，提供早餐與機場接送服務，詳細請於菊虹舍網頁http://www.ghomesir.com.tw/、臉書或與我們連絡，由專人為您服務,馬公市,山水里珠江97號,23.516075,119.592293,,,,,車位:小客車0輛、機車0輛、大客車0輛,http://www.ghomesir.com.tw/about.aspx,
Taiwan_Gov_OpenData_v2,hotels,Hotel_A15010000H_012930,雙心民宿,位於澎湖縣的民宿,湖西鄉,鼎灣村92號,23.590153,119.612359,,,,,車位:小客車0輛、機車0輛、大客車0輛,,
Taiwan_Gov_OpenData_v2,hotels,Hotel_A15010000H_013007,隨緣居民宿,位於澎湖縣的民宿,湖西鄉,隘門村10鄰63號,23.560171,119.637122,,,,,車位:小客車0輛、機車0輛、大客車0輛,,
Taiwan_Gov_OpenData_v2,hotels,Hotel_A15010000H_013047,嬉游寄民宿,來到澎湖，一定要到山水走走......來到山水，一定要到沙灘逛逛......來到沙灘，一定要到嬉游寄住住......嬉游寄，一個適合你的好住處！心動不如馬上行動！,馬公市,山水里110之18號,23.51369,119.591702,,,,,車位:小客車0輛、機車0輛、大客車0輛,http://www.seeyourdreams.com.tw/,
Taiwan_Gov_OpenData_v2,hotels,Hotel_A15010000H_013058,屋光拾舍民宿,Hygge是一種用心生活的態度，是和喜歡的人在一起、一種家的感覺、沒有惱人的事物。它代表著舒適、溫暖的意思。這也是我們想與大家分享的，希望你們來到這兒能丟棄生活所帶來的焦慮和混亂，重新找回自己的時間和精力，享受這慢下來的時光，一起擁抱生活。,湖西鄉,北寮村6鄰北寮41之10號,23.598599,119.671758,,,,,車位:小客車0輛、機車0輛、大客車0輛,,
Taiwan_Gov_OpenData_v2,hotels,Hotel_A15010000H_013088,海渝民宿,位於澎湖縣的民宿，有提供早餐，有免費停車場,白沙鄉,中屯村8鄰中屯72號,23.61109,119.609191,,,,,車位:小客車0輛、機車0輛、大客車0輛,,
Taiwan_Gov_OpenData_v2,hotels,Hotel_A15010000H_013119,美宿館海景風民宿,位於澎湖縣的民宿,馬公市,光榮里24鄰三多路390巷13號,23.577564,119.5696386,,,,,車位:小客車0輛、機車0輛、大客車0輛,,
Taiwan_Gov_OpenData_v2,hotels,Hotel_A15010000H_013122,旗豐大飯店,1.全縣唯一採鋼骨結構+木礦水泥板+太陽能設備，具防火、防震、防水、隔音、環保等綠建築。 2.飯店內設有澎湖珊瑚及文石展、花蓮玫瑰石及玉石展、紅豆杉、4.5米千手觀音、精品店。3.飯店外設有百萬等級燈光舞台、觀音許願池、瀑布牆、頂樓觀景天台、兒童戲水池、燈光水舞噴水池、觀景亭+高倍望遠鏡。4.外牆及舞台全部採用光纖霓虹燈光設備。,白沙鄉,吉貝村182之15號,23.6640444,119.5948541,,,,,車位:小客車0輛、機車0輛、大客車0輛,,
Taiwan_Gov_OpenData_v2,hotels,Hotel_A15010000H_013135,唐舍休閒民宿,位於澎湖縣的民宿,馬公市,光榮里24鄰三多路398號,23.5769034,119.5695458,,,,,車位:小客車0輛、機車0輛、大客車0輛,,
Taiwan_Gov_OpenData_v2,hotels,Hotel_A15010000H_013151,拾光海景民宿,位於澎湖縣的民宿,馬公市,山水里17鄰珠江32之38號,23.51548,119.59409,,,,,車位:小客車0輛、機車0輛、大客車0輛,,
Taiwan_Gov_OpenData_v2,hotels,Hotel_A15010000H_013201,小地方背包客民宿,位於澎湖縣的民宿,白沙鄉,講美村講美137之1號,23.63141,119.597895,,,,,車位:小客車0輛、機車0輛、大客車0輛,,
Taiwan_Gov_OpenData_v2,hotels,Hotel_A15010000H_013211,歐伊寇絲精品民宿,位於澎湖縣的民宿,馬公市,西衛里25鄰西衛249號,23.585623,119.579571,,,,,車位:小客車0輛、機車0輛、大客車0輛,,
Taiwan_Gov_OpenData_v2,hotels,Hotel_A15010000H_013236,芃蟹民宿,「芃蟹民宿」外觀十分現代化，是一艘大船外觀，內部則潔淨清幽。大廳空間擺設造型特殊浮球，為空間增添不少藝術風情。民宿供有二人、四人的客房空間，格局大小適中、環境整潔清新，融會特色燈飾和造型壁貼添足了空間的活潑生動感，也讓人備感溫馨。想要享受寧靜而舒適的渡假氛圍～「芃蟹民宿」便能滿足您的住宿需求。 相信您到澎湖民宿來都可以享受到澎湖的碧海、藍天、自在，期望你帶回滿滿的快樂回憶！,馬公市,石泉里7鄰石泉37之1號,23.5544638,119.5935018,,,,,車位:小客車0輛、機車0輛、大客車0輛,,
Taiwan_Gov_OpenData_v2,hotels,Hotel_A15010000H_013280,離家200里民宿,位於澎湖縣的民宿,馬公市,西衛里24鄰西衛396之9號,23.582457,119.578911,,,,,車位:小客車0輛、機車0輛、大客車0輛,,
Taiwan_Gov_OpenData_v2,hotels,Hotel_A15010000H_013373,凱琳會館民宿二館(特色民宿),位於澎湖縣的民宿,湖西鄉,許家村3鄰港子尾71之2號,23.584063,119.608086,,,,,車位:小客車0輛、機車0輛、大客車0輛,,
Taiwan_Gov_OpenData_v2,hotels,Hotel_A15010000H_013385,說故事人的小地方民宿,位於澎湖縣的民宿,馬公市,西衛里14鄰西衛225號,23.582457,119.578911,,,,,車位:小客車0輛、機車0輛、大客車0輛,https://penghu-xiwei.h-and.world/,
Taiwan_Gov_OpenData_v2,hotels,Hotel_A15010000H_013386,歸宿民宿,位於澎湖縣的民宿,馬公市,五德里1鄰雞母塢51之5號,23.527794,119.590698,,,,,車位:小客車0輛、機車0輛、大客車0輛,,
Taiwan_Gov_OpenData_v2,hotels,Hotel_A15010000H_013397,海之戀民宿,位於澎湖縣的民宿,馬公市,中央里中央街18-1號,23.564597,119.564831,,,,,車位:小客車0輛、機車0輛、大客車0輛,,
Taiwan_Gov_OpenData_v2,hotels,Hotel_A15010000H_013405,君彤民宿,位於澎湖縣的民宿,湖西鄉,菓葉村18鄰菓葉173號,23.5787968,119.676324,,,,,車位:小客車0輛、機車0輛、大客車0輛,,
Taiwan_Gov_OpenData_v2,hotels,Hotel_A15010000H_013463,伍貳伍民宿,位於澎湖縣的民宿,馬公市,烏崁里3鄰烏崁52之5號,23.547014,119.621279,,,,,車位:小客車0輛、機車0輛、大客車0輛,,
Taiwan_Gov_OpenData_v2,hotels,Hotel_A15010000H_013482,居山水岸民宿,"民宿位於一個好山好水的社區,歡迎大家來放鬆慢活",馬公市,山水里275號,23.513705,119.590698,,,,,車位:小客車0輛、機車0輛、大客車0輛,,
Taiwan_Gov_OpenData_v2,hotels,Hotel_A15010000H_013488,夢幻西嶼民宿,位於澎湖縣的民宿,西嶼鄉,二崁村3鄰二崁57號,23.6047397,119.5185788,,,,,車位:小客車0輛、機車0輛、大客車0輛,,
Taiwan_Gov_OpenData_v2,hotels,Hotel_A15010000H_013493,詩享家民宿,位於澎湖縣的民宿,馬公市,西衛里21鄰五福路3巷6弄13號,23.580033,119.578492,,,,,車位:小客車0輛、機車0輛、大客車0輛,,
Taiwan_Gov_OpenData_v2,hotels,Hotel_A15010000H_013543,漁人的家民宿,位於澎湖縣的民宿,西嶼鄉,內垵村18鄰內垵225之5號,23.568903,119.50787,,,,,車位:小客車0輛、機車0輛、大客車0輛,,
Taiwan_Gov_OpenData_v2,hotels,Hotel_A15010000H_013564,玩澎湖民宿,位於澎湖縣的民宿,馬公市,西衛里25鄰西衛261號,23.5858142,119.5796288,,,,,車位:小客車0輛、機車0輛、大客車0輛,,
Taiwan_Gov_OpenData_v2,hotels,Hotel_A15010000H_013577,緹亞墨民宿,位於澎湖縣的民宿,馬公市,重光里2鄰五福路229號,23.5815533,119.5728888,,,,,車位:小客車0輛、機車0輛、大客車0輛,,
Taiwan_Gov_OpenData_v2,hotels,Hotel_A15010000H_013604,三號船長民宿,位於澎湖縣的民宿,馬公市,西衛里25鄰西衛379之2號,23.587869,119.581432,,,,,車位:小客車0輛、機車0輛、大客車0輛,,
Taiwan_Gov_OpenData_v2,hotels,Hotel_A15010000H_013655,承玥民宿,位於澎湖縣的民宿,馬公市,光榮里20鄰自強街51號,23.575307,119.569754,,,,,車位:小客車0輛、機車0輛、大客車0輛,,
Taiwan_Gov_OpenData_v2,hotels,Hotel_A15010000H_013672,我們這一家民宿,位於澎湖縣的民宿,馬公市,安宅里171之1號,23.579125,119.603573,,,,,車位:小客車0輛、機車0輛、大客車0輛,,
Taiwan_Gov_OpenData_v2,hotels,Hotel_A15010000H_013695,慶霖飯店,位於澎湖縣的旅館,馬公市,長安里仁愛路28號,23.565585,119.565523,,,,,車位:小客車0輛、機車0輛、大客車0輛,,
Taiwan_Gov_OpenData_v2,hotels,Hotel_A15010000H_013697,葛妮思民宿,位於澎湖縣的民宿,馬公市,西衛里25鄰西衛247之5號,23.5857767,119.5796579,,,,,車位:小客車0輛、機車0輛、大客車0輛,,
Taiwan_Gov_OpenData_v2,hotels,Hotel_A15010000H_013701,安塔莉亞民宿,位於澎湖縣的民宿,馬公市,西衛里12鄰西衛83之58號,23.578224,119.582703,,,,,車位:小客車0輛、機車0輛、大客車0輛,,
Taiwan_Gov_OpenData_v2,hotels,Hotel_A15010000H_013706,咖啡廂民宿,位於澎湖縣的民宿,馬公市,鎖港里19鄰鎖管港1476號,23.525137,119.599516,,,,,車位:小客車0輛、機車0輛、大客車0輛,https://www.facebook.com/PenghuLifecafe,
Taiwan_Gov_OpenData_v2,hotels,Hotel_A15010000H_013712,涵湘居民宿,"位於澎湖縣的民宿涵湘居坐落在馬公市市區外環，騎車約五分鐘可抵達市中心，讓您遠離喧囂與煩惱，擁有鬧中取靜,景致優美的絕佳地理位置,可遠眺菊島之星.及第一漁港的彩繪大油桶,港內美景靜謐,,度過您的悠閒假期. 且鄰近祖師廟夜市，讓你美食吃不完,還有生活博物館(讓你了解澎湖風俗及文化的博物館)、孔廟、忠烈祠, 無論交通、飲食、古蹟巡禮、遊玩都相當便利喔！",馬公市,西文里24鄰文德路25號,23.5638578,119.5809909,,,,,車位:小客車0輛、機車0輛、大客車0輛,,
Taiwan_Gov_OpenData_v2,hotels,Hotel_A15010000H_013718,松鶴雅緻商務旅館,位於澎湖縣的旅館,馬公市,陽明里新明路21號7樓,23.568796,119.575903,,,,,車位:小客車0輛、機車0輛、大客車0輛,,
Taiwan_Gov_OpenData_v2,hotels,Hotel_A15010000H_013792,黑毛磯釣民宿,位於澎湖縣的民宿,馬公市,石泉里24號之5,23.5566926,119.5933426,,,,,車位:小客車0輛、機車0輛、大客車0輛,,
Taiwan_Gov_OpenData_v2,hotels,Hotel_A15010000H_013849,澄緣民宿,位於澎湖縣的民宿,馬公市,西衛里26鄰西衛345號,23.581149,119.581641,,,,,車位:小客車0輛、機車0輛、大客車0輛,,
Taiwan_Gov_OpenData_v2,hotels,Hotel_A15010000H_013868,夏天正涼民宿,位於澎湖縣的民宿,馬公市,安宅里1鄰宅腳嶼93之23號,23.572247,119.602171,,,,,車位:小客車0輛、機車0輛、大客車0輛,,
Taiwan_Gov_OpenData_v2,hotels,Hotel_A15010000H_013911,美夢居民宿,位於澎湖縣的民宿,馬公市,石泉里石泉185之22號,23.557713,119.596084,,,,,車位:小客車0輛、機車0輛、大客車0輛,,
Taiwan_Gov_OpenData_v2,hotels,Hotel_A15010000H_013941,福爾摩沙帆船民宿(特色民宿),位於澎湖縣的民宿,馬公市,東文里文山路181號,23.55863,119.581635,,,,,車位:小客車0輛、機車0輛、大客車0輛,,
Taiwan_Gov_OpenData_v2,hotels,Hotel_A15010000H_014107,白沙海灣民宿,位於澎湖縣的民宿面海,白沙鄉,中屯村2鄰中屯12之11號,23.6113018,119.6042463,,,,,車位:小客車0輛、機車0輛、大客車0輛,,
Taiwan_Gov_OpenData_v2,hotels,Hotel_A15010000H_014179,龍興二館民宿,位於澎湖縣的民宿,湖西鄉,尖山村10鄰尖山29之8號,23.5650318,119.6608306,,,,,車位:小客車0輛、機車0輛、大客車0輛,,
Taiwan_Gov_OpenData_v2,hotels,Hotel_A15010000H_014222,澎湖遛一遛精品旅店民宿,位於澎湖縣的民宿,馬公市,西衛里14鄰西衛616號,23.5853266,119.5827086,,,,,車位:小客車0輛、機車0輛、大客車0輛,,
Taiwan_Gov_OpenData_v2,hotels,Hotel_A15010000H_014232,覓海三館民宿,位於澎湖縣的民宿,馬公市,石泉里5鄰石泉591號,23.557875,119.593405,,,,,車位:小客車0輛、機車0輛、大客車0輛,,
Taiwan_Gov_OpenData_v2,hotels,Hotel_A15010000H_014234,旺旺部落民宿,旺旺部落不只是一間民宿，這是一個充滿無限生命力的海島莊園。這裡更是用時間和愛堆疊出來的土地。踏入生機盎然的民宿園區，您會看見民宿一家人用心經營的優美花園，與前方的蔚藍海景相互輝映。,馬公市,興仁里雙頭掛197之1號,23.534403,119.610944,,,,,車位:小客車0輛、機車0輛、大客車0輛,,
Taiwan_Gov_OpenData_v2,hotels,Hotel_A15010000H_014316,雅威民宿,位於澎湖縣的民宿,馬公市,前寮里1鄰前寮1號之1,23.557617,119.595442,,,,,車位:小客車0輛、機車0輛、大客車0輛,,
Taiwan_Gov_OpenData_v2,hotels,Hotel_A15010000H_014323,陽光民宿,位於澎湖縣的民宿,馬公市,五德里1鄰雞母塢229號,23.523063,119.59031,,,,,車位:小客車0輛、機車0輛、大客車0輛,,
Taiwan_Gov_OpenData_v2,hotels,Hotel_A15010000H_014327,悠遊民宿,位於澎湖縣的民宿,馬公市,案山里48-1號,23.552802,119.578911,,,,,車位:小客車0輛、機車0輛、大客車0輛,,
Taiwan_Gov_OpenData_v2,hotels,Hotel_A15010000H_014379,安上民宿,安上安利民宿位於馬公市鎖港里，地處市郊，獨棟建築為2007年全新落成的新民宿，由民宿主人吳爸爸一家人所共同經營。鎖港在地人所經營的民宿，充滿了澎湖人特有的隨和與草地性格，來到安上安利民宿大可盡情放鬆心情，和民宿主人們享受像親朋好友般的感覺。鎖港雖然位處市郊，卻是澎湖澎南區最大的一個里，各項生活機能依然十分便利。(接駁服務：機場接駁需預約不收費；碼頭接駁需預約需收費),馬公市,鎖港里5鄰鎖管港310號,23.5271265,119.6044787,,,,,車位:小客車0輛、機車0輛、大客車0輛,,https://taiwan.taiwanstay.net.tw/twpic/60896.JPG?v=20260831
Taiwan_Gov_OpenData_v2,hotels,Hotel_A15010000H_014483,德美海景民宿,位於澎湖縣的民宿,七美鄉,南港村11鄰南滬52號,23.197093,119.42007,,,,,車位:小客車0輛、機車0輛、大客車0輛,,
Taiwan_Gov_OpenData_v2,hotels,Hotel_A15010000H_014484,澎湖福朋喜來登酒店,澎湖福朋喜來登酒店由佳朋開發股份有限公司投資，為萬豪國際集團(Marriott International）旗下酒店及度假村品牌經營管理，澎湖福朋喜來登更於2017年榮獲觀光局『 五星級標章』認證.，為澎湖唯一國際連鎖品牌五星酒店。,馬公市,新店路197號,23.568041,119.575622,,,,,車位:小客車200輛、機車14輛、大客車6輛,http://www.fourpoints-penghu.com/,https://taiwan.taiwanstay.net.tw/twpic/60942.jpg?v=20260831
Taiwan_Gov_OpenData_v2,hotels,Hotel_A15010000H_014503,8號城堡民宿,位於澎湖縣有電梯的民宿,馬公市,石泉里1鄰石泉8之1號,23.557617,119.595442,,,,,車位:小客車0輛、機車0輛、大客車0輛,,
Taiwan_Gov_OpenData_v2,hotels,Hotel_A15010000H_014521,逗留偶家民宿,位於澎湖縣的民宿,馬公市,興仁里9鄰雙頭掛211之1號,23.55255,119.613181,,,,,車位:小客車0輛、機車0輛、大客車0輛,,
Taiwan_Gov_OpenData_v2,hotels,Hotel_A15010000H_014525,澎湖心情故事民宿,位於澎湖縣的民宿,馬公市,興仁里9鄰雙頭掛211之3號,23.5521395,119.6133531,,,,,車位:小客車0輛、機車0輛、大客車0輛,https://www.facebook.com/%E6%BE%8E%E6%B9%96%E5%BF%83%E6%83%85%E6%95%85%E4%BA%8B%E6%B0%91%E5%AE%BF-462325774100637/,
Taiwan_Gov_OpenData_v2,hotels,Hotel_A15010000H_014539,漁洸部落民宿,位於澎湖縣的民宿,馬公市,五德里1鄰雞母塢143號,23.526033,119.58776,,,,,車位:小客車0輛、機車0輛、大客車0輛,https://www.facebook.com/PengHublue,
Taiwan_Gov_OpenData_v2,hotels,Hotel_A15010000H_014555,案山民宿,位於澎湖縣的民宿,馬公市,案山里21鄰大案山105號,23.551311,119.573113,,,,,車位:小客車0輛、機車0輛、大客車0輛,,
Taiwan_Gov_OpenData_v2,hotels,Hotel_A15010000H_014679,鄉間小橘民宿,位於澎湖縣的民宿,馬公市,山水里500號,23.514905,119.597114,,,,,車位:小客車0輛、機車0輛、大客車0輛,,
Taiwan_Gov_OpenData_v2,hotels,Hotel_A15010000H_014719,夏之夢民宿,位澎湖民宿，民宿位于澎湖县马公市，邻近市中心及市内各景点，沿着海边步行即可抵达。於澎湖縣的民宿,馬公市,西衛里26鄰西衛343號,23.582457,119.578911,,,,,車位:小客車0輛、機車0輛、大客車0輛,,
Taiwan_Gov_OpenData_v2,hotels,Hotel_A15010000H_014731,龍門舊舍民宿,民宿網址:http://www.longmenhouse.com.tw龍門舊舍民宿是將一棟民國13 年所蓋的澎湖閩式建築三合院陳家古厝，翻修而成的民宿，最主要是希望讓遊客體驗澎湖漁村古厝之美，讓心情放鬆渡個好假期的地方。來到龍門舊舍，轉動牛車輪做的大門，首先看到費心鋪上的澎湖全島地圖，接下來敲敲漆木大門，腳下的紅色地磚，中庭兩側的囍窗，大廳裡放置竹椅及阿嬤紅木床，彷彿讓你走入時光隧道。民宿戶外涼亭，是陳老爸用他雙手一點一滴的完成，耗時四個月的戶外涼亭及漂流木花園，還有近年才完工的澎湖船懶人亭，讓人悠由自在的坐在幸福搖搖椅，搖丫搖，或是躺在澎湖船懶人亭上，享受夜晚星光燦爛，還有人生最棒的美食享宴，就是在涼庭下，享用澎湖最鮮美的海鮮BBQ，一口小管，一口清涼飲品，開心的歡樂著，攸閒地渡過美妙的澎湖夜晚。另外您也可以坐在古厝三合院的二樓平台上，抬頭仰望著滿天星星，海風徐來，喝口熱茶或咖啡，在這寧靜的夜裡，可以忘卻許多的煩惱及苦悶！歡迎您來澎湖龍門舊舍民宿做客。,湖西鄉,龍門村良文港95號,23.5596632,119.6817845,,,,,車位:小客車0輛、機車0輛、大客車0輛,,https://taiwan.taiwanstay.net.tw/twpic/60971.jpg?v=20260831
Taiwan_Gov_OpenData_v2,hotels,Hotel_A15010000H_014869,阿魯芭民宿,位於澎湖縣的民宿,馬公市,鐵線里1鄰鐵線尾69號,23.534783,119.600266,,,,,車位:小客車0輛、機車0輛、大客車0輛,,
Taiwan_Gov_OpenData_v2,hotels,Hotel_A15010000H_014873,賽納美休閒民宿(特色民宿),位於澎湖縣的民宿,馬公市,山水里珠江17之29號,23.514315,119.594121,,,,,車位:小客車0輛、機車0輛、大客車0輛,,
Taiwan_Gov_OpenData_v2,hotels,Hotel_A15010000H_014883,海角民宿,位於澎湖縣的民宿,馬公市,光明里民族路121號,23.573142,119.566505,,,,,車位:小客車0輛、機車0輛、大客車0輛,,
Taiwan_Gov_OpenData_v2,hotels,Hotel_A15010000H_015029,窩私旅住所民宿(特色民宿),位於澎湖縣的民宿,馬公市,東衛里16鄰東衛143之6號,23.570357,119.601557,,,,,車位:小客車0輛、機車0輛、大客車0輛,,
Taiwan_Gov_OpenData_v2,hotels,Hotel_A15010000H_015077,元裕渡假旅館,位於澎湖縣的旅館,馬公市,陽明路92巷1號、1之1號、1之2號、1之3號,23.5730958,119.5739964,,,,,車位:小客車0輛、機車0輛、大客車0輛,,
Taiwan_Gov_OpenData_v2,hotels,Hotel_A15010000H_015114,澎湖海洋旅人民宿,位於澎湖縣的民宿,馬公市,朝陽里8鄰朝陽路148巷18號,23.574389,119.576185,,,,,車位:小客車0輛、機車0輛、大客車0輛,,
Taiwan_Gov_OpenData_v2,hotels,Hotel_A15010000H_015151,悅來民宿,位於澎湖縣的民宿,湖西鄉,許家村3鄰港子尾75之5號,23.583288,119.607908,,,,,車位:小客車0輛、機車0輛、大客車0輛,,
Taiwan_Gov_OpenData_v2,hotels,Hotel_A15010000H_015157,七美風情民宿,位於澎湖縣的民宿,七美鄉,東湖頂隙5 號,23.2162802,119.4382459,,,,,車位:小客車0輛、機車0輛、大客車0輛,,
Taiwan_Gov_OpenData_v2,hotels,Hotel_A15010000H_015163,望安民宿,位於澎湖縣望安鄉的民宿，歷史悠久值得信賴。,望安鄉,東安村59號,23.356401,119.501209,,,,,車位:小客車0輛、機車0輛、大客車0輛,,
Taiwan_Gov_OpenData_v2,hotels,Hotel_A15010000H_015213,好澎友民宿,好澎友民宿採用澎湖特有硓石及古董玄武岩花窗做圍牆，建物與周邊環境力求友善環保。這裡是附近最高點視野寬闊，可遠眺奎壁山與臨近村落，鄉間田園景致蟲鳴鳥叫，身心得到療癒。民宿主人集烘焙餐飲咖啡手工皂技藝於一身，園內無毒栽培果樹香草植物是餐飲食材來源，精心製作貝果麵包甜品讓來訪澎友們享用健康美味早餐，若您喜愛咖啡，好澎友精品咖啡更是您不能錯過的選擇。,湖西鄉,湖西村6鄰湖西77之21號,23.5835725,119.6531034,,,,,車位:小客車4輛、機車6輛、大客車0輛,,
Taiwan_Gov_OpenData_v2,hotels,Hotel_A15010000H_015291,維亞民宿,位於澎湖縣的民宿,湖西鄉,許家村3鄰港子尾78之1號,23.582987,119.608446,,,,,車位:小客車0輛、機車0輛、大客車0輛,,
Taiwan_Gov_OpenData_v2,hotels,Hotel_A15010000H_015336,丹藍民宿,位於澎湖縣的民宿,馬公市,烏崁里1鄰烏崁132號,23.550192,119.623837,,,,,車位:小客車2輛、機車1輛、大客車0輛,,
Taiwan_Gov_OpenData_v2,hotels,Hotel_A15010000H_015399,北山嶼丁香魚旅店民宿,位於澎湖縣的民宿,白沙鄉,赤崁村1鄰大赤崁2之12號,23.6631415,119.6009094,,,,,車位:小客車0輛、機車0輛、大客車0輛,,
Taiwan_Gov_OpenData_v2,hotels,Hotel_A15010000H_015402,國王桂冠精品旅店民宿,位於澎湖縣的民宿,馬公市,西衛里25鄰西衛247號,23.58261,119.578887,,,,,車位:小客車0輛、機車0輛、大客車0輛,,
Taiwan_Gov_OpenData_v2,hotels,Hotel_A15010000H_015477,居歇座民宿,漫步迷人的海島國度，吹著微徐的海風，記錄所有的旅行感動～「澎湖民宿～澎湖居歇座民宿」有著絕佳的地理環境，座落於馬公市區的優勢，讓您前往各旅遊景點，都相當快速便利，不論您此行是來造訪古蹟名勝，或是想深入自然了解生態，澎湖所蘊藏的豐富內容，絕對能讓您此趟的澎湖之旅，大感滿意且收獲滿滿。另外，澎湖人特有的熱情活力，也將能協助您的旅途行程更加的順暢。座民宿的內部環境，是兼具著舒適性與質感的品味空間；在客房的部份，規劃有二人及四人的房型選擇，以舒服溫馨的居家色調，打造出數間主題式的客房空間，優雅中帶點時尚的混搭風格，也使得溫馨的客房面貌注入了更多的精彩元素。這次的澎湖之旅，「澎湖民宿～澎湖居歇座民宿」將會是您旅人生活的理想居所，讓我們一同望著星空、聆聽浪聲，共渡一個美好的離島之夜。,馬公市,東文里新店路467號,23.563203,119.583046,,,,,車位:小客車0輛、機車0輛、大客車0輛,,
Taiwan_Gov_OpenData_v2,hotels,Hotel_A15010000H_015576,輕舞飛揚背包客旅居民宿,位於澎湖縣的民宿,馬公市,西衛里26鄰西衛272之3號,23.585623,119.581673,,,,,車位:小客車0輛、機車0輛、大客車0輛,,
Taiwan_Gov_OpenData_v2,hotels,Hotel_A15010000H_015591,愛玩水民宿,位於澎湖縣的民宿,湖西鄉,青螺村4鄰青螺22之3號,23.599228,119.649299,,,,,車位:小客車0輛、機車0輛、大客車0輛,,
Taiwan_Gov_OpenData_v2,hotels,Hotel_A15010000H_015678,飛魚過境民宿,位於澎湖縣的民宿,馬公市,石泉里石泉6之12號,23.559554,119.592139,,,,,車位:小客車0輛、機車0輛、大客車0輛,,
Taiwan_Gov_OpenData_v2,hotels,Hotel_A15010000H_015695,澎湖開普敦咖啡民宿,位於澎湖縣的民宿,湖西鄉,隘門村14鄰隘門126之15號,23.561928,119.630619,,,,,車位:小客車0輛、機車0輛、大客車0輛,,
Taiwan_Gov_OpenData_v2,hotels,Hotel_A15010000H_015697,加利利海民宿,位於澎湖縣的民宿,馬公市,西衛里12鄰西衛83之23號,23.578577,119.581395,,,,,車位:小客車0輛、機車0輛、大客車0輛,http://Phgalilee.com.tw,
Taiwan_Gov_OpenData_v2,hotels,Hotel_A15010000H_015703,船長民宿,位於澎湖縣吉貝島的民宿,白沙鄉,吉貝村182-11號,23.738841,119.611201,,,,,車位:小客車0輛、機車0輛、大客車0輛,,
Taiwan_Gov_OpenData_v2,hotels,Hotel_A15010000H_015781,中央民宿,位於澎湖縣的民宿,馬公市,中央里中央街35號,23.564585,119.564863,,,,,車位:小客車0輛、機車0輛、大客車0輛,,
Taiwan_Gov_OpenData_v2,hotels,Hotel_A15010000H_015804,波克夏民宿,位於澎湖縣的民宿,七美鄉,南港村11鄰南滬51號,23.208928,119.428633,,,,,車位:小客車0輛、機車0輛、大客車0輛,,
Taiwan_Gov_OpenData_v2,hotels,Hotel_A15010000H_015827,羽磊民宿,位於澎湖縣的民宿羽磊民宿位於澎湖縣湖西鄉隘門村，鄰近機場，交通便利，民宿前方有著澎湖最著名的金黃色沙灘-隘門沙灘，林投公園，要去各個遊玩景點相當方便，四通八達，是來澎湖遊玩住宿的最佳選擇,湖西鄉,隘門村78之1號,23.556946,119.636908,,,,,車位:小客車0輛、機車0輛、大客車0輛,,
Taiwan_Gov_OpenData_v2,hotels,Hotel_A15010000H_015839,人琴味民宿,位於澎湖縣的民宿,馬公市,西衛里26鄰西衛636號,23.582457,119.578911,,,,,車位:小客車0輛、機車0輛、大客車0輛,,
Taiwan_Gov_OpenData_v2,hotels,Hotel_A15010000H_015888,別野山莊民宿,位於澎湖縣的民宿,白沙鄉,吉貝村183-9號,23.737996,119.606845,,,,,車位:小客車0輛、機車0輛、大客車0輛,,
Taiwan_Gov_OpenData_v2,hotels,Hotel_A15010000H_015906,看心情民宿,位於澎湖縣的民宿,馬公市,西衛里25鄰西衛376之2號,23.587269,119.5809092,,,,,車位:小客車0輛、機車0輛、大客車0輛,,
Taiwan_Gov_OpenData_v2,hotels,Hotel_A15010000H_015911,百慶旅社,位於澎湖縣的旅館,馬公市,三民路16號,23.566733,119.568699,,,,,車位:小客車0輛、機車0輛、大客車0輛,https://penghu-ocean-stays.h-and.world/,
Taiwan_Gov_OpenData_v2,hotels,Hotel_A15010000H_015932,晴空桂冠民宿,位於澎湖縣的民宿,馬公市,西衛里25鄰西衛247之9號,23.585707,119.5800407,,,,,車位:小客車0輛、機車0輛、大客車0輛,https://www.googoog.cc/,
Taiwan_Gov_OpenData_v2,hotels,Hotel_A15010000H_015939,彩色漁之居民宿,位於澎湖縣的民宿,湖西鄉,太武村2鄰太武14之3號,23.572194,119.628184,,,,,車位:小客車0輛、機車0輛、大客車0輛,,
Taiwan_Gov_OpenData_v2,hotels,Hotel_A15010000H_015940,虹橋四季民宿,位於澎湖縣的民宿,馬公市,光明里29鄰忠孝路89巷20號,23.5731734,119.5669675,,,,,車位:小客車0輛、機車0輛、大客車0輛,,
Taiwan_Gov_OpenData_v2,hotels,Hotel_A15010000H_015986,華馨大飯店,位於澎湖縣的旅館,馬公市,三民路40號,23.56724,119.568192,,,,,車位:小客車0輛、機車0輛、大客車0輛,https://huaxin-hotel.ego.tw/,
Taiwan_Gov_OpenData_v2,hotels,Hotel_A15010000H_016000,星樂民宿,位於澎湖縣的民宿,馬公市,東文里18鄰文山路276號,23.559534,119.582854,,,,,車位:小客車0輛、機車0輛、大客車0輛,,
Taiwan_Gov_OpenData_v2,hotels,Hotel_A15010000H_016043,星假期民宿,位於澎湖縣的民宿,馬公市,鐵線里38-21號,23.534462,119.60206,,,,,車位:小客車0輛、機車0輛、大客車0輛,,
Taiwan_Gov_OpenData_v2,hotels,Hotel_A15010000H_016092,避風港民宿,位於澎湖縣的民宿,馬公市,興仁里9鄰双頭掛211號,23.547215,119.612244,,,,,車位:小客車0輛、機車0輛、大客車0輛,,
Taiwan_Gov_OpenData_v2,hotels,Hotel_A15010000H_016159,水映民宿,夏天的風，把水映民宿帶來了澎湖。這裡的空間不複雜，乾淨、明亮，每間房都有舒服的飄窗小和室， 你可以坐著吃點心，也可以只是發呆看風景，剛剛好就很幸福。我們有電梯，行李不用搬來搬去； 外頭有個小庭院，傍晚微風吹過很舒服， 夜裡星星很多，坐在躺椅上發呆也很可以。希望你來的時候，會覺得像是回到一個讓人放鬆的地方， 不趕時間、不用多想，好好睡一晚，就很好。水映民宿｜讓旅行，也有回家的感覺。,馬公市,西衛里12鄰西衛83之65號,23.578208,119.582258,,,,,車位:小客車0輛、機車0輛、大客車0輛,,
Taiwan_Gov_OpenData_v2,hotels,Hotel_A15010000H_016244,菓葉觀日樓民宿,位於澎湖縣的民宿,湖西鄉,菓葉村129-3號,23.576771,119.679565,,,,,車位:小客車0輛、機車0輛、大客車0輛,,
Taiwan_Gov_OpenData_v2,hotels,Hotel_A15010000H_016263,夏彼花園民宿,位於澎湖縣的民宿,馬公市,東文里1鄰文明路137號,23.562217,119.586467,,,,,車位:小客車0輛、機車0輛、大客車0輛,,
Taiwan_Gov_OpenData_v2,hotels,Hotel_A15010000H_016311,星空鯨魚民宿,位於澎湖縣的民宿,馬公市,西衛里25鄰西衛246之1號,23.586872,119.579595,,,,,車位:小客車0輛、機車0輛、大客車0輛,,
Taiwan_Gov_OpenData_v2,hotels,Hotel_A15010000H_016323,星空民宿,位於澎湖縣的民宿,馬公市,鎖港里25鄰鎖管港1887號,23.523717,119.5975078,,,,,車位:小客車0輛、機車0輛、大客車0輛,https://www.facebook.com/SGPHTW,
Taiwan_Gov_OpenData_v2,hotels,Hotel_A15010000H_016380,香亭二館民宿,位於澎湖縣的民宿,馬公市,嵵裡里11鄰嵵裡109號之9,23.5257437,119.5675181,,,,,車位:小客車0輛、機車0輛、大客車0輛,http://xiangting.ego.tw/,
Taiwan_Gov_OpenData_v2,hotels,Hotel_A15010000H_016396,盈月海灣民宿,位於澎湖縣的民宿,馬公市,西文里5鄰西文澳11之3號,23.5647969,119.5842421,,,,,車位:小客車0輛、機車0輛、大客車0輛,,
Taiwan_Gov_OpenData_v2,hotels,Hotel_A15010000H_016463,五口之家民宿,位於澎湖縣的民宿,馬公市,烏崁里1鄰烏崁132之5號,23.546323,119.619451,,,,,車位:小客車0輛、機車0輛、大客車0輛,,
Taiwan_Gov_OpenData_v2,hotels,Hotel_A15010000H_016480,奇遇菓會館民宿,位於澎湖縣的民宿,西嶼鄉,池東村6鄰大菓葉3號,23.59896,119.508045,,,,,車位:小客車0輛、機車0輛、大客車0輛,,
Taiwan_Gov_OpenData_v2,hotels,Hotel_A15010000H_016503,逸遊蔚境民宿(特色民宿),一、位於澎湖本島中心地理位置的馬公市安宅里，從此往北環、南環和市中心區都成輻射狀，交通便利，距市中心區僅5公里。二、在安宅社區中心、大（周王）廟旁，鬧中取靜，大門前有隨潮水漲退的大排，鄰近安宅漁港，環境恬靜安全。三、簡單的陳設，但每間都是擁獨立衛浴套房、冷氣、電視和冰箱，應有盡有。公共設施雖無客廳和廚房，但有最方便的洗衣機和採光罩曬衣間。四、本民宿為全新建築，全面禁菸。適合喜歡安靜舒適、不受打擾客人入住。五、從事媒體工作的民宿主人，可以提供您最新與最充足的旅遊和美食資訊，就是要讓您省荷包。所以超實惠的房價並不含接送及早餐等服務。,馬公市,安宅里3鄰宅腳嶼9之1號,23.5771428,119.6017747,,,,,車位:小客車0輛、機車0輛、大客車0輛,http://easystayph.blogspot.com/,
Taiwan_Gov_OpenData_v2,hotels,Hotel_A15010000H_016514,諾丁葉民宿,"諾丁葉民宿位於澎湖群島的中心點, 屬於馬公市區中的海濱住宅區, 距離澎湖縣政府 750M , 觀音亭 1KM , 臨近民族路及陽明路口的海岸線, 步行1分鐘可抵達民族路海堤, 全棟為白色系英式風格建築物, 原始設計參考了英國倫敦 諾丁丘 Notting Hill 的高級住宅區建築.",馬公市,光明里30鄰陽明路233號,23.574389,119.568444,,,,,車位:小客車1輛、機車8輛、大客車0輛,,
Taiwan_Gov_OpenData_v2,hotels,Hotel_A15010000H_016602,愛丁堡國王桂冠民宿,位於澎湖縣的民宿,馬公市,西衛里25鄰西衛247之10號,23.585897,119.579832,,,,,車位:小客車0輛、機車0輛、大客車0輛,https://www.topvilla.top/product/product.php?lang=tc&class2=100,
Taiwan_Gov_OpenData_v2,hotels,Hotel_A15010000H_016639,哈利路亞民宿,想瞧瞧美麗的澎湖卻沒地方住嗎 ? 歡迎各位來哈利路亞民宿 : ) 來澎湖卻不知道如何安排嗎? 我們能為您推薦或安排旅遊 連絡電話 : 0921202747 (06)-9272406,馬公市,重光里五福路201巷8弄1號,23.580989,119.574841,,,,,車位:小客車0輛、機車0輛、大客車0輛,,
Taiwan_Gov_OpenData_v2,hotels,Hotel_A15010000H_016643,菊色咖啡民宿,位於馬公市地區民宿,馬公市,朝陽里5鄰朝陽路171號,23.5739803,119.5745895,,,,,車位:小客車0輛、機車0輛、大客車0輛,,
Taiwan_Gov_OpenData_v2,hotels,Hotel_A15010000H_016650,君樂民宿,旅宿簡介：君樂民宿位於馬公市郊區，至市區只要十多分鐘、到機場只要六、七分鐘，鄰近景點有隘門沙灘、林投公園、雙湖園、澎湖休憩園區，鄰澎湖南環路線風櫃洞、蛇頭山、山水沙灘、鎖港南北塔，龍門濱海沙灘、果葉日出、奎壁山摩西分海、青螺沙嘴，也可至民宿附近澎管處做旅遊諮詢。民宿的佈置簡約雅緻、明亮寬敞、環境舒適宜人、價格親民，適合背包客、好朋友或全家大小一起來住宿和探索澎湖的人文景觀。,馬公市,興仁里10鄰雙頭掛260號,23.550254,119.6164333,,,,,車位:小客車0輛、機車0輛、大客車0輛,,
Taiwan_Gov_OpenData_v2,hotels,Hotel_A15010000H_016693,竹筴魚民宿,位於澎湖縣的民宿,馬公市,案山里2鄰大案山18之39號,23.5557143,119.5806523,,,,,車位:小客車0輛、機車0輛、大客車0輛,,
Taiwan_Gov_OpenData_v2,hotels,Hotel_A15010000H_016730,小確幸民宿,微小而確實的幸福～「澎湖民宿‧澎湖小確幸民宿」為合法澎湖民宿，位處馬公市區與北環的中間地段，不論旅人要前往馬公老街，品嘗新鮮海產與道地小吃，造訪四眼井、天后宮、觀音亭、西瀛虹橋…等熱門景點；或前往北環，探遊鯨魚洞、中屯風車、通樑古榕、跨海大橋、二崁古厝等佳景，都十分便利而鄰近。溫馨、自在、舒適 是「澎湖民宿‧澎湖小確幸民宿」要給遠道而來的朋友們的美妙感受。整棟裝潢以簡單舒適作為主軸，我們備有雙人、四人及六至八人客房，另也有提供包棟服務。小確幸期盼與你們相見，讓您享有回到家般的舒適感覺，並和您一同分享生活中、旅程中微小而確實的幸福。,馬公市,安宅里171之2號,23.579013,119.603765,,,,,車位:小客車0輛、機車0輛、大客車0輛,,
Taiwan_Gov_OpenData_v2,hotels,Hotel_A15010000H_016807,回家背包客棧民宿,位於澎湖縣的民宿,湖西鄉,尖山村6鄰尖山60號,23.5689369,119.6638536,,,,,車位:小客車0輛、機車0輛、大客車0輛,,
Taiwan_Gov_OpenData_v2,hotels,Hotel_A15010000H_016819,彩虹文旅,位於世界最美麗海灣的澎湖地區，彩虹文創旅店 - 是享受餐飲、購物、觀光的絕佳選擇。旅店位在正市中心，距離機場/碼頭也僅需要5-20分鐘。 住宿位置優越讓旅客前往熱門景點變得方便快捷。彩虹文旅致力於為您提供最熱誠的服務與便捷設施，確保您下榻期間愉快、愜意。為了給客人提供更舒適和更便利的服務，所有房型皆附Wi-Fi，可代收包裹。旅遊諮詢等服務。                 　　　　　　　　　　　　　　　　        誠摯的歡迎您來澎湖享受品味休閒輕旅遊 ─ 漫活 幸福,馬公市,長安里19鄰民族路58之1號2樓(2至5樓),23.5674335,119.5644332,,,,,車位:小客車0輛、機車0輛、大客車0輛,,https://taiwan.taiwanstay.net.tw/twpic/61704.jpg?v=20260831
Taiwan_Gov_OpenData_v2,hotels,Hotel_A15010000H_016824,一家人民宿,位於澎湖縣的民宿,馬公市,西衛里24鄰西衛401號,23.583573,119.577623,,,,,車位:小客車0輛、機車0輛、大客車0輛,,
Taiwan_Gov_OpenData_v2,hotels,Hotel_A15010000H_016891,小魚的家民宿,位於澎湖縣的民宿,馬公市,西衛里83之86號,23.578521,119.58365,,,,,車位:小客車0輛、機車0輛、大客車0輛,,
Taiwan_Gov_OpenData_v2,hotels,Hotel_A15010000H_016945,木木家民宿,位於澎湖縣的民宿,湖西鄉,許家村3鄰港子尾25之7號,23.586658,119.607562,,,,,車位:小客車0輛、機車0輛、大客車0輛,,
Taiwan_Gov_OpenData_v2,hotels,Hotel_A15010000H_016967,樂在綺中民宿,澎友們～樂在綺中民宿近隘門沙灘及機場，位於204縣道旁南來北往交通方便，到馬公市區騎機車8分鐘內，且附近有2間7-11及鹽酥雞、大腸麵線、小籠包、手搖飲等小吃，除住宿外有旅遊諮詢服務，歡迎舊雨新知多多照顧！樂在綺中民宿(距離市區約5K)負責人：洪子綺電話/手機：0972296583店址：澎湖縣馬公市興仁里136-2號營業時間：08:00～23:00Line ID：0972296593,馬公市,興仁里10鄰雙頭掛136之2號,23.552233,119.6086443,,,,,車位:小客車0輛、機車0輛、大客車0輛,,
Taiwan_Gov_OpenData_v2,hotels,Hotel_A15010000H_017051,福星民宿,位於澎湖縣的民宿,馬公市,案山里民樂街68號,23.560198,119.580563,,,,,車位:小客車0輛、機車0輛、大客車0輛,,
Taiwan_Gov_OpenData_v2,hotels,Hotel_A15010000H_017052,藍海風晴民宿,位於澎湖縣的民宿,馬公市,山水里17-21號,23.514143,119.594604,,,,,車位:小客車0輛、機車0輛、大客車0輛,,
Taiwan_Gov_OpenData_v2,hotels,Hotel_A15010000H_017106,風沙月民宿,位於澎湖縣的民宿,馬公市,光復里中華路35-1號,23.571947,119.575447,,,,,車位:小客車0輛、機車0輛、大客車0輛,,
Taiwan_Gov_OpenData_v2,hotels,Hotel_A15010000H_017112,菜宅民宿,遠離市區，安全寧靜，位在湖西，多數觀光景點的交接處，來去自如，離沙灘也很近，有三合院式住宿，讓你能體驗家庭式住宿，非常適合多人家庭或多人朋友團體一起住，也準備廚房讓您能大顯手藝，價格親民，另外也有小木屋住宿。,湖西鄉,湖西村1鄰湖西103號,23.5825254,119.6593905,,,,,車位:小客車0輛、機車0輛、大客車0輛,,
Taiwan_Gov_OpenData_v2,hotels,Hotel_A15010000H_017139,回家背包客棧二館民宿,位於澎湖縣馬公市的民宿，離市中心、馬公港走路30秒,馬公市,啟明里19鄰中山路3巷3號,23.563337,119.566102,,,,,車位:小客車0輛、機車0輛、大客車0輛,,
Taiwan_Gov_OpenData_v2,hotels,Hotel_A15010000H_017180,風島民宿,『風島民宿』位於馬公市區，地理位置優勢，讓『風島民宿』同時擁有便利的交通及澎湖的風情與靜謐。「澎湖民宿．澎湖-風島」距離馬公港(5分鐘)、北環(20分鐘)、機場(15分鐘)，民宿位處交通往來交界處，不僅可使遊客便捷的暢遊澎湖明媚風光的景色，山明水秀和壯麗海景更近在咫尺。 　「澎湖民宿‧澎湖風島民宿」民宿老闆為了能夠讓每位來澎湖的旅客都能玩得開心、住的安心，在興建過程中，透過高度嚴密的監督，房間所有材質均以高規格的品質要求，設有多種溫馨的客房空間，包含乾濕分離的浴室、”獨立筒”床墊、強化玻璃、窗簾、隔音設備...等所有客房用品，不論在品質或是安全上，絕對讓你擁有高度享受。\^0^/ 　民宿親切而熱情的服務、乾淨整潔的房型，讓遊客們在深入感受澎湖當地風土民情的同時，也能享有一處舒適寧靜的休息環境。 　倘若您對旅途或行程有任何疑問，歡迎直接電洽【0981-161485 李小姐】澎湖民宿‧澎湖風島民宿。,馬公市,西文里11鄰西文澳98之2號,23.5654455,119.5824553,,,,,車位:小客車0輛、機車0輛、大客車0輛,https://fengdao2.mystrikingly.com/,https://taiwan.taiwanstay.net.tw/twpic/61811.png?v=20260831
Taiwan_Gov_OpenData_v2,hotels,Hotel_A15010000H_017183,實在玩家民宿,位於澎湖縣馬公市鐵線里的平價民宿,馬公市,鐵線里3鄰鐵線尾28之5號,23.5346995,119.6002833,,,,,車位:小客車0輛、機車0輛、大客車0輛,,
Taiwan_Gov_OpenData_v2,hotels,Hotel_A15010000H_017306,幸福轉角民宿,"位於澎湖縣馬公市的民宿,其擁有5間房,可供訂房",馬公市,朝陽里31鄰文昌街29號,23.574676,119.579079,,,,,車位:小客車0輛、機車0輛、大客車0輛,,
Taiwan_Gov_OpenData_v2,hotels,Hotel_A15010000H_017365,風島藍民宿,位於澎湖縣的民宿,馬公市,西文里10鄰文學路15號,23.568255,119.582802,,,,,車位:小客車0輛、機車0輛、大客車0輛,,
Taiwan_Gov_OpenData_v2,hotels,Hotel_A15010000H_017394,臨海居民宿(特色民宿),位於澎湖縣的民宿,馬公市,啟明里21鄰臨海路10之6號,23.5633068,119.5672073,,,,,車位:小客車0輛、機車0輛、大客車0輛,https://penghu-ocean-stays.h-and.world/,
Taiwan_Gov_OpenData_v2,hotels,Hotel_A15010000H_017521,和寓旅店,在澎湖和你相寓，Nice too meet you Penghu。位在馬公市中心的和寓意旅店記憶，加入青年藝術家對旅行的服裝，夠感受到老的新魅力，也能貫穿藝術為澎湖旅行增添趣味。交通位置非常便利，步行至民權路美食區僅1分鐘；又是馬公城隍廟、中正路圈或花火施放的觀音亭停車場，都十分方便。旅館共畫23間舒適客房，方形房、四人房、一房等多種房型，兼顧豐富多樣的客群之需。客房坪數為67坪，提供來往澎湖休閒舒適與便利的住宿空間。,馬公市,光明路2之1號2-7樓,23.566095,119.5674649,,,,,車位:小客車0輛、機車0輛、大客車0輛,,
Taiwan_Gov_OpenData_v2,hotels,Hotel_A15010000H_017523,夏天來了民宿,夏日的顏色是海天交織的藍與白，仰望天際晴空無限 ，眼望海洋潔淨透明 ，俯仰之間內心的悸動喜悅不已。清爽的海風吹拂著，人們閒散地在沙灘上，盡情享受熱情的陽光，有在沙灘上編寫屬於自己的劇本，想像自己是偶像劇裡的男女主角，有帶著面鏡呼吸管潛入，清澈見底的珊瑚礁區，在尋找小丑魚的蹤跡。澎湖民宿，夏天來了，誠心歡迎你，民宿除了提供舒適溫馨的房間，另備有澎湖當天風味的豐盛早餐(海鮮粥、南瓜米粉...等多種澎湖當地美食)。,馬公市,鎖港里250號,23.530197,119.601325,,,,,車位:小客車0輛、機車0輛、大客車0輛,,https://taiwan.taiwanstay.net.tw/twpic/61915.jpg?v=20260831
Taiwan_Gov_OpenData_v2,hotels,Hotel_A15010000H_017535,染色體民宿,位於澎湖縣的民宿,馬公市,石泉里石泉28之6號,23.555802,119.59594,,,,,車位:小客車0輛、機車0輛、大客車0輛,,
Taiwan_Gov_OpenData_v2,hotels,Hotel_A15010000H_017607,金品精緻旅店,位於澎湖縣的旅館,馬公市,西文里文德路19號(1至5樓),23.5640328,119.581164,,,,,車位:小客車3輛、機車0輛、大客車0輛,http://www.phjp.com.tw,https://taiwan.taiwanstay.net.tw/twpic/184782.jpg?v=20260831
Taiwan_Gov_OpenData_v2,hotels,Hotel_A15010000H_017635,海之島民宿,位於澎湖縣的民宿,馬公市,中央里中山路34號,23.563553,119.564998,,,,,車位:小客車0輛、機車0輛、大客車0輛,,
Taiwan_Gov_OpenData_v2,hotels,Hotel_A15010000H_017667,討海人的家民宿,位於澎湖縣的民宿,西嶼鄉,外垵村4-35號,23.564685,119.48319,,,,,車位:小客車0輛、機車0輛、大客車0輛,,
Taiwan_Gov_OpenData_v2,hotels,Hotel_A15010000H_017675,錦錩民宿,位於澎湖縣的民宿,馬公市,石泉里16鄰石泉122號,23.5596375,119.59775,,,,,車位:小客車0輛、機車0輛、大客車0輛,,
Taiwan_Gov_OpenData_v2,hotels,Hotel_A15010000H_017703,玩皮城堡民宿,位於澎湖縣的民宿,湖西鄉,許家村3鄰港子尾68之2號,23.5827931,119.6064682,,,,,車位:小客車0輛、機車0輛、大客車0輛,,
Taiwan_Gov_OpenData_v2,hotels,Hotel_A15010000H_017775,十二籃民宿,位於澎湖縣的民宿,馬公市,重光里2鄰後窟潭6之51號,23.578143,119.582409,,,,,車位:小客車0輛、機車0輛、大客車0輛,,
Taiwan_Gov_OpenData_v2,hotels,Hotel_A15010000H_017824,普羅旺斯民宿,休息是為了走更長的路…我光著腳ㄚ踩在草皮上　望著那一片閃爍的星空這就是我想要的生活在每個平凡簡單的小日子裡　總能令我們感到開心不已在這裡　以木材　綠意　陽光打造屬於你我的普羅旺斯…,馬公市,鎖港里2鄰鎖管港100號,23.530687,119.601586,,,,,車位:小客車0輛、機車0輛、大客車1輛,,
Taiwan_Gov_OpenData_v2,hotels,Hotel_A15010000H_017848,星月灣休閒民宿,位於澎湖縣的民宿,西嶼鄉,大池村1鄰大池角132號,23.614722,119.51447,,,,,車位:小客車6輛、機車20輛、大客車4輛,,
Taiwan_Gov_OpenData_v2,hotels,Hotel_A15010000H_017909,花梨客棧民宿,位於澎湖縣的民宿,馬公市,光榮里27鄰文光路188巷5號,23.5778025,119.571272,,,,,車位:小客車0輛、機車0輛、大客車0輛,,
Taiwan_Gov_OpenData_v2,hotels,Hotel_A15010000H_017912,小時光之朵朵雲民宿,有溫度的民宿,馬公市,西衛里26鄰西衛342號,23.582457,119.578911,,,,,車位:小客車0輛、機車0輛、大客車0輛,,
Taiwan_Gov_OpenData_v2,hotels,Hotel_A15010000H_018071,澎湖諾亞方舟民宿,人生最美的下半場.用來圓最美的夢.我們造了屬靈的”方舟”.與你(妳)一起迎接彩虹的約定!,湖西鄉,成功村1鄰港底150號,23.5712826,119.6111693,,,,,車位:小客車3輛、機車10輛、大客車0輛,,
Taiwan_Gov_OpenData_v2,hotels,Hotel_A15010000H_018087,三五民宿,35民宿，位於馬公市區內，提供便利、乾淨、舒適、平價的住宿環境，重點是有電梯，不用搬行李喔！,馬公市,朝陽里21鄰陽明路22巷1號,23.5726469,119.5754911,,,,,車位:小客車0輛、機車0輛、大客車0輛,https://xn--35-jh1dx01d.com/,
Taiwan_Gov_OpenData_v2,hotels,Hotel_A15010000H_018089,星語休閒民宿,位於澎湖縣的民宿,馬公市,山水里18鄰珠江17之28號,23.514453,119.593885,,,,,車位:小客車0輛、機車0輛、大客車0輛,,
Taiwan_Gov_OpenData_v2,hotels,Hotel_A15010000H_018098,老公老婆民宿,位於澎湖縣的民宿,馬公市,重光里2鄰後窟潭6之50號,23.578247,119.57369,,,,,車位:小客車0輛、機車0輛、大客車0輛,,
Taiwan_Gov_OpenData_v2,hotels,Hotel_A15010000H_018108,臻芯和苑民宿,位於澎湖縣的民宿,馬公市,鎖港里3鄰鎖管港171之8號,23.5240828,119.6035694,,,,,車位:小客車2輛、機車6輛、大客車1輛,,
Taiwan_Gov_OpenData_v2,hotels,Hotel_A15010000H_018128,沐夏風情民宿,位於澎湖縣的民宿,馬公市,西衛里3鄰四維路291號,23.5790214,119.5716301,,,,,車位:小客車0輛、機車0輛、大客車0輛,,
Taiwan_Gov_OpenData_v2,hotels,Hotel_A15010000H_018130,5+1民宿,位於澎湖縣的民宿,馬公市,西衛里12鄰西衛83之63號,23.5777481,119.5824902,,,,,車位:小客車0輛、機車0輛、大客車0輛,,
Taiwan_Gov_OpenData_v2,hotels,Hotel_A15010000H_018132,蘋果香味民宿,位於澎湖縣的民宿,馬公市,重慶里光明路1之111號,23.5656191,119.5674206,,,,,車位:小客車0輛、機車0輛、大客車0輛,https://penghu-ocean-stays.h-and.world/,
Taiwan_Gov_OpenData_v2,hotels,Hotel_A15010000H_018203,寶華大飯店,寶華大飯店座落於馬公最熱鬧的地段，眺望馬公港灣，前擁石滬廣場，左鄰中正路商圈，及１分鐘步行可達的客輪乘船處，附近更有多處必遊的知名景點，旅行便利，四通八達。,馬公市,中正路2號,23.563624,119.565238,,,,,車位:小客車0輛、機車0輛、大客車0輛,http://www.bowahotel.com.tw,https://taiwan.taiwanstay.net.tw/twpic/173489.jpg?v=20260831
Taiwan_Gov_OpenData_v2,hotels,Hotel_A15010000H_018216,愛丁堡星夜桂冠民宿,位於澎湖縣馬公市的民宿,馬公市,西衛里25鄰西衛247之8號,23.585659,119.580072,,,,,車位:小客車0輛、機車0輛、大客車0輛,,
Taiwan_Gov_OpenData_v2,hotels,Hotel_A15010000H_018242,理想窩民宿,"「理想窩」鄰近美麗的「山水沙灘」，從住宿步行3分鐘即可抵達海灘。海灣藍天、漁港風情。民宿主人用心打造的「理想窩民宿」內部木質設計色彩清新,讓人感覺放鬆、舒適自在。在民宿前方是一片青草綠地,清晨悠閒看著日出晨光,傍晚在頂樓欣賞夕陽暈染的整片海洋,生活就該這樣的悠哉愜意。歡迎來菊島和我們窩在一起~擁抱藍天與大海~",馬公市,山水里18鄰珠江17之41號,23.5143307,119.5958684,,,,,車位:小客車0輛、機車0輛、大客車0輛,,
Taiwan_Gov_OpenData_v2,hotels,Hotel_A15010000H_018282,莊趣園民宿,位於澎湖縣的民宿,白沙鄉,吉貝村183-23號,23.73833,119.607489,,,,,車位:小客車0輛、機車0輛、大客車0輛,,
Taiwan_Gov_OpenData_v2,hotels,Hotel_A15010000H_018290,天祥林海龍王渡假旅店,位於澎湖縣的旅館,馬公市,光榮里24鄰三多路390巷18號,23.5777494,119.569692,,,,,車位:小客車5輛、機車0輛、大客車0輛,,https://taiwan.taiwanstay.net.tw/twpic/146330.jpg?v=20260831
Taiwan_Gov_OpenData_v2,hotels,Hotel_A15010000H_018327,海洋派對親子民宿,位於澎湖縣馬公市區的親子民宿.我們提供親子大朋友小朋友一個舒適的度假環境..一樓設有遊戲區..讓孩子們可以玩得開心父母放心.民宿空間寬敞.採光佳..旅人們可以放鬆休息..歡迎您的到來..,馬公市,東文里7鄰東文澳100之2號,23.56228,119.583454,,,,,車位:小客車0輛、機車0輛、大客車0輛,,
Taiwan_Gov_OpenData_v2,hotels,Hotel_A15010000H_018335,尚和民宿,位於澎湖縣的民宿,馬公市,東衛里7鄰東衛71之12號,23.568516,119.602236,,,,,車位:小客車2輛、機車0輛、大客車0輛,,
Taiwan_Gov_OpenData_v2,hotels,Hotel_A15010000H_018356,長堤民宿(特色民宿),位於澎湖縣的民宿,馬公市,光榮里民族路166號,23.573951,119.567468,,,,,車位:小客車0輛、機車0輛、大客車0輛,,
Taiwan_Gov_OpenData_v2,hotels,Hotel_A15010000H_018367,夢的堡壘海景民宿(特色民宿),現代童話、城堡風格~本建築以現代童話城堡為構思，搭配上巴洛克風格，再結合了復古與優雅元素，作為本民宿主體風格走向。並以引人注目活潑鮮亮的色彩，輔以彩色玻璃與拱型門窗為點綴，城堡式的圍牆與復古原木的大門，讓建築物增添了如童話故事般浪漫夢幻的氛圍。   為了要讓來到山水住宿的旅客能真正感受山水沙灘日夜的美，讓遊客能親身體驗浪濤聲，聞到真正的海味。不僅2.3樓客房各自擁有獨立觀景陽臺。頂樓更有全天候開放，讓遊客能在白天觀賞海景。黃昏賞夕陽，夜晚摘星星，看漁火點點的最佳選擇，讓住宿夢的堡壘的旅客如同公主王子般的享受人間仙境。,馬公市,山水里6鄰珠江110之17號,23.5137964,119.591218,,,,,車位:小客車0輛、機車0輛、大客車0輛,,https://taiwan.taiwanstay.net.tw/twpic/62317.jpg?v=20260831
Taiwan_Gov_OpenData_v2,hotels,Hotel_A15010000H_018380,致仙屋海景民宿,位於澎湖縣的民宿,望安鄉,東安村24-1號,23.356598,119.503183,,,,,車位:小客車0輛、機車0輛、大客車0輛,,
Taiwan_Gov_OpenData_v2,hotels,Hotel_A15010000H_018427,鳥窩民宿,位於澎湖縣的民宿,馬公市,興仁里1鄰雙頭掛1之2號2樓,23.5522554,119.6108841,,,,,車位:小客車0輛、機車0輛、大客車0輛,,
Taiwan_Gov_OpenData_v2,hotels,Hotel_A15010000H_018456,薛客棧民宿,我們位於湖西鄉沙港村，距離馬公市區約13分鐘、機場約10分鐘，交通十分便利。​客棧非常靠近海邊，距離海岸線約50公尺，走路不到一分鐘即可抵達潮間帶踏浪、戲水。每間客房都看的到海景，美麗的海岸線就在您的眼前。在美式風格的別墅內展開美好的海濱度假之旅。歡迎您的蒞臨!! 來到這裡，希望您像回到家裡一樣的輕鬆。忘掉所有煩惱，留下美好的回憶。,湖西鄉,沙港村19鄰沙港1之2號,23.601674,119.625183,,,,,車位:小客車0輛、機車0輛、大客車0輛,,https://taiwan.taiwanstay.net.tw/twpic/78665.jpg?v=20260831
Taiwan_Gov_OpenData_v2,hotels,Hotel_A15010000H_018460,美海奇民宿,很多人都在問Mirage 不是美海奇的翻譯阿...阿這是怎麼來的..當初要設計這民宿名字真是很傷腦筋...想要的名字google都蒐的到，不然都是很俗的名字例如：愛琴海.....我媽選的....哈哈因為我弟弟很愛喝咖啡，有次遇到市區某店老闆，我弟弟便問老闆名字的由來，老闆稀哩呼嚕講了一大篇，讓我知道，名字要有故事！偶然朋友跟我弟弟說可以叫海市蜃樓....我弟弟心想好像還不錯，但是太普通了，名字也不好唸，沒想到維基百科有解釋。【英文字源自拉丁文的mirare，再經由法文的mirage而來，意思是 {看見的奇景}，也就是海市蜃樓。】而我們的民宿~美海奇~正是由法文音譯中文而來。每一個人心中都有一個夢想，我跟我弟弟的夢想是能有一棟屬於自己的房子，整棟房子從無到有都是自己一手包辦，當然以小弟及我兄弟的才能想設計一棟房子是很難的，所以退而求其次，內部的裝潢設計、傢俱擺飾，都是親自處理；那麼既然有了自己的夢想，那麼何不如將我們的夢想讓更多人知道呢??所以我跟我兄弟的夢想從此將為世人所知!!【注意事項】凡住宿即提供澎湖機場（馬公碼頭）來回免費接機（船）服務，請於住房前30日告知飛機班次或船班時間。依房型免費提供代訂早餐(有目錄)，雙人房提供2份早餐，四人房提供4份早餐，以此類推，每人額度50元，可自行加費用加購。早餐供應時間為上午7時開始。為維護房客權益，禁止攜帶寵物入住。為維護社區安寧，晚上10時以後及清晨7時前，請避免於本民宿內外大聲喧嘩。本民宿全面禁止吸菸、酗酒及其他違法行為。請愛惜本民宿內外所有設施。貴重物品應自行妥善保管，外出時請務必隨身攜帶，本民宿不負保管之責。為節能減碳，房客外出時請務必將房內電源及電器用品關閉，謝謝合作。本民宿在大廳及門口有裝設監視器，若有顧慮之客人，請勿訂房。本民宿包棟需與民宿管家同住，民宿管家留在民宿居住，是慎防客人有緊急需求，須請人處理問題，若須包棟訂房或零散訂房之客人，無法接受，請勿訂房，謝謝。【延期與退費說明】匯款後若因故欲更改日期，請於7日前通知，可保留房間三個月，否則訂金沒收、恕不另行通知。取消訂房說明（以下退費皆須酌收手續費100元）：於住宿日起算14天前(含住宿當日)通知退訂者，可全額退還訂金或保留訂金6個月。於住宿日起算10至13天前(含住宿當日)通知退訂者，可退還訂金70%(酌收手續費100元)或保留訂金6個月。於住宿日起算7至9天前(含住宿當日)通知退訂者，可退還訂金50%或保留訂金6個月。於住宿日起算4至6天前(含住宿當日)通知退訂者，可退還訂金30%或保留訂金6個月。未於住宿日起算3天前(含住宿當日)通知退訂者，恕不接受改期或退訂。住房當天如遇不可抗力之因素(如颱風、地震等)，導致飛機班次或船班取消時(依當地縣市政府公告為準)可選擇:全額退還訂金或保留訂金6個月。如住房當天本縣處於紅色旅遊警戒地區，本民宿將全額退還訂金。若您須要訂房或想進一步洽詢任何問題，請與『Mirage美海奇民宿』聯繫，電話【0910-884-720(蕭元哲)】。交通資訊:【衛星定位】民宿衛星定位座標：經度(E)23.577413　緯度(N)119.583507,馬公市,西衛里12鄰西衛83之60號,23.578161,119.582848,,,,,車位:小客車0輛、機車0輛、大客車0輛,,
Taiwan_Gov_OpenData_v2,hotels,Hotel_A15010000H_018465,幸福熊民宿,位於澎湖縣的民宿,馬公市,西衛里25鄰西衛248之6號,23.585578,119.57926,,,,,車位:小客車0輛、機車0輛、大客車0輛,,
Taiwan_Gov_OpenData_v2,hotels,Hotel_A15010000H_018552,熱帶雨林民宿,位於澎湖縣的民宿,馬公市,前寮里260號,23.553562,119.57571,,,,,車位:小客車0輛、機車0輛、大客車0輛,,
Taiwan_Gov_OpenData_v2,hotels,Hotel_A15010000H_018555,龍家民宿,位於澎湖縣的民宿,馬公市,西衛里15鄰西衛210之1號,23.5828943,119.5818557,,,,,車位:小客車0輛、機車0輛、大客車0輛,,
Taiwan_Gov_OpenData_v2,hotels,Hotel_A15010000H_018616,晶棧海景民宿,位於澎湖縣的民宿,馬公市,西衛里25鄰西衛256之2號,23.587029,119.579383,,,,,車位:小客車0輛、機車0輛、大客車0輛,,https://taiwan.taiwanstay.net.tw/twpic/62414.jpg?v=20260831
Taiwan_Gov_OpenData_v2,hotels,Hotel_A15010000H_018677,山麗民宿,位於澎湖縣的民宿,西嶼鄉,竹灣村竹篙灣236號,23.630676,119.509763,,,,,車位:小客車0輛、機車0輛、大客車0輛,,
Taiwan_Gov_OpenData_v2,hotels,Hotel_A15010000H_018685,逗點民宿,位於澎湖縣的民宿,白沙鄉,中屯村7鄰中屯95之5號,23.611091,119.609191,,,,,車位:小客車0輛、機車0輛、大客車0輛,,
Taiwan_Gov_OpenData_v2,hotels,Hotel_A15010000H_018720,愛上水漾魚夢民宿,位於澎湖縣的民宿,馬公市,山水里140之55號,23.518683,119.593735,,,,,車位:小客車0輛、機車0輛、大客車0輛,,
Taiwan_Gov_OpenData_v2,hotels,Hotel_A15010000H_018842,安讚民宿,位於澎湖縣的民宿,馬公市,鎖港里5鄰鎖管港310之2號,23.5290701,119.6019976,,,,,車位:小客車0輛、機車0輛、大客車0輛,,
Taiwan_Gov_OpenData_v2,hotels,Hotel_A15010000H_018931,安一大飯店,澎湖安一海景大飯店秉持”家”服務理念細心體會顧客需求，提供妥善的照顧及賓至如歸的感覺。”熱忱的款待，真誠的關懷，滿意的顧客”希望每一位旅客走出安一大飯店時都能帶著充滿幸福的回憶，滿意我們為旅客提供的服務與品質。 ”飯店是服務人的行業”，最重要的是”服務”，飯店建築物會隨著時間而折舊， 唯有服務是不會隨著時間而改變，飯店除了安全、衛生、關懷與用心，讓每位蒞臨 安一大飯店的旅客就像回到家的自在、舒適、這才是安一大飯店永續經營的最大資產。,馬公市,忠孝路105號1-6樓,23.573601,119.568003,,,,,車位:小客車0輛、機車0輛、大客車0輛,http://www.an-i.com.tw/,https://taiwan.taiwanstay.net.tw/twpic/94841.jpg?v=20260831
Taiwan_Gov_OpenData_v2,hotels,Hotel_A15010000H_018986,玉堂飯店,位於澎湖縣的旅館,馬公市,中華路33號,23.56889,119.569151,,,,,車位:小客車0輛、機車0輛、大客車0輛,http://www.yuh-tarng.com.tw/,
Taiwan_Gov_OpenData_v2,hotels,Hotel_A15010000H_019041,馥園民宿(特色民宿),位於澎湖縣的民宿,馬公市,西文里7鄰西文澳92之62號,23.5654455,119.5824553,,,,,車位:小客車2輛、機車20輛、大客車1輛,,
Taiwan_Gov_OpenData_v2,hotels,Hotel_A15010000H_019053,城前驛站民宿,在我的民宿告知裡，已告訴大家我的民宿很簡單，沒有頂級家俱裝璜，沒有電視等豪華配備，更沒有專業服務。那你會疑問？我的民宿值得賣什麼？我現在告訴你我賣什麼？我賣澎湖的一角視窗給你。很久沒到過嵵裡了，每想到嵵裡就想要哭出來。小時候嵵裡的馬路旁緊鄰著黃金沙灘，整個海天接鄰，沙灘上停著漁作的舢舨，站在海灘上就像迪斯尼卡通消失的帝國中所說的【它是它的一部份，它也是它的一部份】一個無分別的融合的空間。而現在，巨大的海堤、超重的消波塊吞噬了整個海岸，壓碎了童年的回憶，封閉了與自然的對話，成了消失的海岸。現在從屋內的玻璃望去，看著潮水的漲退，海面變化萬千的光影，好久沒有這種感覺了。來看房子的人都會誇說我的眼好，怎麼會找到這麼好的地方？講到這裏，就會勾起我的心痛。我再一次傷心的告訴你，澎湖比這裏美的地方及海岸太多了，可是我們卻做了什麼？任憑著水泥大肆的進住，週邊生態美景漠視的被破壞，如果在這裏會讓你有些心動的話，請多再愛一下大家身邊的土地。所以我常常自嘲的說：『整個澎湖的破瓌越大，我這裏的價值就越高』。城前，一個小小的村落。還好鄉村小，經費爭取不易，所以鮮少的破壞工程在這裏出現，目前仍保有自然的部份海岸線及內海潮間帶的豐富生態，可以眺望對面繁華的馬公市、曲折的西嶼島嶼及內海的明珠－大倉，白日的海天一色及夜晚的星夜爭輝，一個原始的澎湖海景一角原版的呈現給你，希望你會喜歡。,白沙鄉,城前村5鄰城前34之2號,23.624076,119.597507,,,,,車位:小客車0輛、機車0輛、大客車0輛,,
Taiwan_Gov_OpenData_v2,hotels,Hotel_A15010000H_019079,莊家堡海釣民宿,位於澎湖縣的民宿,馬公市,石泉里5鄰石泉59號,23.555183,119.59279,,,,,車位:小客車0輛、機車0輛、大客車0輛,,
Taiwan_Gov_OpenData_v2,hotels,Hotel_A15010000H_019126,愛麗詩民宿,Iris 是梵谷筆下浪漫的名畫－紫蝶鳶尾花 。 Iris 是希臘神話中的彩虹女神，他往來於天地宇宙間， 能關閉天地間的暴風之門，爲人間帶來安寧； 她是眾神與凡間的使者，這愛的使者美麗而絢爛， 不論是飛鳥動物或是蜜蜂昆蟲都愛戀著她， 流水都要停下來欣賞她，她寓意著『愛』與『彩虹』。 Iris 是聖經裡的光明之花、彩虹之花，他給人間帶來光明與平安、 希望與愛。 Iris 是名牌服飾、是精油保養品， Iris 是高貴的象徵、是美麗的代名詞， Iris 是我的英文名字。 嘲笑自己的膚淺就像自己從不明白Iris在生命中的意義， Iris只是巧遇外國遊客才會提起的一句話， 然而，這偶爾被惦記的名字，一夕間神聖了起來， 只因為，我的夢土，眾裡尋她千百度，那樣的桃花源， 在神的安排下，我感恩能創造出這塊唯美的度假聖地， 我深深的愛上Iris，我無法形容她的美好， 只能說在上帝的寵愛裡，遇見Iris我是幸福的，我是感恩的， 然而，我願意將上帝的恩典分享與你，榮耀你， 如果，你見過Iris，你將一見鍾情， 如果，你住過Iris，相信你也將深深的愛上她，戀著她， 在此，願將我的Iris分享給有緣的朋友。,白沙鄉,港子村1鄰港子20之5號,23.647119,119.600619,,,,,車位:小客車0輛、機車0輛、大客車0輛,,
Taiwan_Gov_OpenData_v2,hotels,Hotel_A15010000H_019168,翹家寶貝民宿,翹家寶貝民宿,湖西鄉,許家村3鄰港子尾78之13號,23.587556,119.609413,,,,,車位:小客車0輛、機車0輛、大客車0輛,,
Taiwan_Gov_OpenData_v2,hotels,Hotel_A15010000H_019191,非宿不可民宿,位於澎湖縣的民宿,白沙鄉,通梁村2鄰通梁66之17號,23.657824,119.554539,,,,,車位:小客車0輛、機車0輛、大客車0輛,,
Taiwan_Gov_OpenData_v2,hotels,Hotel_A15010000H_019229,綠灣民宿,位於澎湖縣的民宿,馬公市,西衛里26鄰西衛349號,23.582457,119.578911,,,,,車位:小客車0輛、機車0輛、大客車0輛,,
Taiwan_Gov_OpenData_v2,hotels,Hotel_A15010000H_019259,我行休閒民宿,嗨…各位朋友們，我行、我宿(Be-My-House)位於馬公市的近郊，就像台北的陽明山(這是民宿主人的遐想)…這兒的靜謐，就在夜晚時刻，搖椅上的旋律，詮釋最深刻，您能想像它的樣子嗎？不如親身來一趟澎湖之旅，希望您能拋開工作與壓力，用輕鬆的心情感受我們這兒的悠閒與愜意！外觀盎然綠意~是給你的第一印象，走進每個房間，色彩鮮明，獨具風格，更重要的是~給你屬於自己家裡的溫馨感覺，來感受感受吧！,馬公市,東衛里171-10號,23.570015,119.605966,,,,,車位:小客車0輛、機車0輛、大客車0輛,http://www.be-my-house.com/,https://taiwan.taiwanstay.net.tw/twpic/62642.jpg?v=20260831
Taiwan_Gov_OpenData_v2,hotels,Hotel_A15010000H_019279,調色盤民宿,位於澎湖縣的民宿,馬公市,西衛里25鄰西衛256號,23.58694,119.579565,,,,,車位:小客車0輛、機車0輛、大客車0輛,,
Taiwan_Gov_OpenData_v2,hotels,Hotel_A15010000H_019311,樂天旅店民宿,THEDAY 樂天旅店以「家與分享」的理念做為民宿經營的核心價值。我們希望能提供您一個最輕鬆與自在的休息環境，讓樂天成為您在澎湖旅行中最舒適的家；無論您是..家庭旅遊、三五好友同遊，還是2人世界甜蜜的小旅行，相信我們都能提供您最適合的空間與服務!!,馬公市,前寮里1鄰前寮21之25號,23.553899,119.588942,,,,,車位:小客車0輛、機車0輛、大客車0輛,https://www.theday.com.tw/room_type.html,https://taiwan.taiwanstay.net.tw/twpic/62661.jpg?v=20260831
Taiwan_Gov_OpenData_v2,hotels,Hotel_A15010000H_019316,澎澎屋渡假民宿,位於澎湖縣的民宿,馬公市,西衛里12鄰西衛83之69號,23.577681,119.582722,,,,,車位:小客車0輛、機車0輛、大客車0輛,,
Taiwan_Gov_OpenData_v2,hotels,Hotel_A15010000H_019334,築夢民宿,位於澎湖縣的民宿,馬公市,安宅里2鄰宅腳嶼109之2號,23.5797205,119.6049987,,,,,車位:小客車0輛、機車0輛、大客車0輛,,
Taiwan_Gov_OpenData_v2,hotels,Hotel_A15010000H_019369,巴巴小窩民宿,位於澎湖縣的民宿,湖西鄉,許家村2鄰港子尾15號之1,23.585601,119.607146,,,,,車位:小客車0輛、機車0輛、大客車0輛,,
Taiwan_Gov_OpenData_v2,hotels,Hotel_A15010000H_019380,夢幻28.5民宿,位於澎湖縣的民宿,西嶼鄉,二崁村3鄰二崁58號,23.6188616,119.5153593,,,,,車位:小客車0輛、機車0輛、大客車0輛,,
Taiwan_Gov_OpenData_v2,hotels,Hotel_A15010000H_019459,紫貝殼二館民宿,位於澎湖縣的民宿,馬公市,西衛里1鄰三多路280號,23.576624,119.573995,,,,,車位:小客車0輛、機車0輛、大客車0輛,http://www.seatrip.com.tw,
Taiwan_Gov_OpenData_v2,hotels,Hotel_A15010000H_019489,瑞欣大飯店,位於澎湖縣的旅館,馬公市,光復里新生路64巷33號,23.568325,119.569875,,,,,車位:小客車0輛、機車0輛、大客車0輛,,
Taiwan_Gov_OpenData_v2,hotels,Hotel_A15010000H_019518,新港景民宿,位於澎湖縣的民宿,白沙鄉,吉貝村183之25號,23.738507,119.607854,,,,,車位:小客車0輛、機車0輛、大客車0輛,,
Taiwan_Gov_OpenData_v2,hotels,Hotel_A15010000H_019536,甜蜜小家民宿,位於澎湖縣的民宿,馬公市,光榮里2鄰光榮街62號,23.57552,119.573734,,,,,車位:小客車0輛、機車0輛、大客車0輛,https://sweethome-b6639.web.app/,
Taiwan_Gov_OpenData_v2,hotels,Hotel_A15010000H_019537,海漣天海岸民宿(特色民宿),位於澎湖縣市區的民宿,馬公市,西文里11鄰西文澳500號,23.568924,119.595856,,,,,車位:小客車0輛、機車0輛、大客車0輛,,
Taiwan_Gov_OpenData_v2,hotels,Hotel_A15010000H_019559,海灣星空民宿,澎湖最美的海灣，夜裡最亮的星空。希望您來到「海灣星空」，就像回到「我的家」那般泰然自若。我們期待您的翩然而至，然後與生命中的諸多美好相遇，享受專注而單純的行旅況味，在身心安頓之餘看見自己的美麗。生命中的春遊、夏賞、秋飲、冬吟，讓四季各展其美！,馬公市,石泉里5鄰石泉589號,23.557875,119.593405,,,,,車位:小客車0輛、機車0輛、大客車0輛,http://www.starrybay.com.tw/,
Taiwan_Gov_OpenData_v2,hotels,Hotel_A15010000H_019577,翊佳民宿,位於澎湖縣的民宿,馬公市,西衛里8鄰光復路493號,23.5789832,119.5784349,,,,,車位:小客車0輛、機車0輛、大客車0輛,,
Taiwan_Gov_OpenData_v2,hotels,Hotel_A15010000H_019661,鄭家莊懷舊古厝民宿,【關於鄭家莊的住宿】鄭家莊位於澎湖七美島正中央，是島內較具規模的閩式古建築聚落。自明朝末年由福建沿海移居至此，其宗族最有名氣的人物便是國姓爺鄭成功。歷經百年的鄭家莊建築群經過這幾年的逐步翻修更新，雖然抹去了一世紀刻劃的痕跡，但也為旅人提供更舒適的休息空間。坐臥在大廳或是圍牆邊角的陰影下，感受七美風的流動與呼嘯，傾聽耆老的生活美學，享受七美島的自然地景與鄭家人的歷史軌跡。【鄭家莊的房源】除了給您一個舒適的休息空間外，也期許能帶給您不同的七美體驗。房間是一張大雙人床（160x180）的獨立套房，並有冷氣，搭上簡約的室內設計風格。床組採用詩肯柚木床俱組佐硬獨立筒床墊。我們致力提供您有個舒適的睡眠。我們【不提供電視】，但音樂、WIFI隨手可得，為了讓您享受七美乾淨無暇的天空與寧靜的夜晚。,七美鄉,中和村西崎頭4號,23.20565,119.4224653,,,,,車位:小客車0輛、機車0輛、大客車0輛,,
Taiwan_Gov_OpenData_v2,hotels,Hotel_A15010000H_019667,春發民宿(特色民宿),位於澎湖縣的民宿,湖西鄉,湖西村8鄰湖西169號,23.585385,119.664062,,,,,車位:小客車0輛、機車0輛、大客車0輛,,
Taiwan_Gov_OpenData_v2,hotels,Hotel_A15010000H_019670,觀星海民宿,位於澎湖縣的民宿,馬公市,前寮里7鄰前寮33之17號,23.551145,119.586641,,,,,車位:小客車0輛、機車0輛、大客車0輛,,
Taiwan_Gov_OpenData_v2,hotels,Hotel_A15010000H_019671,豐國大飯店,"豐國大飯店位於馬公市中心, 鄰近中正路商圈與加油站. 購物方便, 亦可順道遊覽市區與古蹟. 住本飯店的房客皆提供自助式早餐(4/1~9/30)並含機場免費接送.",馬公市,重慶里仁愛路12號,23.565083,119.567785,,,,,車位:小客車0輛、機車0輛、大客車0輛,http://www.yaling-hotel.tw/foung-kou-hotel.htm,https://taiwan.taiwanstay.net.tw/twpic/317711.jpg?v=20260831
Taiwan_Gov_OpenData_v2,hotels,Hotel_A15010000H_019708,新綠的民宿,位於澎湖縣的民宿,馬公市,光榮里文光路27-3號4樓,23.574052,119.570419,,,,,車位:小客車0輛、機車0輛、大客車0輛,,
Taiwan_Gov_OpenData_v2,hotels,Hotel_A15010000H_019730,六色海民宿,六色海民宿坐落於澎湖203縣道許家村海岸旁、有美麗海景、潮間帶生態體驗及澎湖夕陽美麗夜景欣賞地方，民宿提供多種幽靜房型能享受直視海景，寬闊蔚藍的美麗海洋直映眼前，帶出澎湖的海洋意境與藍天白雲相互呼應，彷彿僅須伸手即可觸及海水的沁涼快意，且四周有各式風景、海洋動物彩繪牆及古厝群文化遺址更顯休閒恬靜，歡迎大家來六色海度假喔~~,湖西鄉,許家村港子尾42之2號,23.583772,119.607382,,,,,車位:小客車0輛、機車0輛、大客車0輛,,https://taiwan.taiwanstay.net.tw/twpic/62782.jpg?v=20260831
Taiwan_Gov_OpenData_v2,hotels,Hotel_A15010000H_019812,復國八號民宿(特色民宿),位於澎湖縣馬公市的民宿,馬公市,長安里9鄰復國路8號,23.5661763,119.5636254,,,,,車位:小客車0輛、機車0輛、大客車0輛,,
Taiwan_Gov_OpenData_v2,hotels,Hotel_A15010000H_019817,海角203民宿(特色民宿),位於澎湖縣的民宿,馬公市,安宅里1之17號,23.578639,119.604249,,,,,車位:小客車0輛、機車0輛、大客車0輛,,
Taiwan_Gov_OpenData_v2,hotels,Hotel_A15010000H_019829,期遇一館民宿,位於澎湖縣的民宿,馬公市,西衛里347號,23.582457,119.578911,,,,,車位:小客車0輛、機車0輛、大客車0輛,,
Taiwan_Gov_OpenData_v2,hotels,Hotel_A15010000H_019894,期遇二館民宿,位於澎湖縣的民宿,馬公市,西衛里346號,23.582457,119.578911,,,,,車位:小客車0輛、機車0輛、大客車0輛,,
Taiwan_Gov_OpenData_v2,hotels,Hotel_A15010000H_019942,雲涵堡休閒民宿,民宿緣起.........對於一個想要二度就業又可以兼顧到小孩的我來說，經營澎湖民宿無疑是一個很好的事業，而且最重要的是經營民宿過程中又可以結交到更多的好朋友。有了這個念頭便開始有所行動，首先必須先說服阿勇（我的老公），因為要經營民宿必定要有房子，這是要花一大筆費用的，而且跟阿勇預計擁有房子的計劃提早了好幾年，但拗不過我的堅持，最後還是決定放手去做。要做就不能是普通的房子，一定要有特色的。於是阿勇把他打電玩「世紀帝國」的構想，加到我們的城堡民宿上，這也成為了整棟建築的特色，或許我們看不到澎湃的海洋，但我們可以讓您在玩了一天的海洋活動後，能擁有享受寧靜的山野。而且我們堅持做好每件事，希望大家有緣能一起來感受與眾不同的城堡民宿。,馬公市,案山里大案山21-13號,23.552776,119.578929,,,,,車位:小客車0輛、機車0輛、大客車0輛,http://www.cloudcastle.com.tw/about.php,
Taiwan_Gov_OpenData_v2,hotels,Hotel_A15010000H_020095,星野船渠民宿(特色民宿),＊星空下‧原野間～船渠伴海景 　「澎湖民宿‧澎湖星野船渠民宿」為澎湖地區的合法特色民宿，座落於馬公市南端，鄰近美食雲集、熱鬧喧囂的馬公市區、案山漁港、菊島之星、天后宮、馬公老街及四眼井…等熱門景點，不但交通便利，更保有淳靜樸實的菊島在地風情。 　「澎湖民宿‧澎湖星野船渠民宿」以航海元素、工業風格…等元素作為主題發想，在明亮而寬敞的客房空間中，運用精緻的特色小物和舒適的家具設備，將其融入簡約高雅的現代風空間設計之中，頃力打造出時尚淡雅的旅人夢想房型，帶您感受不一樣的住宿體驗。 　倘若您對旅途或行程有任何疑問，歡迎直接電洽【0937-392106、06-9218310】澎湖民宿‧澎湖星野船渠民宿。,馬公市,前寮里3之10號,23.556297,119.586343,,,,,車位:小客車0輛、機車0輛、大客車0輛,,
Taiwan_Gov_OpenData_v2,hotels,Hotel_A15010000H_020105,彩貝民宿,位於澎湖縣的民宿,馬公市,東衛里21鄰東衛367號,23.566758,119.603164,,,,,車位:小客車0輛、機車0輛、大客車0輛,,
Taiwan_Gov_OpenData_v2,hotels,Hotel_A15010000H_020163,自由行民宿,位於澎湖縣的民宿,湖西鄉,許家村3鄰港子尾75之2號,23.58328,119.607575,,,,,車位:小客車0輛、機車0輛、大客車0輛,,
Taiwan_Gov_OpenData_v2,hotels,Hotel_A15010000H_020169,春草民宿,位於澎湖縣的民宿,湖西鄉,湖西村8鄰169號之1,23.5823171,119.6571596,,,,,車位:小客車0輛、機車0輛、大客車0輛,,
Taiwan_Gov_OpenData_v2,hotels,Hotel_A15010000H_020259,澎湖慢慢來海景民宿,來趟離島之旅，了解海島風光，在沙灘上追逐浪花，看著太陽落入大海，望著點點星光在夜空中閃爍，來趟澎湖體驗慢慢來的樂趣，在「澎湖慢慢來海景民宿」中享受慢活人生。「澎湖慢慢來海景民宿」座落於馬公市石泉里，鄰近許多知名景點，如四眼井、澎湖生活博物館、澎湖國家風景區等，距馬公市鬧區僅7分鐘車程，與馬公機場僅需10分鐘車程，四通八達的地裡位置，讓來澎湖旅行的旅人可以不慌不忙地悠哉漫步在菊島上。,馬公市,石泉里7鄰石泉32之58號,23.5545221,119.5935503,,,,,車位:小客車0輛、機車0輛、大客車0輛,,
Taiwan_Gov_OpenData_v2,hotels,Hotel_A15010000H_020270,野居渡假民宿,位於澎湖縣的民宿,馬公市,西衛里14鄰西衛221之15號,23.583731,119.582585,,,,,車位:小客車0輛、機車0輛、大客車0輛,,
Taiwan_Gov_OpenData_v2,hotels,Hotel_A15010000H_020293,樂圖漫遊會館民宿二館,位於澎湖縣的民宿,馬公市,西衛里25鄰西衛261之8號,23.586159,119.580697,,,,,車位:小客車0輛、機車0輛、大客車0輛,,
Taiwan_Gov_OpenData_v2,hotels,Hotel_A15010000H_020308,183二館民宿,位於澎湖縣的民宿,馬公市,烏崁里1鄰烏崁132之8號,23.546708,119.621086,,,,,車位:小客車0輛、機車0輛、大客車0輛,,
Taiwan_Gov_OpenData_v2,hotels,Hotel_A15010000H_020331,尖尖民宿,位於澎湖縣的民宿,馬公市,東文里4鄰文學路280巷48號,23.561031,119.581422,,,,,車位:小客車0輛、機車0輛、大客車0輛,,
Taiwan_Gov_OpenData_v2,hotels,Hotel_A15010000H_020340,歐樂飯店二館,位於澎湖縣的旅館,馬公市,陽明里新明路21號8樓,23.5687378,119.5758199,,,,,車位:小客車0輛、機車0輛、大客車0輛,,
Taiwan_Gov_OpenData_v2,hotels,Hotel_A15010000H_020345,夢砌民宿,夢砌民宿位於澎湖本島馬公機場附近，臨近隘門沙灘，且為本島僅有的森林海岸休閒沙灘。當您初次探訪夢砌您會愛上他的寧靜與清幽， 想體驗澎湖離島不同的假期，來到夢砌有如回到家的感覺，讓您感受到處處貼心與品味。夢砌的建築是藝術的打造， 我們們保留鄉土的風味完全沒有富麗的裝潢，且保有清爽舒適的空間，推薦您來到夢砌古典的鄉村，感受最輕鬆沒有壓力的空間，享受最悠閒的渡假。民宿私房行程：夜訪潮間帶(俗稱夜照)由民宿主人親自帶領前往潮間帶觀賞海洋生態，認識海洋生物之多樣性，如螃蟹、蝦子、魚，螺貝類、海參、海膽等等千奇百怪，有趣又好玩且充滿海洋知性之旅，適合各年齡層參加的活動，參加過的人都說讚唷！,湖西鄉,隘門村60號之1,23.5592508,119.634823,,,,,車位:小客車0輛、機車0輛、大客車0輛,http://penghu-dream.com,https://taiwan.taiwanstay.net.tw/twpic/62937.jpg?v=20260831
Taiwan_Gov_OpenData_v2,hotels,Hotel_A15010000H_020346,我們的民宿(特色民宿),位於澎湖縣的民宿,馬公市,石泉里石泉11之2號,23.557657,119.59364,,,,,車位:小客車0輛、機車0輛、大客車0輛,,
Taiwan_Gov_OpenData_v2,hotels,Hotel_A15010000H_020405,夏海民宿,"位於澎湖縣的民宿,適合渡假住宿。",馬公市,重光里2鄰後窟潭7號之34,23.5820443,119.573023,,,,,車位:小客車0輛、機車0輛、大客車0輛,,
Taiwan_Gov_OpenData_v2,hotels,Hotel_A15010000H_020488,君洋商務大飯店,位於澎湖縣的旅館,馬公市,中興路31號1-8樓,23.566673,119.566809,,,,,車位:小客車0輛、機車0輛、大客車0輛,,
Taiwan_Gov_OpenData_v2,hotels,Hotel_A15010000H_020490,彼得潘休閒民宿,位於澎湖縣的民宿位置湖西鄉成功村137號彼得潘休閒民宿,湖西鄉,成功村1鄰港底137號,23.571697,119.613205,,,,,車位:小客車0輛、機車0輛、大客車0輛,,
Taiwan_Gov_OpenData_v2,hotels,Hotel_A15010000H_020515,古舍古廂民宿,位於澎湖縣的民宿,馬公市,西衛里24鄰西衛393之2號,23.5832019,119.5786202,,,,,車位:小客車0輛、機車0輛、大客車0輛,,
Taiwan_Gov_OpenData_v2,hotels,Hotel_A15010000H_020537,岸邊閒情民宿,位於澎湖縣的民宿,馬公市,案山里51之1號,23.558202,119.578502,,,,,車位:小客車0輛、機車0輛、大客車0輛,,
Taiwan_Gov_OpenData_v2,hotels,Hotel_A15010000H_020552,馬里布海景民宿,位於澎湖縣的民宿,馬公市,東衛里19鄰東衛5之8號,23.570143,119.598731,,,,,車位:小客車0輛、機車0輛、大客車0輛,,
Taiwan_Gov_OpenData_v2,hotels,Hotel_A15010000H_020558,海旅巢民宿,曾經懷抱著夢想投入軍中，漫長的軍旅生涯，臺灣、馬祖奔波，但心中對故鄉－澎湖，一直有著難以割捨的眷念因為這裡除了有親愛的家人外，還有上天賦予的大自然美景，令我無法忘懷…退伍後因緣際會下，投入澎湖導遊的行列一方面介紹澎湖的好沙、好水，同時更認識了幾位志同道合的好朋友，多年相處，大伙兒有個相同想法—「築巢共居」除了老來互相照顧外，經營民宿更可發揮咱們的專長並提供旅客一個舒適的休閒環境於是，「西衛海民宿村」—【海旅巢民宿】就在這個構想下於98年5月誕生了！,馬公市,西衛里12鄰西衛83之51號,23.578101,119.582253,,,,,車位:小客車0輛、機車0輛、大客車0輛,,https://taiwan.taiwanstay.net.tw/twpic/63044.jpg?v=20260831
Taiwan_Gov_OpenData_v2,hotels,Hotel_A15010000H_020565,珊瑚礁民宿,位於澎湖縣馬公市中華路17號的珊瑚礁民宿，地理位置非常便利，鄰近文康商圈，北辰市場與南海碼頭，無論是品嘗在地美食或前往各景點都很方便。,馬公市,光復里中華路17號,23.568285,119.568511,,,,,車位:小客車0輛、機車0輛、大客車0輛,,
Taiwan_Gov_OpenData_v2,hotels,Hotel_A15010000H_020585,香榭民宿,"吉貝嶼─這座因坐擁綿延沙嘴而美麗的沙灘之島，黃色的沙灘綿延數千公尺,是世界難得一見的沙嘴地形,來到這裡旅行最好的方式不是走馬看花，而是該放慢腳步與心情旅宿於此，好好感受屬於這座島嶼的萬千風情。來到吉貝旅宿，您可以擁有更精緻而舒適的住宿服務！全新落成的吉貝香榭民宿，坐落於吉貝嶼的黃金地段，最熱鬧的市集、吉貝沙嘴便在鄰近，散個步就可以到達，生活機能十分便利。擁有全澎湖唯一的石滬執照，是我們的私房景點，讓來到香榭民宿的遊客更多一份驚喜；頂級的民宿設施、和善親切的民宿主人，將為您的小島假期留下更浪漫而深刻的旅行回憶～吉貝的夜晚有著不ㄧ樣的寧靜，望著星空，遠離塵囂，聽著海浪聲入眠，是來到吉貝最大的享受．．",白沙鄉,吉貝村188之3號,23.737819,119.606652,,,,,車位:小客車0輛、機車0輛、大客車0輛,,https://taiwan.taiwanstay.net.tw/twpic/63048.jpg?v=20260831
Taiwan_Gov_OpenData_v2,hotels,Hotel_A15010000H_020612,北非花園民宿(特色民宿),沿著地中海流浪企圖尋照夢想中的那座城堡沒有三毛筆下的沙漠卻有純淨與耀眼的藍沒有沙漠的狂野卻有海洋的壯闊與沉靜在菊島尋找觸動心靈深處的感動北非花園,馬公市,興仁里雙頭掛45之2號,23.5522379,119.6086443,,,,,車位:小客車0輛、機車0輛、大客車0輛,,
Taiwan_Gov_OpenData_v2,hotels,Hotel_A15010000H_020616,夏日澄藍民宿,"海清澄、天蔚藍......夏日澄藍有著地中海風的建築主體、溫馨舒適的空間、視野遼闊的景觀台及廣闊的草皮腹地,採用通用設計親善概念,適合長者(或障礙者)及親子一同享受美好的家庭海洋假期!歡迎您來到魅力之地......The Charming Land 夏日澄藍......",白沙鄉,中屯村5鄰中屯106號,23.6154254,119.6067297,,,,,車位:小客車0輛、機車0輛、大客車0輛,,
Taiwan_Gov_OpenData_v2,hotels,Hotel_A15010000H_020643,山水衝浪二館民宿,位於澎湖縣的民宿,馬公市,山水里18鄰珠江17之36號,23.513909,119.595197,,,,,車位:小客車0輛、機車0輛、大客車0輛,,
Taiwan_Gov_OpenData_v2,hotels,Hotel_A15010000H_020666,珊瑚棲民宿,位於澎湖縣的民宿,馬公市,光榮里33鄰光榮街87號,23.575605,119.573665,,,,,車位:小客車0輛、機車0輛、大客車0輛,,
Taiwan_Gov_OpenData_v2,hotels,Hotel_A15010000H_020677,賽蒙特民宿,"坐在沙灘上，海風撫過略帶凌亂的秀髮，緩緩的抬起頭來，感受陽光灑在臉上的幸福，渡假就該這樣愜意自在。「澎湖住宿‧賽蒙特民宿」位在渡假勝地-澎湖，坐擁絕佳地理位置，在陽台上就可遠眺散發銀色光芒的大海，寧靜的夜晚抬頭望就能看到星星俏皮地眨眼，想輕鬆享受這麼美的景色非得親自來趟「澎湖住宿‧賽蒙特民宿」！「澎湖住宿‧賽蒙特民宿」提供雅房、雙人房與四人房，不論是單身出門散心、情侶甜蜜出遊、好友歡樂旅行以及家庭天倫之旅都能挑選到適合的房型入住，「澎湖住宿‧賽蒙特民宿」也有提供包棟服務，即便是員工旅遊或畢業小旅行皆能夠滿足您的需求！「澎湖住宿‧賽蒙特民宿」是個愛作夢愛幻想的民宿，總幻想著能成為阿姆斯壯,迎向月球，走向星空，喜愛科幻片蒐藏太空戰士，希望能打造出太空科幻的飄渺場景，讓旅人放鬆自我，遠離煩惱，跟著「澎湖住宿‧賽蒙特民宿」一起來趟澎湖冒險旅程！",馬公市,西衛里25鄰西衛248之5號,23.585546,119.579319,,,,,車位:小客車0輛、機車0輛、大客車0輛,,https://taiwan.taiwanstay.net.tw/twpic/100086.jpg?v=20260831
Taiwan_Gov_OpenData_v2,hotels,Hotel_A15010000H_020740,那年夏天民宿,位於澎湖縣的民宿,馬公市,興仁里9鄰雙頭掛60之61號,23.552133,119.613703,,,,,車位:小客車0輛、機車0輛、大客車0輛,,
Taiwan_Gov_OpenData_v2,hotels,Hotel_A15010000H_020750,海天之戀民宿,位於澎湖縣的民宿,馬公市,鐵線里1鄰鐵線尾38之39號,23.5340702,119.6019667,,,,,車位:小客車0輛、機車0輛、大客車0輛,https://seaskylove.okgo.tw/,
Taiwan_Gov_OpenData_v2,hotels,Hotel_A15010000H_020755,晴光部落民宿,＂晴光＂的渡假，是悠閒不是忙碌，是放鬆不是緊繃，來到＂晴光部落＂，是親切不是冷漠，是開心不是難過。＂晴光部落＂雖無海灘美景，卻有染紅天空的夕陽。雖無精緻的裝潢，卻有溫馨舒適的房。,馬公市,鎖港里鎖管港1886號,23.523415,119.597458,,,,,車位:小客車0輛、機車0輛、大客車0輛,http://www.facebook.com/1886loma,https://taiwan.taiwanstay.net.tw/twpic/63075.JPG?v=20260831
Taiwan_Gov_OpenData_v2,hotels,Hotel_A15010000H_020775,杉杉行旅民宿,位於澎湖202縣道旁，映入眼簾盡是小葉南洋杉木，清幽舒適的環境讓您忘卻煩憂。盡情享受我們精心準備的舒適空間與貼心服務，度過您的美好假期吧！,湖西鄉,成功村1鄰港底330號,23.576701,119.61949,,,,,車位:小客車0輛、機車10輛、大客車0輛,https://booking.owlting.com/ccd1855e-e421-4545-a892-718a87641c7c,
Taiwan_Gov_OpenData_v2,hotels,Hotel_A15010000H_020796,龍弘民宿,龍弘民宿座落於馬公市區光復路上(路口旁為鮮茶道)鄰近北辰市場，步行至觀音亭或市區中正路約10分鐘路程。民宿設施介紹每層樓均為兩間套房，『金碧華麗』房有別於傳統床鋪為四方形特別採用圓形床鋪讓入住房客享受不同的體驗。『溫馨和風』房全面採用木質地板，整體空間舒適優雅且溫馨。房內配有基本家電(32吋電視、分離式冷氣機、吹風機、冰箱、電熱水壺)和乾溼分離盥洗室。於一樓接待大廳處設有舒適沙發可三五好友喝茶談天說地，並提供WIFI無線上網。鄰近的小吃美食有顛覆傳統燒餅作法的鐘記燒餅(沙拉、蔥蛋、鮪魚等口味)、光復路上古早味的應時勢筒仔米糕、位於市場內的老地方意緬、北辰市場古早味圓仔湯、北辰市場蚵仔麵線、北辰市場肉圓、北辰市場鹹粥等。,馬公市,陽明里光復路98號,23.572051,119.570925,,,,,車位:小客車0輛、機車0輛、大客車0輛,https://www.longhong.com.tw/homestay.php,https://taiwan.taiwanstay.net.tw/twpic/63087.jpg?v=20260831
Taiwan_Gov_OpenData_v2,hotels,Hotel_A15010000H_020876,光泉民宿,位於澎湖縣的民宿,馬公市,光榮里12鄰文光路114巷3號,23.574874,119.570706,,,,,車位:小客車0輛、機車0輛、大客車0輛,https://lusterbnb.com/,
Taiwan_Gov_OpenData_v2,hotels,Hotel_A15010000H_020938,198民宿,位於澎湖縣的民宿,馬公市,西文里18鄰惠民新村16之1號,23.570859,119.578845,,,,,車位:小客車0輛、機車0輛、大客車0輛,,
Taiwan_Gov_OpenData_v2,hotels,Hotel_A15010000H_020949,山水衝浪民宿,位於澎湖縣的民宿,馬公市,山水里8-6號2樓,23.513887,119.592482,,,,,車位:小客車0輛、機車0輛、大客車0輛,,
Taiwan_Gov_OpenData_v2,hotels,Hotel_A15010000H_021018,卡膜脈民宿(特色民宿),卡膜脈民宿位於澎湖地理的中央，民宿旁就是中央嶼。我們希望每個來到這裹的旅客，都能放慢您的腳步到潮間帶走走，清晨吹吹帶有鹹味的海風，海浪的聲音用全身去感受。午後椅座在民宿海邊的長堤，看西衛漁港船隻的出入，簡單的作釣，回到民宿料理，鮮味馬上入口。潮間帶踏浪尋寶、抱礅、尋貝，不用太多的行程規畫，在卡膜脈民宿這也可以悠閒的擁有藍天、大海的渡假生活。,馬公市,西衛里220之12號,23.580852,119.582019,,,,,車位:小客車0輛、機車0輛、大客車0輛,http://www.camome9261236.com/,https://taiwan.taiwanstay.net.tw/twpic/63172.jpg?v=20260831
Taiwan_Gov_OpenData_v2,hotels,Hotel_A15010000H_021043,樂行民宿,位於澎湖縣的民宿,馬公市,西衛里26鄰西衛350號,23.586829,119.582173,,,,,車位:小客車0輛、機車0輛、大客車0輛,,
Taiwan_Gov_OpenData_v2,hotels,Hotel_A15010000H_021119,金太陽花園民宿,位於澎湖縣的民宿,馬公市,山水里18鄰珠江17之43號,23.514468,119.595666,,,,,車位:小客車0輛、機車0輛、大客車0輛,,
Taiwan_Gov_OpenData_v2,hotels,Hotel_A15010000H_021141,這裡民宿,位於澎湖縣的民宿,馬公市,安宅里1鄰宅腳嶼93之19號,23.572524,119.601812,,,,,車位:小客車0輛、機車0輛、大客車0輛,,
Taiwan_Gov_OpenData_v2,hotels,Hotel_A15010000H_021260,幸運海彎海景民宿,位於澎湖縣的民宿,馬公市,啟明里18鄰臨海路20號,23.562866,119.566247,,,,,車位:小客車0輛、機車0輛、大客車0輛,https://www.luckybay.tw/,
Taiwan_Gov_OpenData_v2,hotels,Hotel_A15010000H_021326,風車轉轉民宿,位於澎湖縣的民宿,白沙鄉,中屯村105號,23.615785,119.606728,,,,,車位:小客車0輛、機車0輛、大客車0輛,,
Taiwan_Gov_OpenData_v2,hotels,Hotel_A15010000H_021341,木子家民宿,古色 古香 混和咖啡機運轉的漫漫飄香 充斥在木子家 各角落 客廳 餐廳 吧檯 臥房 活用原木材質營造家的舒適感 木子家希望帶給暫時停下來休息的旅客 有舒服的家 感受天然樸實的原木芬芳 享受這既寧靜 又溫暖的小小幸福,馬公市,西衛里25鄰西衛236之17號,23.583959,119.579862,,,,,車位:小客車0輛、機車0輛、大客車0輛,,
Taiwan_Gov_OpenData_v2,hotels,Hotel_A15010000H_021383,帝后民宿,位於澎湖縣馬公市區的民宿,馬公市,陽明里中華路200巷3之5號,23.57194,119.57559,,,,,車位:小客車0輛、機車0輛、大客車0輛,,
Taiwan_Gov_OpenData_v2,hotels,Hotel_A15010000H_021404,萊怡夏夜光魚民宿,位於澎湖縣的民宿,馬公市,鎖港里鎖管港2015號,23.522428,119.598363,,,,,車位:小客車0輛、機車0輛、大客車0輛,,
Taiwan_Gov_OpenData_v2,hotels,Hotel_A15010000H_021411,隨意窩民宿,位於澎湖縣的民宿,湖西鄉,許家村3鄰港子尾78之10號,23.5829326,119.608094,,,,,車位:小客車0輛、機車0輛、大客車0輛,,
Taiwan_Gov_OpenData_v2,hotels,Hotel_A15010000H_021412,凱琳會館民宿(特色民宿),位於澎湖縣的民宿,湖西鄉,許家村3鄰港子尾71之3號,23.583955,119.608048,,,,,車位:小客車0輛、機車0輛、大客車0輛,,
Taiwan_Gov_OpenData_v2,hotels,Hotel_A15010000H_021427,海之徑民宿,以向日葵黃色作為外觀的「海之徑」，就正如民宿主人的個性活潑、開朗、熱情、專業，座落於馬公市郊西衛社區的海之徑，以色彩鮮豔的外觀和室內時尚簡約的陳設，來到這裡彷彿到了國外小鎮裡，傍晚時分或晚間，在庭院或太陽傘底下，讓微風吹上臉龐，喝上一杯飲料最是愜意。房內設施完善；液晶電視、小冰箱、羽絨被、乾濕分離浴室。二樓房間有採光佳的海景房，每間有落地窗陽台，可近觀西衛漁港碼頭，遠眺中屯風車。公共空間提供電腦及RO飲水機供貴賓使用。造訪菊島何不放慢腳步好好享受主人用心提供這美麗海景的渡假環境。,馬公市,西衛里12鄰西衛83之52號,23.578243,119.582333,,,,,車位:小客車0輛、機車0輛、大客車0輛,https://www.siwei-ocean.com/seaway/index.html,https://taiwan.taiwanstay.net.tw/twpic/63342.jpg?v=20260831
Taiwan_Gov_OpenData_v2,hotels,Hotel_A15010000H_021440,山水貝殼沙民宿,坐落在馬公市郊的山水貝殼沙民宿，位於靜謐的村落中，讓您遠離喧囂與煩惱，且鄰近知名的山水沙灘，僅需步行五分鐘，即可到達這片洋溢著青春和夏天氣息的美麗細白沙灘，感受村落中的人文風情，亦可與觀光客一同逐沙，和衝浪客一起踏浪。往沙灘的右邊走，即是山水30高地，向著山走，遠離人群，在這裡可將山水沙灘的全景盡收眼底，另一邊則是台灣海峽，坐在山上，獨攬這美麗的景色，度過慵懶地下午，才明白人生可以過得無此愜意。當你在外享受了一整天的艷陽，返回到民宿中，處處可見到老闆的用心，從小跟著爸爸學攝影的民宿老闆，以攝影者的角度，選擇了最佳的大範圍自然採光，讓入住者感受熱情的陽光，坐在民宿內，就能看見光影所帶來的美好，民宿的餐廳區，更是讓人可以悠閒坐著看書、曬太陽放鬆的好地方，就算不出門，也能感受到澎湖空氣中獨特又自然的鹹水味，徐徐的海風彷彿在這時候吹走了您的煩憂。來到房間，藍色和白色作為主體顏色，代表著澎湖的藍天、白雲和四面環海的景緻，在這裡，讓您既有在家的悠閒與自在感，亦能繼續延續著度假的海島氛圍，山水貝殼沙民宿─讓您的美好假期從這裡開始。,馬公市,山水里17鄰珠江32之66號,23.5150529,119.5968404,,,,,車位:小客車0輛、機車0輛、大客車0輛,,
Taiwan_Gov_OpenData_v2,hotels,Hotel_A15010000H_021470,嘉德利雅民宿,位於澎湖縣的民宿,馬公市,西衛里25鄰西衛247之7號,23.585621,119.57916,,,,,車位:小客車1輛、機車7輛、大客車0輛,,
Taiwan_Gov_OpenData_v2,hotels,Hotel_A15010000H_021596,森源民宿,"澎湖森源民宿 Sun-Young 位於澎湖馬公市西衛社區，這裡是一位男孩從小到大的夢想，伴隨著熱情的太陽、活力的青春在這築夢。幸運擁有從小看到大百看不厭的美景，並期望它能成為旅人們心中的一片回憶。早晨的清新與晨曦、黃昏的夕陽西下，海水的清澈美麗、澎湖人的親切熱情，是最值得駐足的時刻；讓我們放慢自己的腳步、聆聽海浪的聲音，悠閒的度假去吧~~Let's go to Penghu, stay Sun-Young-距離市區約8分鐘距離機場約15分鐘從民宿前往南、北環路線都相當方便唷~-對了!!!民宿附近還有一間7-11走路5分鐘就到了唷~騎車更只要1分鐘，是不是超方便的呢~",馬公市,西衛里12鄰西衛83之35號,23.5787042,119.5818789,,,,,車位:小客車0輛、機車0輛、大客車0輛,https://www.facebook.com/SunYoung.PH/,https://taiwan.taiwanstay.net.tw/twpic/63385.jpg?v=20260831
Taiwan_Gov_OpenData_v2,hotels,Hotel_A15010000H_021601,順成休閒會館,位於澎湖縣的旅館,馬公市,光榮里28鄰文光路216號4樓,23.5785351,119.5715281,,,,,車位:小客車0輛、機車0輛、大客車0輛,,https://taiwan.taiwanstay.net.tw/twpic/184793.jpg?v=20260831
Taiwan_Gov_OpenData_v2,hotels,Hotel_A15010000H_021607,達日好民宿,位於澎湖縣的民宿,馬公市,朝陽里朝陽路100巷8之1號,23.574018,119.576472,,,,,車位:小客車0輛、機車0輛、大客車0輛,,
Taiwan_Gov_OpenData_v2,hotels,Hotel_A15010000H_021613,夏之旅民宿,夏之旅民宿~提供二人、四人、六~八人房的住宿選擇，房內營造出溫馨而舒適的氛圍，平實、寬敞、明亮、簡潔的陳設裡，處處散發著令人徹底放鬆的感受，無壓迫性的住宿空間就像回到家一般的自在，依照不同房型提供各項設施設備，十分適合學生團體、家庭共同出遊旅宿。位於南環地區的合法民宿「夏之旅民宿」，座落在純樸鄉村中的白色獨棟別墅建築，讓旅人可以真正放鬆身心壓力，來場舒適、寧靜、悠閒的旅程，極適合親子住宿的環境，此外，夜晚還可觀看無光害、獨有的閃閃星空，民宿前方就是潮間帶，走在木棧道的海堤防，讓暖暖海風帶走您的各種煩憂，讓這片美景帶給您最輕鬆的心情感受。,馬公市,鐵線里鐵線尾7之6號,23.53273,119.599485,,,,,車位:小客車0輛、機車0輛、大客車0輛,,
Taiwan_Gov_OpenData_v2,hotels,Hotel_A15010000H_021641,說走就走民宿,位於澎湖縣的民宿,馬公市,鐵線里3鄰鐵線尾61-3號,23.53758,119.60209,,,,,車位:小客車0輛、機車0輛、大客車0輛,,
Taiwan_Gov_OpenData_v2,hotels,Hotel_A15010000H_021655,暖居民宿,位於澎湖縣的民宿,白沙鄉,赤崁村21鄰大赤崁407之5號,23.667522,119.60062,,,,,車位:小客車0輛、機車0輛、大客車0輛,,
Taiwan_Gov_OpenData_v2,hotels,Hotel_A15010000H_021673,薰衣草精緻旅店民宿,位於澎湖縣的民宿,馬公市,西文里10鄰西文澳85之1號,23.568214,119.589057,,,,,車位:小客車0輛、機車0輛、大客車0輛,,
Taiwan_Gov_OpenData_v2,hotels,Hotel_A15010000H_021695,寶島別館民宿(特色民宿),澎湖～旅人夏日的離島天堂。不論是擁有浪漫傳說的七美島嶼、特殊而壯觀的玄武岩地形；好玩刺激的水上玩樂遊戲、或是美食人文齊聚的馬公市區，還有吸睛奪目、璀璨耀眼的花火節…等～每一個菊島風情都在呼喚著您～快來澎湖玩一〝夏〞～澎湖住宿‧寶島時尚別館位於熱鬧的馬公市區自民國70年成立以來便一直為遠道而來的旅客及商務人士提供便利的溫馨住居。別館座落的駐地位置，讓住客們都能擁有完善的生活機能及便利的交通位置。精緻時尚的住宿品質，讓來賓都能感受一場極致放鬆的舒適饗宴。「澎湖住宿‧寶島時尚別館」提供多種不同風格的精緻房型，包含：湛藍簡約的北歐丹麥風情、簡潔奢華的現代主義時尚風格、鮮明藝術的視覺情境風格及藍白相映的地中海度假風格…等，不同的房間設計及風格佈景，卻擁有相同的簡約舒適、典雅氣息，讓旅人們都能夠充分感受到澎湖的悠閒輕快。,馬公市,陽明里新生路140號,23.570143,119.573929,,,,,車位:小客車0輛、機車0輛、大客車0輛,,
Taiwan_Gov_OpenData_v2,hotels,Hotel_A15010000H_021707,微笑民宿,位於澎湖縣的民宿,馬公市,光榮里22鄰成功街73號,23.5749841,119.5689684,,,,,車位:小客車0輛、機車0輛、大客車0輛,,
Taiwan_Gov_OpenData_v2,hotels,Hotel_A15010000H_021708,圓圓民宿,歡迎來到我們的民宿，這裡是一個結合舒適、溫馨與在地風情的休憩空間。遠離城市喧囂，讓旅人能在輕鬆自在的氛圍中，好好放慢腳步、享受生活。我們用心打造每一個角落，從乾淨整潔的房間，到貼心齊全的設施，希望讓每一位入住的旅客，都能有回到家的安心與放鬆。無論是三五好友出遊、家庭旅行，或是一個人的靜心之旅，都非常適合。在這裡，你不只是過夜，而是體驗一段溫暖的旅程。我們也樂於分享在地美食與私房景點，讓你的旅行更加豐富難忘。期待與你相遇，為你的旅途增添一份美好回憶。,馬公市,安宅里170之2號,23.578963,119.603654,,,,,車位:小客車0輛、機車0輛、大客車0輛,,
Taiwan_Gov_OpenData_v2,hotels,Hotel_A15010000H_021756,長成民宿,位於澎湖縣的民宿,馬公市,西衛里12鄰西衛83之68號,23.5775826,119.5817187,,,,,車位:小客車5輛、機車6輛、大客車0輛,,
Taiwan_Gov_OpenData_v2,hotels,Hotel_A15010000H_021782,頌華私墅貳區民宿,S.H. Villa 位於澎湖湖西鄉，提供私人別墅和海景房，融合了舒適、自然風光和周到的服務，讓您放慢腳步，呼吸海風，體驗真正的島嶼生活。,湖西鄉,許家村6鄰港子尾120之2號,23.587556,119.609413,,,,,車位:小客車0輛、機車0輛、大客車0輛,,
Taiwan_Gov_OpenData_v2,hotels,Hotel_A15010000H_021787,愛澎湖民宿,位於澎湖縣的民宿,湖西鄉,東石村5鄰東石43號,23.5830496,119.6227979,,,,,車位:小客車0輛、機車0輛、大客車0輛,,
Taiwan_Gov_OpenData_v2,hotels,Hotel_A15010000H_021888,七桃神話民宿(特色民宿),位於澎湖縣的民宿,馬公市,東文里文明路117巷38號,23.561961,119.586332,,,,,車位:小客車0輛、機車0輛、大客車0輛,,
Taiwan_Gov_OpenData_v2,hotels,Hotel_A15010000H_021915,飛樂密星空號民宿,位於澎湖縣的民宿,馬公市,山水里22鄰珠江182號,23.5168372,119.5963033,,,,,車位:小客車5輛、機車5輛、大客車0輛,,https://taiwan.taiwanstay.net.tw/twpic/68253.JPG?v=20260831
Taiwan_Gov_OpenData_v2,hotels,Hotel_A15010000H_021917,米悅民宿二館,位於澎湖縣的民宿,馬公市,西衛里26鄰西衛693號,23.5824567,119.578911,,,,,車位:小客車0輛、機車0輛、大客車0輛,,
Taiwan_Gov_OpenData_v2,hotels,Hotel_A15010000H_022002,沐之霖民宿,位於澎湖縣的民宿,馬公市,光明里28鄰忠孝路89巷19號,23.5729237,119.5671671,,,,,車位:小客車0輛、機車0輛、大客車0輛,,https://taiwan.taiwanstay.net.tw/twpic/184281.jpg?v=20260831
Taiwan_Gov_OpenData_v2,hotels,Hotel_A15010000H_022003,海的女兒民宿,位於澎湖縣的民宿,湖西鄉,隘門村11鄰隘門102之3號,23.5547805,119.6389041,,,,,車位:小客車0輛、機車0輛、大客車0輛,,
Taiwan_Gov_OpenData_v2,hotels,Hotel_A15010000H_022004,阮家好民宿,位於澎湖縣的民宿,湖西鄉,林投村1鄰林投88之31號,23.561856,119.6421799,,,,,車位:小客車0輛、機車0輛、大客車0輛,,
Taiwan_Gov_OpenData_v2,hotels,Hotel_A15010000H_022005,東吉的家民宿,位於澎湖縣的民宿,望安鄉,東吉村9鄰東吉61號,23.2558333,119.66861,,,,,車位:小客車0輛、機車0輛、大客車0輛,,
Taiwan_Gov_OpenData_v2,hotels,Hotel_A15010000H_022006,熱海澎湖灣民宿,位於澎湖縣的民宿,馬公市,鎖港里6鄰鎖管港410號2樓,23.5240828,119.6035694,,,,,車位:小客車0輛、機車0輛、大客車0輛,,
Taiwan_Gov_OpenData_v2,hotels,Hotel_A15010000H_022007,海洋魚樂民宿,位於澎湖縣的民宿海洋魚樂民宿,馬公市,西衛里25鄰西衛369號,23.571033,119.580614,,,,,車位:小客車0輛、機車0輛、大客車0輛,,
Taiwan_Gov_OpenData_v2,hotels,Hotel_A15010000H_022008,妮可民宿,位於澎湖縣的民宿,馬公市,西文里11鄰西文澳710號,23.5650194,119.5824758,,,,,車位:小客車0輛、機車0輛、大客車0輛,,
Taiwan_Gov_OpenData_v2,hotels,Hotel_A15010000H_022026,風嚮心座民宿,位於澎湖縣的民宿,馬公市,西衛里17鄰西衛136之19號,23.5836427,119.5826518,,,,,車位:小客車0輛、機車0輛、大客車0輛,,
Taiwan_Gov_OpenData_v2,hotels,Hotel_A15010000H_022044,大風吹民宿二館,位於澎湖縣的民宿,馬公市,西衛里24鄰西衛232之33號,23.5837802,119.5820876,,,,,車位:小客車0輛、機車0輛、大客車0輛,,
Taiwan_Gov_OpenData_v2,hotels,Hotel_A15010000H_022052,歸來民宿,位於澎湖縣的民宿,馬公市,西衛里26鄰西衛691號,23.586796,119.583234,,,,,車位:小客車0輛、機車0輛、大客車0輛,https://www.facebook.com/TurtleComePHBB/,
Taiwan_Gov_OpenData_v2,hotels,Hotel_A15010000H_022079,想睡就睡民宿,位於澎湖縣的民宿,馬公市,前寮里1鄰前寮21之28號,23.5542923,119.5847087,,,,,車位:小客車0輛、機車0輛、大客車0輛,,
Taiwan_Gov_OpenData_v2,hotels,Hotel_A15010000H_022092,天強民宿,"位於澎湖縣的民宿2019年4月全新開幕的天強民宿, 位於石泉里2-56號,騎車約十分鐘可抵達市區或機場,交通便利,每個房間都是木質地板,提供旅客優質且經濟的住宿選擇.也可以包棟喔~",馬公市,石泉里17鄰石泉2之56號,23.5607815,119.5948723,,,,,車位:小客車1輛、機車10輛、大客車0輛,https://gopenghu.ego.tw/room.html#menu,
Taiwan_Gov_OpenData_v2,hotels,Hotel_A15010000H_022094,小淋竹灣故鄉民宿,位於澎湖縣的民宿,西嶼鄉,竹灣村26鄰竹篙灣11之7號,23.6339442,119.5055769,,,,,車位:小客車0輛、機車0輛、大客車0輛,,
Taiwan_Gov_OpenData_v2,hotels,Hotel_A15010000H_022095,覓淨拾光輕旅民宿,位於澎湖縣的民宿,馬公市,東文里15鄰東文澳229號,23.562244,119.584626,,,,,車位:小客車0輛、機車0輛、大客車0輛,https://penghu-mjsg.com/,
Taiwan_Gov_OpenData_v2,hotels,Hotel_A15010000H_022096,果果民宿,位於澎湖縣的民宿,馬公市,西衛里25鄰西衛368號,23.5836427,119.5826518,,,,,車位:小客車0輛、機車0輛、大客車0輛,,
Taiwan_Gov_OpenData_v2,hotels,Hotel_A15010000H_022097,貝富門澎湖灣行旅,前身是莒光新村的澎湖灣行旅，是跨越日據和國民政府兩個時代的歷史眷村，為全台最古老的眷村。渡假村共60間客房。每房皆是獨立的一棟平房在紅磚、水泥，乃至鋼筋等建築材料出現以前，澎湖的住宅多半由咾咕石或澎湖特有的玄武岩岩塊搭建的。渡假村所有客房所間隔的矮牆就是由咾咕石堆砌而成，房屋牆體外觀也可以看到一塊塊的玄武岩蹤影走在清幽恬靜的園區中，可以感受到這裡的寧靜與美好。園區每一角都充滿著懷舊復古的眷村味，彷彿穿越到純樸的50-60年代,馬公市,復興里10鄰莒光村81號,23.5636814,119.5622414,,,,,車位:小客車9輛、機車40輛、大客車4輛,https://www.phb-resort.com.tw,https://taiwan.taiwanstay.net.tw/twpic/78518.jpg?v=20260831
Taiwan_Gov_OpenData_v2,hotels,Hotel_A15010000H_022102,沐日海邊民宿,位於澎湖縣的民宿,馬公市,鎖港里1鄰鎖管港42之36號,23.5329065,119.6077402,,,,,車位:小客車0輛、機車0輛、大客車0輛,,
Taiwan_Gov_OpenData_v2,hotels,Hotel_A15010000H_022103,旅采民宿,"地理簡介民宿位於澎湖南環島地區，週圍有森林、潮間帶、濕地公園、一望無際海水及金黃色沙灘，澎南地區可謂澎湖觀光景點一級戰區。有著名鎖港鎮風石塔、山水濕地公園、山水沙灘山水、三零海景高地公園、蒔裡沙灘、青灣玄武岩、青灣仙人掌公園、蛇頭山、風櫃洞、民宿主人提倡自由行漫活之旅，喜歡民宿地理位置在這些光觀景點的旅人們歡迎你們來找我。民宿介紹旅采民宿是負責人所屬營業行政結構之一，將娛樂休閒結合旅遊及旅宿是我們主要發展，我們的營業除了提供旅宿、在負責人營運結構內還有音樂展演、水域遊憩活動、小船營業、汽機車承租、干貝醬冰品販售,希望透過旅遊來到我們民宿的旅人們，都能夠留下美好的回憶，並對我們有進一步的認識。民宿特色建築面於森林及背海位置,於是在整體建築外觀造型,以簡易鄉村風格結合現代建築設計,希望能呈現給旅人回到家後舒適又溫馨的感覺,所以民宿庭院內外規劃及大廳房間都以現有空間,簡易規劃出溫馨簡易鄉村風格,管家為了打造獨一無二森林與花園結合,從民宿出入口道路至民宿營造出約200米長九重葛花樹一路至民宿, 每日晨間一早可感受鳥鳴花香的氣息,傍晚日落有蟲鳴蛙叫交響樂,這就是旅采民宿。",馬公市,五德里1鄰雞母塢216號,23.5290453,119.5858296,,,,,車位:小客車2輛、機車8輛、大客車1輛,,
Taiwan_Gov_OpenData_v2,hotels,Hotel_A15010000H_022150,柒壹壹民宿,位於澎湖縣的民宿,馬公市,西文里11鄰西文澳711號,23.5650194,119.5824758,,,,,車位:小客車0輛、機車0輛、大客車0輛,,
Taiwan_Gov_OpenData_v2,hotels,Hotel_A15010000H_022151,猴子旅行民宿,位於澎湖縣的民宿,馬公市,西衛里23鄰五福路3巷32弄27號,23.5792926,119.5754709,,,,,車位:小客車0輛、機車0輛、大客車0輛,,
Taiwan_Gov_OpenData_v2,hotels,Hotel_A15010000H_022155,紫晶灣主題民宿二館,位於澎湖縣的民宿,馬公市,東文里15鄰東文澳227號,23.562244,119.584626,,,,,車位:小客車0輛、機車0輛、大客車0輛,,
Taiwan_Gov_OpenData_v2,hotels,Hotel_A15010000H_022367,悅洋海景民宿,位於澎湖縣的民宿,馬公市,西衛里12鄰西衛83之46號,23.5836427,119.5826518,,,,,車位:小客車0輛、機車0輛、大客車0輛,,
Taiwan_Gov_OpenData_v2,hotels,Hotel_A15010000H_022369,咾咕墩民宿,位於澎湖縣的民宿,馬公市,東衛里19鄰東衛6之15號,23.569955,119.598724,,,,,車位:小客車0輛、機車0輛、大客車0輛,,
Taiwan_Gov_OpenData_v2,hotels,Hotel_A15010000H_022372,好窩民宿,位於澎湖縣的民宿,馬公市,前寮里3鄰前寮16之23號,23.5542923,119.5847087,,,,,車位:小客車0輛、機車0輛、大客車0輛,,
Taiwan_Gov_OpenData_v2,hotels,Hotel_A15010000H_022374,歐兔民宿,位於澎湖縣的民宿,馬公市,東衛里19鄰東衛6之10號,23.569955,119.598724,,,,,車位:小客車0輛、機車0輛、大客車0輛,,
Taiwan_Gov_OpenData_v2,hotels,Hotel_A15010000H_022559,白色摩卡民宿,位於澎湖縣的民宿,馬公市,鎖港里1鄰鎖管港46之7號,23.5314506,119.6069222,,,,,車位:小客車0輛、機車0輛、大客車0輛,,
Taiwan_Gov_OpenData_v2,hotels,Hotel_A15010000H_022560,那個慢活咖啡民宿,位於澎湖縣的民宿旅宿簡介,湖西鄉,許家村1鄰港子尾2之10號,23.647247,119.598976,,,,,車位:小客車0輛、機車0輛、大客車0輛,,
Taiwan_Gov_OpenData_v2,hotels,Hotel_A15010000H_022562,菊島野小孩民宿,位於澎湖縣的民宿,馬公市,興仁里9鄰双頭掛210之1號,23.551355,119.6155296,,,,,車位:小客車0輛、機車0輛、大客車0輛,,
Taiwan_Gov_OpenData_v2,hotels,Hotel_A15010000H_022563,小茉莉民宿,我們是位於澎湖縣馬公市的小茉莉民宿是樸實簡約的居家旅宿，有明亮的採光，乾淨寬敞的環境，備有小型會議室可使用，有創意手作教學，分享帶動歡樂的氣氛，還有一個療癒身心的後園區，一草一木都能舒緩疲憊的心靈，優閒的緩旅行，不急不徐，小茉莉民宿的緩慢旅行,馬公市,石泉里15鄰石泉1之550號,23.5613199,119.5943954,,,,,車位:小客車0輛、機車0輛、大客車0輛,,
Taiwan_Gov_OpenData_v2,hotels,Hotel_A15010000H_022584,海宅日記民宿,位於澎湖縣的民宿,馬公市,安宅里7鄰宅腳嶼350號,23.578478,119.603948,,,,,車位:小客車0輛、機車0輛、大客車0輛,,
Taiwan_Gov_OpenData_v2,hotels,Hotel_A15010000H_022588,住海邊民宿,位於湖西鄉許家村地理位置居中不論北環、南環、東環都非常方便距離馬公市區也僅10分鐘車程民宿遼闊、悠閒、 舒適、慢活的風格歡迎您慢慢品味澎湖的美眺望澎湖內海及跨海大橋、西嶼落霞的視野也適合來到澎湖享受完全的放鬆、心靈的充電民宿備有電梯、另提供洗衣機、烘衣機及機車，經由官網訂房均免費使用讓您享有最方便的旅行,湖西鄉,許家村3鄰港子尾66號,23.5865986,119.6107953,,,,,車位:小客車5輛、機車20輛、大客車0輛,,
Taiwan_Gov_OpenData_v2,hotels,Hotel_A15010000H_022589,享玩民宿,位於澎湖縣的民宿,馬公市,東文里7鄰文明路126巷30弄6號,23.5590226,119.5863362,,,,,車位:小客車0輛、機車0輛、大客車0輛,,
Taiwan_Gov_OpenData_v2,hotels,Hotel_A15010000H_022590,島上小築民宿,位於澎湖縣的民宿,馬公市,東衛里19鄰東衛6之16號,23.569955,119.598724,,,,,車位:小客車0輛、機車0輛、大客車0輛,,
Taiwan_Gov_OpenData_v2,hotels,Hotel_A15010000H_022748,鎖港觀止民宿,位於澎湖縣的民宿,馬公市,鎖港里19鄰鎖管港1462號,23.524221,119.596379,,,,,車位:小客車5輛、機車10輛、大客車0輛,http://www.suogang.com.tw/,
Taiwan_Gov_OpenData_v2,hotels,Hotel_A15010000H_022749,左轉民宿,位於澎湖縣的民宿,馬公市,石泉里17鄰石泉2之57號,23.5607815,119.5948723,,,,,車位:小客車0輛、機車0輛、大客車0輛,https://turnleft2.okgo.tw/#menu,
Taiwan_Gov_OpenData_v2,hotels,Hotel_A15010000H_022750,初心輕旅民宿,位於澎湖縣的民宿,馬公市,鐵線里7鄰鐵線尾6之1號,23.5360581,119.6012277,,,,,車位:小客車0輛、機車0輛、大客車0輛,,
Taiwan_Gov_OpenData_v2,hotels,Hotel_A15010000H_022751,國境之藍民宿,位於澎湖縣的民宿,馬公市,嵵裡里5鄰嵵裡37號,23.5257437,119.5675181,,,,,車位:小客車0輛、機車0輛、大客車0輛,,
Taiwan_Gov_OpenData_v2,hotels,Hotel_A15010000H_022752,起司民宿,位於澎湖縣中心點的起司＋餅乾民宿是最兼具便利及度假地點的民宿從民宿出發可以接到 東、南、北環線，以及四公里的距離及可以抵達市中心鬧區。,馬公市,安宅里11鄰宅腳嶼160之3號,23.578478,119.603948,,,,,車位:小客車0輛、機車0輛、大客車0輛,,
Taiwan_Gov_OpenData_v2,hotels,Hotel_A15010000H_022753,餅乾民宿,位於澎湖縣中心點的起司＋餅乾民宿是最兼具便利及度假地點的民宿從民宿出發可以接到 東、南、北環線，以及四公里的距離及可以抵達市中心鬧區。,馬公市,安宅里11鄰宅腳嶼160之5號,23.578478,119.603948,,,,,車位:小客車0輛、機車0輛、大客車0輛,,
Taiwan_Gov_OpenData_v2,hotels,Hotel_A15010000H_022756,邁福連民宿,我们是澎湖的迈福连民宿，以【交朋友】的心态对待每位客人，希望来玩的朋友都有宾至如归的感受，小编必当竭尽所能带您体会澎湖之美，欢迎大家来玩!,馬公市,五德里1鄰雞母塢142號,23.5290453,119.5858296,,,,,車位:小客車0輛、機車0輛、大客車0輛,https://www.facebook.com/MyFriends142/,https://taiwan.taiwanstay.net.tw/twpic/164143.jpg?v=20260831
Taiwan_Gov_OpenData_v2,hotels,Hotel_A15010000H_022757,夏澄民宿一館,位於澎湖縣的民宿,白沙鄉,通梁村1鄰通梁25之9號,23.6671929,119.583009,,,,,車位:小客車0輛、機車0輛、大客車0輛,,
Taiwan_Gov_OpenData_v2,hotels,Hotel_A15010000H_022758,夏澄民宿二館,位於澎湖縣的民宿,白沙鄉,通梁村1鄰通梁25之8號,23.6671929,119.583009,,,,,車位:小客車0輛、機車0輛、大客車0輛,,
Taiwan_Gov_OpenData_v2,hotels,Hotel_A15010000H_022759,型藍美旅民宿,位於澎湖縣的民宿,馬公市,重光里4鄰五福路138巷72號,23.5831024,119.5750712,,,,,車位:小客車0輛、機車0輛、大客車0輛,,https://taiwan.taiwanstay.net.tw/twpic/350521.jpg?v=20260831
Taiwan_Gov_OpenData_v2,hotels,Hotel_A15010000H_022760,型藍美旅民宿一館,位於澎湖縣的民宿,馬公市,重光里4鄰五福路138巷70號,23.5824763,119.5757622,,,,,車位:小客車0輛、機車0輛、大客車0輛,,
Taiwan_Gov_OpenData_v2,hotels,Hotel_A15010000H_022761,風沙月民宿二館,位於澎湖縣的民宿,馬公市,光復里18鄰中華路39之1號,23.569044,119.5692665,,,,,車位:小客車0輛、機車0輛、大客車0輛,,
Taiwan_Gov_OpenData_v2,hotels,Hotel_A15010000H_022762,順盈民宿,位於澎湖縣的民宿,馬公市,重光里2鄰後窟潭6之46號,23.5815704,119.5702141,,,,,車位:小客車0輛、機車0輛、大客車0輛,https://shunying.mystrikingly.com/,
Taiwan_Gov_OpenData_v2,hotels,Hotel_A15010000H_022764,彩色氣球民宿,位於澎湖縣的民宿,馬公市,長安里3鄰中正路7巷8號,23.5660442,119.5648611,,,,,車位:小客車0輛、機車0輛、大客車0輛,,
Taiwan_Gov_OpenData_v2,hotels,Hotel_A15010000H_022823,黃金海岸民宿,位於澎湖縣的民宿,湖西鄉,隘門村12鄰隘門109-6號,23.5547805,119.6389041,,,,,車位:小客車0輛、機車0輛、大客車0輛,,
Taiwan_Gov_OpenData_v2,hotels,Hotel_A15010000H_022845,型藍美旅民宿二館,位於澎湖縣的民宿,馬公市,重光里4鄰五福路138巷66號,23.5824764,119.5757619,,,,,車位:小客車0輛、機車0輛、大客車0輛,,
Taiwan_Gov_OpenData_v2,hotels,Hotel_A15010000H_022846,型藍美旅民宿三館,位於澎湖縣的民宿,馬公市,重光里4鄰五福路138巷62號,23.5824765,119.5757615,,,,,車位:小客車0輛、機車0輛、大客車0輛,,
Taiwan_Gov_OpenData_v2,hotels,Hotel_A15010000H_022890,享來民宿,位於澎湖縣的民宿,湖西鄉,許家村1鄰港子尾130號,23.5824027,119.6097818,,,,,車位:小客車0輛、機車0輛、大客車0輛,,
Taiwan_Gov_OpenData_v2,hotels,Hotel_A15010000H_022891,暘光橘子民宿,暘光橘子民宿位於澎湖縣馬公市西文區，於204縣道上，距離馬公機場車程約10分鐘、中正路商圈約車程15分鐘，民宿周邊有7-11、全家、全聯，能夠提供購買生活用品的便利性，以及星巴克、3號港免稅店、在地小吃、南海遊客中心、澎湖五星級大飯店等等，車程都在10分鐘之內即可抵達，周邊生活機能超便利，是個鬧中取靜的民宿首選之一！暘光橘子民宿在2020年1月正式開幕～～民宿是一間全新的建築，房間裝潢雖不華麗但也不簡單，以整潔乾淨為主、簡單的擺飾為輔，主要希望能夠讓人在異地也能住在像自己房間那種舒適自在、又可以透過房間的擺飾風格不知不覺中了解民宿主人的喜好，更容易有話題成為朋友。對我們來說客人不只是客人，更是家人也是朋友，招待旅人就像是招待朋友一般。希望大家都能在我們溫馨熱情的款待下，讓您感受到賓至如歸，並能帶回滿滿的旅遊回憶。我們的服務！您的滿意！我們的微笑！你的好心情！,馬公市,西文里22鄰西文澳185-3號,23.5650194,119.5824758,,,,,車位:小客車0輛、機車0輛、大客車0輛,http://gamastay.com/,https://taiwan.taiwanstay.net.tw/twpic/179654.jpg?v=20260831
Taiwan_Gov_OpenData_v2,hotels,Hotel_A15010000H_022892,小歇一夏民宿,位於澎湖縣的民宿,馬公市,西文里22鄰西文澳185-8號,23.5650194,119.5824758,,,,,車位:小客車0輛、機車0輛、大客車0輛,,
Taiwan_Gov_OpenData_v2,hotels,Hotel_A15010000H_023133,唐菓民宿,位於澎湖縣的民宿,馬公市,鐵線里1鄰鐵線尾119號,23.5319372,119.6003015,,,,,車位:小客車0輛、機車0輛、大客車0輛,,
Taiwan_Gov_OpenData_v2,hotels,Hotel_A15010000H_023136,開心果一民宿,位於澎湖縣的民宿,馬公市,鐵線里1鄰鐵線尾117號,23.5319372,119.6003015,,,,,車位:小客車0輛、機車0輛、大客車0輛,,
Taiwan_Gov_OpenData_v2,hotels,Hotel_A15010000H_023137,北極星民宿,位於澎湖縣的民宿,馬公市,重光里10鄰後窟潭400號,23.5815704,119.5702141,,,,,車位:小客車0輛、機車0輛、大客車0輛,,
Taiwan_Gov_OpenData_v2,hotels,Hotel_A15010000H_023138,海上人家民宿二館,位於澎湖縣的民宿,馬公市,烏崁里1鄰烏崁105之78號,23.550192,119.6238368,,,,,車位:小客車0輛、機車0輛、大客車0輛,,
Taiwan_Gov_OpenData_v2,hotels,Hotel_A15010000H_023152,享樂民宿,位於澎湖縣的民宿,馬公市,西文里22鄰西文澳185之18號,23.5650194,119.5824758,,,,,車位:小客車0輛、機車0輛、大客車0輛,,
Taiwan_Gov_OpenData_v2,hotels,Hotel_A15010000H_023153,南滬伍柒民宿,"更多優惠與聯絡資訊，可前往本民宿網站 ，也可以搜尋""南滬57民宿""。誠摯歡迎您~民宿全館原木傢俱，離港口與機場只有幾百公尺，能避開港口與機場的吵雜環境，散步幾分鐘卻也能到達，相當便利幽靜。 希望您能多駐足幾天，慢慢認識七美小島。 來澎湖七美，不要來匆匆、去匆匆的一日遊，會影響您旅遊的興致，放空也好、閒晃也好、海邊戲水浮潛也好，吃道地海味是必要(特鮮)，偶而會有驚奇海味哦~~在幸福七美島多駐留一下，您自然會把步調放慢，感受這個小島的氣息。澎湖七美雙心石滬、七美嶼、七美小臺灣、七美人塚、七美月鯉灣、七美嶼燈塔、七美大獅龍程風景區、七美龍埕海蝕平台、七美望夫石、七美南嶼城、七美牛母坪、七美水庫、澎湖七美鄭家莊、七美大灣燈塔、澎湖七美新教堂、澎湖七美南滬港。 浪漫、景點、賞日出、夕陽、浮潛、踏浪、旅遊、釣魚",七美鄉,南港村11鄰南滬57號,23.1995507,119.4215798,,,,,車位:小客車0輛、機車0輛、大客車0輛,http://www.nahu57.com,https://taiwan.taiwanstay.net.tw/twpic/101507.jpg?v=20260831
Taiwan_Gov_OpenData_v2,hotels,Hotel_A15010000H_023220,澎旅民宿,澎旅品花灣花藝民宿的老闆是道地的澎湖人，年輕時創業從事仿真花進口，可說是台灣花界數一數二的進口商，2020的這一年，他運用自己進口的花材結合精緻的裝潢，重金打造一個以花為中心，可體驗享、泊、遊、膳的一個精品民宿！從裝潢到飲食都為圍繞著花為中心！打造一個全新的美學之旅 ！,馬公市,西衛里25鄰西衛563號,23.5909146,119.5824207,,,,,車位:小客車0輛、機車0輛、大客車0輛,,https://taiwan.taiwanstay.net.tw/twpic/101739.jpg?v=20260831
Taiwan_Gov_OpenData_v2,hotels,Hotel_A15010000H_023286,水垵山水灣民宿,位於澎湖縣的民宿,望安鄉,水垵村19鄰水垵167號,23.3882972,119.4955538,,,,,車位:小客車0輛、機車0輛、大客車0輛,,
Taiwan_Gov_OpenData_v2,hotels,Hotel_A15010000H_023287,原慕心民宿,位於澎湖縣的民宿,馬公市,鐵線里1鄰鐵線尾118號,23.5319372,119.6003015,,,,,車位:小客車0輛、機車0輛、大客車0輛,,
Taiwan_Gov_OpenData_v2,hotels,Hotel_A15010000H_023288,媽宮古街10號民宿,媽宮古街10號民宿座落於馬公市的中央街，這裡是澎湖先民最早開拓和聚集的歷史特定風景區。雖然我們位於古老的街道中，但我們的民宿卻散發著全新的活力。在民國94年，由於建築物年久失修，已無法居住，在政府的批准下，我們對房屋進行了重新改建，並細心保留了每一塊磚瓦的歷史風貌。來到這裡，您彷彿置身於民國初年的時光中。               我們的民宿地理位置極為便利，處於市中心的一隅，遠離喧囂。周邊有多處一級古蹟，如天后宮、台廈郊會館（水仙宮）、萬軍井、四眼井、施公祠等，均可輕鬆步行到達。您可以在這古色古香的老街中漫步，感受早期先民的生活風情。除此之外，我們的民宿四通八達，無論是前往觀音亭海水浴場欣賞花火，還是到中正路鬧區、漁人碼頭等市區景點，都是十分便捷的選擇。 我們真誠地邀請每一位旅客放慢腳步，體驗穿越時光的感覺，沉浸在媽宮古街10號民宿的獨特魅力中。 ☆我們的榮譽：◆2023年榮獲「永續低碳島，節電更美好」節電競賽第一名◆2024年1月被評為「好客民宿」◆提供旅遊介紹及客制化服務​☆貼心小提醒：◆為了保留歷史風貌，本民宿為三層樓建築，無電梯設施，但我們有強壯的小幫手可以協助搬運行李。◆由於位於市中心的老街內，停車可能稍有不便，但我們的小幫手可以提供詳盡的停車資訊。​☆★☆訂房後，請務必加入我們的官方LINE：@mk864，獲取更多資訊！,馬公市,中央里4鄰中央街10號,23.5643412,119.5646652,,,,,車位:小客車0輛、機車0輛、大客車0輛,https://yu9117.wixsite.com/ancientstreet,https://taiwan.taiwanstay.net.tw/twpic/75857.jpg?v=20260831
Taiwan_Gov_OpenData_v2,hotels,Hotel_A15010000H_023289,海與天民宿,位於澎湖縣的民宿,馬公市,西衛里29鄰六合路458巷1弄10號,23.573793,119.5811164,,,,,車位:小客車0輛、機車0輛、大客車0輛,,
Taiwan_Gov_OpenData_v2,hotels,Hotel_A15010000H_023344,佳來民宿,位於澎湖縣的民宿,馬公市,安宅里11鄰宅腳嶼161之1號,23.578478,119.603948,,,,,車位:小客車0輛、機車0輛、大客車0輛,,
Taiwan_Gov_OpenData_v2,hotels,Hotel_A15010000H_023345,嗨民宿,位於澎湖縣的民宿,馬公市,西衛里25鄰西衛952號,23.5836427,119.5826518,,,,,車位:小客車0輛、機車0輛、大客車0輛,,
Taiwan_Gov_OpenData_v2,hotels,Hotel_A15010000H_023397,居六民宿,位於澎湖縣的民宿,馬公市,東衛里7鄰東衛71之8號,23.56776,119.60216,,,,,車位:小客車0輛、機車0輛、大客車0輛,,
Taiwan_Gov_OpenData_v2,hotels,Hotel_A15010000H_023398,起點旅行民宿,位於澎湖縣的民宿,馬公市,中興里3鄰文化路18之1號,23.5683147,119.5675467,,,,,車位:小客車0輛、機車0輛、大客車0輛,,
Taiwan_Gov_OpenData_v2,hotels,Hotel_A15010000H_024027,島旅人民宿,【遠離塵世的理想鄉】座落於馬公市區卻不染世俗的喧囂，港口內停泊的每一艘船都有著他們的故事等著您翻閱。來到澎湖暫且化為島嶼的一份子，一同飽覽海島的風光明媚。為此而生的島旅人民宿是您洗盡每日鉛華、充足每日精神、暢遊海島風光的最佳休憩之地。,馬公市,啟明里14鄰民權路9號,23.5638002,119.5669694,,,,,車位:小客車0輛、機車0輛、大客車0輛,https://www.penghu-tropicalhouse.com/,
Taiwan_Gov_OpenData_v2,hotels,Hotel_A15010000H_024031,菊逸居民宿,於2019年完工，2020年開始營業至今澎湖縣合法民宿編號-872一位澎湖出生、在地成長的青年，在這座名為菊島這片土地上築起一間夢想，願帶給每位到來的旅客一個安逸舒適居住環境，故命名為「菊逸居」在這裡，我們不僅會分享這座島嶼上各式各樣的在地美食、刺激有趣的體驗活動外，更希望推廣我們的在地文化、歷史人文與環境低碳永續，也能多認識生活在這座小島上的我們~~,馬公市,東衛里19鄰東衛6之17號,23.569955,119.598724,,,,,車位:小客車0輛、機車0輛、大客車0輛,https://www.facebook.com/juyijupenghuhomestay/,https://taiwan.taiwanstay.net.tw/twpic/349317.jpg?v=20260831
Taiwan_Gov_OpenData_v2,hotels,Hotel_A15010000H_024265,愛輕旅民宿,位於澎湖縣的民宿,馬公市,鐵線里1鄰鐵線尾115號,23.5319372,119.6003015,,,,,車位:小客車0輛、機車0輛、大客車0輛,,
Taiwan_Gov_OpenData_v2,hotels,Hotel_A15010000H_025528,雞母塢民宿,位於澎湖縣的民宿,馬公市,五德里1鄰雞母塢148號,23.5290453,119.5858296,,,,,車位:小客車0輛、機車0輛、大客車0輛,,
Taiwan_Gov_OpenData_v2,hotels,Hotel_A15010000H_025529,杰源民宿,位於澎湖縣的民宿,湖西鄉,隘門村18鄰隘門168之1號,23.557116,119.630825,,,,,車位:小客車0輛、機車0輛、大客車0輛,,
Taiwan_Gov_OpenData_v2,hotels,Hotel_A15010000H_025530,加倍遊民宿,位於澎湖縣的民宿,馬公市,安宅里11鄰宅腳嶼160號,23.578478,119.603948,,,,,車位:小客車0輛、機車0輛、大客車0輛,https://www.facebook.com/uustay/,
Taiwan_Gov_OpenData_v2,hotels,Hotel_A15010000H_025748,星晴海景民宿,位於澎湖縣的民宿,馬公市,五德里1鄰雞母塢33之1號,23.5290453,119.5858296,,,,,車位:小客車0輛、機車0輛、大客車0輛,,
Taiwan_Gov_OpenData_v2,hotels,Hotel_A15010000H_025749,陽光空氣水海景民宿,位於澎湖縣的民宿,馬公市,五德里1鄰雞母塢33之2號,23.5290453,119.5858296,,,,,車位:小客車0輛、機車0輛、大客車0輛,,
Taiwan_Gov_OpenData_v2,hotels,Hotel_A15010000H_025750,來一客民宿,位於澎湖縣的民宿,白沙鄉,通梁村2鄰通梁66之15號,23.659016,119.560456,,,,,車位:小客車0輛、機車0輛、大客車0輛,,
Taiwan_Gov_OpenData_v2,hotels,Hotel_A15010000H_025795,夏日南風民宿,位於澎湖縣的民宿,馬公市,東文里4鄰民富街48巷3號,23.5620192,119.5826963,,,,,車位:小客車0輛、機車0輛、大客車0輛,,
Taiwan_Gov_OpenData_v2,hotels,Hotel_A15010000H_025911,舞所蔚民宿,位於澎湖縣的民宿,馬公市,鐵線里1鄰鐵線尾116號,23.5319372,119.6003015,,,,,車位:小客車0輛、機車0輛、大客車0輛,,
Taiwan_Gov_OpenData_v2,hotels,Hotel_A15010000H_025919,拾滬民宿,位於澎湖縣的民宿,湖西鄉,沙港村1鄰沙港138之8號,23.604352,119.624557,,,,,車位:小客車0輛、機車0輛、大客車0輛,,
Taiwan_Gov_OpenData_v2,hotels,Hotel_A15010000H_025920,寶石滬民宿,位於澎湖縣的民宿,湖西鄉,沙港村1鄰沙港138之9號,23.604352,119.624557,,,,,車位:小客車0輛、機車0輛、大客車0輛,,
Taiwan_Gov_OpenData_v2,hotels,Hotel_A15010000H_026068,北極熊一館民宿,位於澎湖縣的民宿,馬公市,東文里7鄰文明路126巷28弄10號,23.5622169,119.5864665,,,,,車位:小客車0輛、機車0輛、大客車0輛,,
Taiwan_Gov_OpenData_v2,hotels,Hotel_A15010000H_026069,北極熊二館民宿,位於澎湖縣的民宿,馬公市,東文里7鄰文明路126巷28弄7號,23.5622169,119.5864665,,,,,車位:小客車0輛、機車0輛、大客車0輛,,
Taiwan_Gov_OpenData_v2,hotels,Hotel_A15010000H_026070,愛玉民宿,位於澎湖縣的民宿,馬公市,安宅里11鄰宅腳嶼161之3號,23.581945,119.602156,,,,,車位:小客車0輛、機車0輛、大客車0輛,,
Taiwan_Gov_OpenData_v2,hotels,Hotel_A15010000H_026072,晨曦海景民宿,位於澎湖縣的民宿,馬公市,鐵線里1鄰鐵線尾81號,23.5370348,119.6041714,,,,,車位:小客車0輛、機車0輛、大客車0輛,https://www.facebook.com/354zexxx/,
Taiwan_Gov_OpenData_v2,hotels,Hotel_A15010000H_026073,海晴民宿,位於澎湖縣的民宿,馬公市,興仁里10鄰雙頭掛653號,23.5503674,119.6146818,,,,,車位:小客車0輛、機車0輛、大客車0輛,,
Taiwan_Gov_OpenData_v2,hotels,Hotel_A15010000H_026075,綠空間民宿,澎湖是個有美麗豐富自然地質地景，歷史人文藝術兼具，海洋漁獲資源生態豐富的地方，適合多次體驗，深度探詢的旅遊景點，春夏秋冬皆有不同呈現的美，無重工業污染的海鮮、在地美食、島嶼、沙灘、潮汐、玄武岩地質、碧海藍天 、晨光暮日....數不清的自然美麗地景等待您來漫遊細細共享體會～  ［綠空間］的設計結合綠能概念，採光通風、自然無漆料的天然石材牆面、室內多用原木設計，衛浴乾濕分離，數位科技馬桶，乳膠獨立筒床墊，房間皆有獨立陽台可欣賞戶外海天美景，各樓層皆有好友們可共享的大露台，每一位來到澎湖旅遊的友人們，能夠放下在城市的煩悶壓力，在綠空間裏簡單的享受放輕鬆的放空日子！  綠空間位處於澎湖鎖港25縣道的海邊，晨曦日落皆可觀賞，能見度佳時更可遠望中央山脈山海連天，距離機場僅5分鐘，隘門金沙灘約6分鐘，山水沙灘更只需3分鐘，夜釣小、海底漫步只需2-3分鐘，至馬公市區僅10分鐘路程，景色地理位置極佳。,馬公市,鎖港里1鄰吉海路1146號,23.529559,119.60108,,,,,車位:小客車2輛、機車10輛、大客車0輛,,
Taiwan_Gov_OpenData_v2,hotels,Hotel_A15010000H_026104,小窩窩民宿,位於澎湖縣的民宿,湖西鄉,城北村1鄰大城北75號,23.5631475,119.6168021,,,,,車位:小客車1輛、機車5輛、大客車0輛,,
Taiwan_Gov_OpenData_v2,hotels,Hotel_A15010000H_026105,小管民宿,"自在的像家一樣的庭院,客廳與廚房,簡單樸素乾乾淨淨的房間,小管民宿自我期許是閑散旅遊澎湖的休息站,是成群好友的另一個聚會處!",馬公市,鎖港里14鄰鎖港六路15號,23.5240417,119.5965646,,,,,車位:小客車0輛、機車0輛、大客車0輛,,
Taiwan_Gov_OpenData_v2,hotels,Hotel_A15010000H_026106,岑之堡民宿,位於澎湖縣的民宿,馬公市,東文里4鄰文學路255巷8號,23.5616131,119.5821806,,,,,車位:小客車2輛、機車7輛、大客車0輛,,
Taiwan_Gov_OpenData_v2,hotels,Hotel_A15010000H_026108,嘎己ㄟ厝民宿,位於澎湖縣的民宿,馬公市,東文里8鄰文山路63巷2號,23.5616252,119.5843524,,,,,車位:小客車0輛、機車0輛、大客車0輛,,
Taiwan_Gov_OpenData_v2,hotels,Hotel_A15010000H_026172,安可民宿,位於澎湖縣的民宿,湖西鄉,許家村1鄰港子尾130之1號,23.5824027,119.6097818,,,,,車位:小客車0輛、機車0輛、大客車0輛,,
Taiwan_Gov_OpenData_v2,hotels,Hotel_A15010000H_026173,歐爸民宿,位於澎湖縣的民宿,馬公市,光華里3鄰光華123之19號,23.5597245,119.6034437,,,,,車位:小客車0輛、機車0輛、大客車0輛,,
Taiwan_Gov_OpenData_v2,hotels,Hotel_A15010000H_026174,鄉間小橘二館民宿,位於澎湖縣的民宿,馬公市,山水里17鄰珠江499號,23.5168372,119.5963033,,,,,車位:小客車8輛、機車30輛、大客車0輛,,
Taiwan_Gov_OpenData_v2,hotels,Hotel_A15010000H_026197,愛漫遊民宿,位於澎湖縣的民宿,馬公市,鎖港里2鄰鎖管港88之8號,23.5307547,119.6024858,,,,,車位:小客車0輛、機車0輛、大客車0輛,,
Taiwan_Gov_OpenData_v2,hotels,Hotel_A15010000H_026295,五月藍天民宿,位於澎湖縣的民宿,馬公市,東文里8鄰文山路63巷2之1號,23.5616252,119.5843524,,,,,車位:小客車0輛、機車0輛、大客車0輛,,
Taiwan_Gov_OpenData_v2,hotels,Hotel_A15010000H_026297,華來華趣民宿,位於澎湖縣的民宿,馬公市,光華里3鄰光華123之15號,23.5597245,119.6034437,,,,,車位:小客車0輛、機車0輛、大客車0輛,,
Taiwan_Gov_OpenData_v2,hotels,Hotel_A15010000H_026298,囬鄉偶寓民宿,位於澎湖縣的民宿,馬公市,石泉里4鄰石泉22之4號,23.560112,119.59497,,,,,車位:小客車0輛、機車0輛、大客車0輛,,
Taiwan_Gov_OpenData_v2,hotels,Hotel_A15010000H_026299,海樂民宿,位於澎湖縣的民宿,馬公市,興仁里9鄰双頭掛316號,23.553972,119.616026,,,,,車位:小客車0輛、機車0輛、大客車0輛,,
Taiwan_Gov_OpenData_v2,hotels,Hotel_A15010000H_026300,葉子民宿,位於澎湖縣的民宿,馬公市,鎖港里6鄰鎖管港436號,23.5240828,119.6035694,,,,,車位:小客車0輛、機車0輛、大客車0輛,,
Taiwan_Gov_OpenData_v2,hotels,Hotel_A15010000H_026301,偉哥的家民宿,位於澎湖縣的民宿,馬公市,西文里21鄰西文澳265號,23.5655471,119.5836976,,,,,車位:小客車0輛、機車0輛、大客車0輛,,
Taiwan_Gov_OpenData_v2,hotels,Hotel_A15010000H_026302,藍風天民宿,位於澎湖縣的民宿,馬公市,嵵裡里2鄰嵵裡55號之1,23.524475,119.570365,,,,,車位:小客車0輛、機車0輛、大客車0輛,,
Taiwan_Gov_OpenData_v2,hotels,Hotel_A15010000H_026303,海龍王休閒民宿,位於澎湖縣的民宿,馬公市,光榮里24鄰三多路370巷17號,23.5771973,119.5702483,,,,,車位:小客車0輛、機車0輛、大客車0輛,,
Taiwan_Gov_OpenData_v2,hotels,Hotel_A15010000H_026304,水連天海景電梯民宿,位於澎湖縣市區的民宿,馬公市,西文里11鄰西文澳501號,23.5690108,119.5952673,,,,,車位:小客車0輛、機車0輛、大客車0輛,,
Taiwan_Gov_OpenData_v2,hotels,Hotel_A15010000H_026305,漫步悠閒民宿,位於澎湖縣的民宿,馬公市,西衛里21鄰五福路3巷8之2號,23.5800326,119.5784924,,,,,車位:小客車0輛、機車0輛、大客車0輛,,
Taiwan_Gov_OpenData_v2,hotels,Hotel_A15010000H_026306,好宅民宿,位於澎湖縣的民宿,馬公市,山水里22鄰珠江187號,23.5168372,119.5963033,,,,,車位:小客車0輛、機車0輛、大客車0輛,,
Taiwan_Gov_OpenData_v2,hotels,Hotel_A15010000H_026351,雲海間民宿,位於澎湖縣的民宿,湖西鄉,城北村1鄰大城北76之1號,23.5631475,119.6168021,,,,,車位:小客車0輛、機車0輛、大客車0輛,,
Taiwan_Gov_OpenData_v2,hotels,Hotel_A15010000H_026352,好山好水民宿,來澎湖享受悠閒渡假的氣息，那自在的氛圍、那舒服的環境、那如家一般的親切～有時溫度剛剛好、有時太陽有點曬，大部分的時候天氣都是爽朗～如同民宿主人般的親切～好山好水民宿成立於2020年，我們的合法編號是918，合法民宿，讓您安心入住，來到這裡，就如同在家一般自在～這裡就是您在澎湖暫時的家～歡迎包棟！來吧！別再猶豫了！交通便利、鬧中取靜的休閒環境，依照旅人不同的需求，分別提供套房、包棟不同的住宿服務，溫馨潔淨、雅緻清新。每一間房間的舒適、整潔、設備都不馬虎，希望給旅客此趟旅程最棒的回憶！鄰近多處知名景點，讓您深刻地感受到屬於澎湖的好，澎湖的美麗風景，澎湖特有的人情味跟淳樸，來這裡放鬆身心呀～,馬公市,山水里13鄰珠江285號,23.5168372,119.5963033,,,,,車位:小客車0輛、機車0輛、大客車0輛,,
Taiwan_Gov_OpenData_v2,hotels,Hotel_A15010000H_026353,就這兒民宿,位於澎湖縣的民宿,馬公市,長安里16鄰永興街6號,23.566587,119.565855,,,,,車位:小客車0輛、機車0輛、大客車0輛,,
Taiwan_Gov_OpenData_v2,hotels,Hotel_A15010000H_026354,星星月亮太陽澎湖民宿,位於澎湖縣的民宿,馬公市,西衛里29鄰六合路458巷1弄9號,23.573796,119.5810507,,,,,車位:小客車0輛、機車0輛、大客車0輛,,
Taiwan_Gov_OpenData_v2,hotels,Hotel_A15010000H_026355,蘿蔔民宿,- 一座隱藏於菊島煙花下的暖心美宿 -　　『澎湖菊島，蘿蔔的橘』，由一位自由派藝術家主理，將情感〝畫〞為藝術，打造出宛如畫廊的住宿空間，每個房間都蘊含獨特故事，融入主理人的藝術創作，讓旅程充滿驚喜與靈感。　　浪漫溫馨的氛圍，遠離城市喧囂的自由夢境，這裡是旅人們的心靈驛站 —— 人生如旅，途中相遇，縱是萍水相逢，也值得片刻駐足相伴。,馬公市,西衛里26鄰西衛689號,23.5837367,119.5822487,,,,,車位:小客車0輛、機車0輛、大客車0輛,https://www.facebook.com/carrothostel1/,
Taiwan_Gov_OpenData_v2,hotels,Hotel_A15010000H_026356,活龍灘民宿,位於澎湖縣鳥嶼的民宿，座落於純樸的離島小漁村，遠離城市的喧囂，一出門就面對整個海景+澎澎灘美景，一覽無遺。,白沙鄉,鳥嶼村10鄰鳥嶼291號3樓,23.659919,119.659798,,,,,車位:小客車0輛、機車0輛、大客車0輛,,
Taiwan_Gov_OpenData_v2,hotels,Hotel_A15010000H_026366,幾何拼圖民宿,位於澎湖縣的民宿,馬公市,石泉里17鄰石泉2之52號,23.560112,119.59497,,,,,車位:小客車0輛、機車0輛、大客車0輛,,
Taiwan_Gov_OpenData_v2,hotels,Hotel_A15010000H_026367,珊瑚龜民宿,位於澎湖縣的民宿澎湖縣馬公市鎖港里鎖港二路45巷27號,馬公市,鎖港里5鄰鎖港二路45巷27號,23.5226726,119.6006511,,,,,車位:小客車0輛、機車0輛、大客車0輛,,
Taiwan_Gov_OpenData_v2,hotels,Hotel_A15010000H_026431,微風時裡民宿,位於澎湖縣的民宿,馬公市,興仁里10鄰双頭掛280號,23.5503674,119.6146818,,,,,車位:小客車0輛、機車0輛、大客車0輛,,
Taiwan_Gov_OpenData_v2,hotels,Hotel_A15010000H_026434,棕旅灣民宿,位於澎湖縣的民宿,馬公市,鐵線里1鄰鐵線尾82號,23.5338953,119.6019611,,,,,車位:小客車0輛、機車0輛、大客車0輛,,
Taiwan_Gov_OpenData_v2,hotels,Hotel_A15010000H_026435,青輕旅民宿,位於澎湖縣的民宿,馬公市,興仁里8鄰双頭掛71之2號,23.5510781,119.6152519,,,,,車位:小客車0輛、機車0輛、大客車0輛,,
Taiwan_Gov_OpenData_v2,hotels,Hotel_A15010000H_026436,鴻滿億民宿,位於澎湖縣的民宿,馬公市,西衛里25鄰西衛382號,23.5855812,119.5791597,,,,,車位:小客車0輛、機車0輛、大客車0輛,,
Taiwan_Gov_OpenData_v2,hotels,Hotel_A15010000H_026437,奧斯卡精品海景民宿,位於澎湖縣的民宿,馬公市,五德里1鄰雞母塢33號,23.526628,119.5859459,,,,,車位:小客車0輛、機車0輛、大客車0輛,https://www.topvilla.top/product/product.php?lang=tc&class2=105,
Taiwan_Gov_OpenData_v2,hotels,Hotel_A15010000H_026441,遇見民宿,位於澎湖縣的民宿,白沙鄉,港子村3鄰港子1之6號,23.6516129,119.5963033,,,,,車位:小客車0輛、機車0輛、大客車0輛,,https://taiwan.taiwanstay.net.tw/twpic/133682.jpg?v=20260831
Taiwan_Gov_OpenData_v2,hotels,Hotel_A15010000H_026459,夏天民宿,位於澎湖縣的民宿,馬公市,東文里11鄰東文澳111號,23.5646973,119.5872887,,,,,車位:小客車0輛、機車0輛、大客車0輛,,
Taiwan_Gov_OpenData_v2,hotels,Hotel_A15010000H_026517,日安民宿,位於澎湖縣的民宿,馬公市,興仁里7鄰雙頭掛490號,23.5522853,119.6109431,,,,,車位:小客車0輛、機車0輛、大客車0輛,,
Taiwan_Gov_OpenData_v2,hotels,Hotel_A15010000H_026518,好夢民宿,位於澎湖縣的民宿,馬公市,興仁里7鄰雙頭掛491號,23.5522853,119.6109431,,,,,車位:小客車0輛、機車0輛、大客車0輛,,
Taiwan_Gov_OpenData_v2,hotels,Hotel_A15010000H_026520,夏夏叫民宿,位於澎湖縣的民宿,馬公市,東文里7鄰東文澳336號,23.5646973,119.5872887,,,,,車位:小客車0輛、機車0輛、大客車0輛,,
Taiwan_Gov_OpenData_v2,hotels,Hotel_A15010000H_026521,居墅民宿,位於澎湖縣的民宿,馬公市,長安里16鄰永興街14號,23.5666053,119.5655959,,,,,車位:小客車0輛、機車0輛、大客車0輛,,
Taiwan_Gov_OpenData_v2,hotels,Hotel_A15010000H_026580,浪漫一夏民宿,位於澎湖縣的民宿,馬公市,東衛里15鄰東衛129之70號,23.5701069,119.6075003,,,,,車位:小客車0輛、機車0輛、大客車0輛,,
Taiwan_Gov_OpenData_v2,hotels,Hotel_A15010000H_026669,包棟烤肉寵物友善民宿,位於澎湖縣的民宿,馬公市,東文里4鄰大賢街71號,23.5612683,119.5810472,,,,,車位:小客車0輛、機車0輛、大客車0輛,,
Taiwan_Gov_OpenData_v2,hotels,Hotel_A15010000H_026674,沐子彼壹館民宿,位於澎湖縣的民宿,馬公市,西文里1鄰西文澳36之17號,23.5655471,119.5836976,,,,,車位:小客車0輛、機車0輛、大客車0輛,,
Taiwan_Gov_OpenData_v2,hotels,Hotel_A15010000H_026675,沐子彼貳館民宿,位於澎湖縣的民宿,馬公市,西文里1鄰西文澳36之18號,23.5655471,119.5836976,,,,,車位:小客車0輛、機車0輛、大客車0輛,,
Taiwan_Gov_OpenData_v2,hotels,Hotel_A15010000H_026681,海島拱門民宿,澎湖夏日澄淨清涼的大海，在海中散落許多海島，猶如海神的項鍊般閃耀明亮，海島拱門帶您優遊海島，盡情享受之餘海島拱門提供您一個悠靜的空間，讓夏日有個美麗的回憶。位置 馬公市 鬧中有靜 絕佳地點建築 今年新建全新歐風,馬公市,西衛里24鄰西衛232之56號,23.5778605,119.5830428,,,,,車位:小客車0輛、機車0輛、大客車0輛,,
Taiwan_Gov_OpenData_v2,hotels,Hotel_A15010000H_026779,朗朗山水民宿,位於澎湖縣山水沙灘旁的民宿,馬公市,山水里18鄰珠江18之2號,23.5168372,119.5963033,,,,,車位:小客車0輛、機車0輛、大客車0輛,,https://taiwan.taiwanstay.net.tw/twpic/98677.JPG?v=20260831
Taiwan_Gov_OpenData_v2,hotels,Hotel_A15010000H_026781,竹灣棧民宿,位於澎湖縣的民宿,西嶼鄉,竹灣村27鄰竹篙灣3之1號,23.6324281,119.5136711,,,,,車位:小客車0輛、機車0輛、大客車0輛,,
Taiwan_Gov_OpenData_v2,hotels,Hotel_A15010000H_026782,家築民宿,位於台灣離島-澎湖馬公市親子民宿，以家為根本起源，住得整潔與舒心，賓至如歸。,馬公市,西衛里28鄰五福路138巷23之8號,23.5824805,119.575735,,,,,車位:小客車0輛、機車0輛、大客車0輛,https://www.facebook.com/yolin238/,
Taiwan_Gov_OpenData_v2,hotels,Hotel_A15010000H_026783,船家寶民宿,位於澎湖縣的民宿,湖西鄉,成功村1鄰港底127號,23.5767011,119.6194898,,,,,車位:小客車0輛、機車0輛、大客車0輛,,
Taiwan_Gov_OpenData_v2,hotels,Hotel_A15010000H_026823,澎湖東研磯釣民宿,位於澎湖縣的民宿,湖西鄉,尖山村4鄰尖山37之9號,23.5636033,119.659584,,,,,車位:小客車0輛、機車0輛、大客車0輛,,
Taiwan_Gov_OpenData_v2,hotels,Hotel_A15010000H_026824,海邊民宿,位於澎湖縣的民宿,馬公市,鎖港里1鄰吉海路1137號,23.529559,119.60108,,,,,車位:小客車0輛、機車0輛、大客車0輛,,
Taiwan_Gov_OpenData_v2,hotels,Hotel_A15010000H_026826,夏日香氣民宿,歡迎想來澎湖玩的朋友們選擇夏日香氣民宿，我們位於馬公市陽明里，於澎湖武聖廟對面的街道上，鄰近全家、7-11及全聯超市，生活機能便利，走路10秒鐘就能到達7-11及全家喔! 室內擁有獨立電梯，可提供年長者及行李搭乘。住宿提供免費接送以及代訂行程服務。如有需要請洽 0928-476-557  李小姐,馬公市,陽明里15鄰永和街51號,23.5724371,119.574712,,,,,車位:小客車0輛、機車0輛、大客車0輛,https://www.facebook.com/%E6%BE%8E%E6%B9%96%E5%A4%8F%E6%97%A5%E9%A6%99%E6%B0%A3%E6%B0%91%E5%AE%BF-113789713643928/?modal=admin_todo_tour,https://taiwan.taiwanstay.net.tw/twpic/304773.jpg?v=20260831
Taiwan_Gov_OpenData_v2,hotels,Hotel_A15010000H_026827,韓石居民宿,位於澎湖縣的民宿,馬公市,石泉里5鄰石泉70之10號,23.560112,119.59497,,,,,車位:小客車6輛、機車20輛、大客車0輛,,
Taiwan_Gov_OpenData_v2,hotels,Hotel_A15010000H_026854,綠水悠遊民宿,位於澎湖縣的民宿,西嶼鄉,池東村13鄰小池角198之2號,23.5987037,119.5044665,,,,,車位:小客車0輛、機車0輛、大客車0輛,,
Taiwan_Gov_OpenData_v2,hotels,Hotel_A15010000H_026855,旭海天空民宿,"位於澎湖縣的民宿於2020年全新落成的新民宿-「旭海天空」~位於馬公市前寮里臨海的電梯民宿!民宿裝潢以溫馨簡約色系為主,更襯托出窗外的美麗,每間房都有獨自陽台讓你悠閒坐著躺著享受早上初晨、下午的夕陽、晚上的寧靜...",馬公市,前寮里1鄰前寮23之15號,23.5542923,119.5847087,,,,,車位:小客車0輛、機車0輛、大客車0輛,,
Taiwan_Gov_OpenData_v2,hotels,Hotel_A15010000H_026872,好美背包客民宿,位於澎湖馬公市中心的好美背包多樣美食都在周圍距離天后宮 觀音亭都只需五分鐘的步行距離附近大眾運輸交通便利,馬公市,啟明里2鄰啟明街6號,23.5648865,119.5665327,,,,,車位:小客車0輛、機車0輛、大客車0輛,,
Taiwan_Gov_OpenData_v2,hotels,Hotel_A15010000H_026885,綠光海岸民宿,位於澎湖縣的民宿,馬公市,鎖港里1鄰鎖港一路73巷27弄2號,23.529559,119.60108,,,,,車位:小客車0輛、機車0輛、大客車0輛,,
Taiwan_Gov_OpenData_v2,hotels,Hotel_A15010000H_026886,鑫河小棧民宿,位於澎湖縣的民宿,馬公市,鎖港里1鄰鎖港一路73巷27弄1號,23.5308243,119.6030517,,,,,車位:小客車0輛、機車0輛、大客車0輛,,
Taiwan_Gov_OpenData_v2,hotels,Hotel_A15010000H_026896,棉花雲文旅民宿,位於澎湖縣的民宿,馬公市,光榮里34鄰文光路75之3號,23.5763544,119.5710915,,,,,車位:小客車0輛、機車0輛、大客車0輛,,
Taiwan_Gov_OpenData_v2,hotels,Hotel_A15010000H_026903,七美海夠藍民宿一館,位於澎湖縣的民宿,七美鄉,平和村4鄰下茄埕66號,23.2112797,119.4164813,,,,,車位:小客車0輛、機車0輛、大客車0輛,,
Taiwan_Gov_OpenData_v2,hotels,Hotel_A15010000H_026917,串門子輕旅民宿,位於澎湖縣的民宿,馬公市,前寮里8鄰前寮29號之1,23.5542923,119.5847087,,,,,車位:小客車0輛、機車0輛、大客車0輛,,
Taiwan_Gov_OpenData_v2,hotels,Hotel_A15010000H_026918,好思民宿,位於澎湖縣的民宿,馬公市,中央里13鄰民族路26號之1,23.565365,119.5639669,,,,,車位:小客車0輛、機車0輛、大客車0輛,,
Taiwan_Gov_OpenData_v2,hotels,Hotel_A15010000H_026938,澎湖香草山民宿,位於澎湖縣的民宿,馬公市,鎖港里1鄰吉海路1157號,23.529559,119.60108,,,,,車位:小客車0輛、機車0輛、大客車0輛,,
Taiwan_Gov_OpenData_v2,hotels,Hotel_A15010000H_026951,沐橙民宿,位於澎湖縣的民宿,馬公市,鎖港里19鄰鎖港七路93號,23.5240417,119.5965646,,,,,車位:小客車0輛、機車0輛、大客車0輛,,
Taiwan_Gov_OpenData_v2,hotels,Hotel_A15010000H_026955,笑掌家民宿,位於澎湖縣的民宿,馬公市,西衛里14鄰西衛225之1號,23.5836427,119.5826518,,,,,車位:小客車0輛、機車0輛、大客車0輛,https://penghu-xiwei.h-and.world/,
Taiwan_Gov_OpenData_v2,hotels,Hotel_A15010000H_026965,水伊方旅屋民宿,位於澎湖縣的民宿,馬公市,山水里13鄰珠江281號,23.5168372,119.5963033,,,,,車位:小客車0輛、機車0輛、大客車0輛,,
Taiwan_Gov_OpenData_v2,hotels,Hotel_A15010000H_027019,ㄚ喵民宿,位於澎湖縣的民宿,馬公市,鎖港里1鄰吉海路1143號,23.529559,119.60108,,,,,車位:小客車0輛、機車0輛、大客車0輛,,
Taiwan_Gov_OpenData_v2,hotels,Hotel_A15010000H_027049,翔有壹號館民宿,位於澎湖縣的民宿,馬公市,石泉里1鄰石泉5之9號,23.5576166,119.5954416,,,,,車位:小客車0輛、機車0輛、大客車0輛,,
Taiwan_Gov_OpenData_v2,hotels,Hotel_A15010000H_027051,杉頭牛民宿,位於澎湖縣的民宿,湖西鄉,成功村1鄰港底330之5號,23.5767011,119.6194898,,,,,車位:小客車0輛、機車0輛、大客車0輛,,
Taiwan_Gov_OpenData_v2,hotels,Hotel_A15010000H_027052,此時此日民宿,位於澎湖縣的民宿,馬公市,西衛里26鄰西衛750號,23.5866408,119.5822745,,,,,車位:小客車0輛、機車0輛、大客車0輛,,
Taiwan_Gov_OpenData_v2,hotels,Hotel_A15010000H_027053,夢想民宿,位於澎湖縣的民宿,馬公市,西衛里25鄰西衛1018號,23.5855812,119.5791597,,,,,車位:小客車0輛、機車0輛、大客車0輛,,
Taiwan_Gov_OpenData_v2,hotels,Hotel_A15010000H_027054,藍白拖民宿,位於澎湖縣的民宿,白沙鄉,通梁村20鄰通梁211號,23.6566132,119.5570153,,,,,車位:小客車0輛、機車0輛、大客車0輛,,
Taiwan_Gov_OpenData_v2,hotels,Hotel_A15010000H_027131,鎖港山水文旅民宿,"位於澎湖縣的民宿, ˙低調有質感的民宿",馬公市,鎖港里16鄰鎖港五路10號,23.5240417,119.5965646,,,,,車位:小客車0輛、機車0輛、大客車0輛,https://www.no10-5thrd.com/,
Taiwan_Gov_OpenData_v2,hotels,Hotel_A15010000H_027132,沐橙二館民宿,位於澎湖縣的民宿,馬公市,鎖港里19鄰鎖港七路95號,23.5304172,119.604831,,,,,車位:小客車0輛、機車0輛、大客車0輛,,
Taiwan_Gov_OpenData_v2,hotels,Hotel_A15010000H_027194,窩澎湖民宿,位於澎湖縣馬公市的民宿自行車友善民宿  寵物友善民宿,馬公市,石泉里1鄰石泉5之8號,23.560112,119.59497,,,,,車位:小客車0輛、機車0輛、大客車0輛,,
Taiwan_Gov_OpenData_v2,hotels,Hotel_A15010000H_027206,海與喵民宿,位於澎湖縣的海景民宿,馬公市,安宅里7鄰宅腳嶼339號,23.578478,119.603948,,,,,車位:小客車0輛、機車0輛、大客車0輛,,
Taiwan_Gov_OpenData_v2,hotels,Hotel_A15010000H_027240,平湖窩行旅,馬公正市區小型旅館 、走到觀音亭賞花火節只要5~10分鐘，生活機能賞市區古蹟景點地點最佳，走路即可。,馬公市,澎湖縣馬公市重慶里7鄰中興路22號,23.566824,119.5670755,,,,,車位:小客車0輛、機車0輛、大客車0輛,,
Taiwan_Gov_OpenData_v2,hotels,Hotel_A15010000H_027251,風仙廬香草園民宿,位於澎湖縣的民宿,馬公市,西文里11鄰西文澳97之68號,23.5691788,119.5875143,,,,,車位:小客車0輛、機車0輛、大客車0輛,,
Taiwan_Gov_OpenData_v2,hotels,Hotel_A15010000H_027252,風仙廬二館民宿,位於澎湖縣的民宿,馬公市,西文里11鄰西文澳97之69號,23.564528,119.5827395,,,,,車位:小客車0輛、機車0輛、大客車0輛,,
Taiwan_Gov_OpenData_v2,hotels,Hotel_A15010000H_027269,井66民宿,位於澎湖縣的民宿,馬公市,五德里1鄰雞母塢215號,23.5270408,119.5886131,,,,,車位:小客車0輛、機車0輛、大客車0輛,,
Taiwan_Gov_OpenData_v2,hotels,Hotel_A15010000H_027270,偷嗨郎民宿,位於澎湖縣的民宿,馬公市,鎖港里1鄰鎖管港46-6號,23.5314506,119.6069222,,,,,車位:小客車0輛、機車0輛、大客車0輛,,
Taiwan_Gov_OpenData_v2,hotels,Hotel_A15010000H_027271,有間黑店驛站民宿,位於澎湖縣的民宿,馬公市,西衛里26鄰西衛757號,23.5837367,119.5822487,,,,,車位:小客車0輛、機車0輛、大客車0輛,,
Taiwan_Gov_OpenData_v2,hotels,Hotel_A15010000H_027272,旅屋民宿,位於澎湖縣的民宿,馬公市,石泉里1鄰石泉5之7號,23.559621,119.5980839,,,,,車位:小客車0輛、機車0輛、大客車0輛,,
Taiwan_Gov_OpenData_v2,hotels,Hotel_A15010000H_027287,凱悅輕旅民宿,位於澎湖縣的民宿,馬公市,西文里24鄰文前街68號,23.5682143,119.5890568,,,,,車位:小客車0輛、機車0輛、大客車0輛,,
Taiwan_Gov_OpenData_v2,hotels,Hotel_A15010000H_027288,打勾勾民宿,位於澎湖縣的民宿,馬公市,西衛里26鄰西衛653號,23.586072,119.5828093,,,,,車位:小客車0輛、機車0輛、大客車0輛,,
Taiwan_Gov_OpenData_v2,hotels,Hotel_A15010000H_027289,漂洋過海民宿,位於澎湖縣的民宿,馬公市,西衛里12鄰西衛850號,23.5769166,119.5842608,,,,,車位:小客車0輛、機車0輛、大客車0輛,,
Taiwan_Gov_OpenData_v2,hotels,Hotel_A15010000H_027294,家哥民宿,位於澎湖縣的民宿,馬公市,重光里2鄰後窟潭6之59號,23.5815704,119.5702141,,,,,車位:小客車0輛、機車0輛、大客車0輛,,
Taiwan_Gov_OpenData_v2,hotels,Hotel_A15010000H_027296,遇境民宿二館,位於澎湖縣的民宿,馬公市,朝陽里19鄰林森路57號,23.5743863,119.5773171,,,,,車位:小客車1輛、機車10輛、大客車0輛,,
Taiwan_Gov_OpenData_v2,hotels,Hotel_A15010000H_027297,樂屋民宿3館,位於澎湖縣的民宿,湖西鄉,城北村1鄰大城北5之30號,23.5631475,119.6168021,,,,,車位:小客車0輛、機車0輛、大客車0輛,,
Taiwan_Gov_OpenData_v2,hotels,Hotel_A15010000H_027298,樂屋民宿2館,位於澎湖縣的民宿,湖西鄉,城北村1鄰大城北5之28號,23.5631475,119.6168021,,,,,車位:小客車0輛、機車0輛、大客車0輛,,
Taiwan_Gov_OpenData_v2,hotels,Hotel_A15010000H_027299,仁居民宿,位於澎湖縣的民宿,馬公市,西衛里25鄰西衛471號,23.5836427,119.5826517,,,,,車位:小客車0輛、機車0輛、大客車0輛,,
Taiwan_Gov_OpenData_v2,hotels,Hotel_A15010000H_027309,澎湖黑皮民宿,位於澎湖縣的民宿,馬公市,前寮里2鄰前寮3-19號,23.55624,119.586782,,,,,車位:小客車0輛、機車0輛、大客車0輛,,
Taiwan_Gov_OpenData_v2,hotels,Hotel_A15010000H_027310,澎湖囝仔民宿,位於澎湖縣的民宿,馬公市,前寮里2鄰前寮3-20號,23.556179,119.58651,,,,,車位:小客車0輛、機車0輛、大客車0輛,,
Taiwan_Gov_OpenData_v2,hotels,Hotel_A15010000H_027319,魚棧民宿,位於澎湖縣的民宿,馬公市,鎖港里14鄰鎖港六路179號,23.521596,119.606721,,,,,車位:小客車0輛、機車0輛、大客車0輛,,
Taiwan_Gov_OpenData_v2,hotels,Hotel_A15010000H_027320,微浮山水民宿,位於澎湖縣的民宿,馬公市,山水里5鄰珠江120之7號,23.515782,119.589501,,,,,車位:小客車0輛、機車0輛、大客車0輛,,
Taiwan_Gov_OpenData_v2,hotels,Hotel_A15010000H_027336,真好玩民宿,位於澎湖縣的民宿,馬公市,東文里15鄰東文澳231號,23.5646973,119.5872887,,,,,車位:小客車0輛、機車0輛、大客車0輛,,
Taiwan_Gov_OpenData_v2,hotels,Hotel_A15010000H_027342,波莉士的家民宿,位於澎湖縣的民宿,馬公市,西衛里26鄰西衛651號,23.5836427,119.5826517,,,,,車位:小客車0輛、機車0輛、大客車0輛,,
Taiwan_Gov_OpenData_v2,hotels,Hotel_A15010000H_027343,愛喜樂民宿,位於澎湖縣的民宿,馬公市,石泉里5鄰石泉603號,23.559621,119.5980839,,,,,車位:小客車0輛、機車0輛、大客車0輛,,
Taiwan_Gov_OpenData_v2,hotels,Hotel_A15010000H_027345,蒙德里安山水民宿,位於澎湖縣的民宿,馬公市,山水里13鄰珠江287號,23.520033,119.594998,,,,,車位:小客車10輛、機車20輛、大客車1輛,https://www.penghu-mondrian.com,
Taiwan_Gov_OpenData_v2,hotels,Hotel_A15010000H_027346,藍海會館民宿,位於澎湖縣的民宿,馬公市,菜園里5鄰菜園25之3號,23.55131,119.597517,,,,,車位:小客車10輛、機車20輛、大客車5輛,,
Taiwan_Gov_OpenData_v2,hotels,Hotel_A15010000H_027350,日曜民宿,位於澎湖縣的民宿,馬公市,興仁里7鄰双頭掛513號,23.538783,119.606199,,,,,車位:小客車2輛、機車10輛、大客車0輛,,
Taiwan_Gov_OpenData_v2,hotels,Hotel_A15010000H_027392,海島漫旅民宿,位於澎湖縣的民宿,湖西鄉,許家村1鄰港子尾130之8號,23.587556,119.609413,,,,,車位:小客車0輛、機車0輛、大客車0輛,,
Taiwan_Gov_OpenData_v2,hotels,Hotel_A15010000H_027393,星蕎民宿,位於澎湖縣的民宿,馬公市,西衛里26鄰西衛758號,23.5836427,119.5826517,,,,,車位:小客車0輛、機車0輛、大客車0輛,,
Taiwan_Gov_OpenData_v2,hotels,Hotel_A15010000H_027394,花予春民宿,Huayu Homestay 花予春 位於馬公市，距離國立澎湖科技大學 1.4 公里，距離澎湖生活博物館 2.7 公里。住宿全館提供房內獨立 WiFi（免費）每個房型都設有私人衛浴和淋浴設施、空調、平面電視以及冰箱。這間住宿距離澎湖第一賓館/觀音亭煙火施放 3 公里，距離天后宮/四眼井 3.3 公里。澎湖機場距離住宿 7 公里。,馬公市,西衛里26鄰西衛656號,23.5836427,119.5826517,,,,,車位:小客車0輛、機車0輛、大客車0輛,,
Taiwan_Gov_OpenData_v2,hotels,Hotel_A15010000H_027396,海人民宿,周邊生活機能方便，7-11，全家，全聯，餐廳名店,馬公市,光榮里25鄰三多路318號,23.5773072,119.5722816,,,,,車位:小客車0輛、機車0輛、大客車0輛,https://www.booking.com/hotel/tw/peng-hu-hai-ren-min-su.zh-tw.html?aid=356980&label=gog235jc-10CAso5wFCFnBlbmctaHUtaGFpLXJlbi1taW4tc3VIMFgDaOcBiAEBmAEzuAEXyAEM2AED6AEB-AEBiAIBqAIBuAL0n7vUBsACAdICJGE0ZGYyMjllLWJhMjYtNDI2Ny05OWY4LTM1ZDJmMWFiMmNiONgCAeACAQ&s,
Taiwan_Gov_OpenData_v2,hotels,Hotel_A15010000H_027397,海浪森民宿,位於澎湖縣的民宿,馬公市,鎖港里1鄰吉海路1147號,23.529559,119.60108,,,,,車位:小客車0輛、機車0輛、大客車0輛,,
Taiwan_Gov_OpenData_v2,hotels,Hotel_A15010000H_027398,菊島風晴民宿,位於澎湖縣的民宿,馬公市,西衛里26鄰西衛278之1號,23.5836427,119.5826517,,,,,車位:小客車0輛、機車0輛、大客車0輛,,
Taiwan_Gov_OpenData_v2,hotels,Hotel_A15010000H_027399,艾的驛站民宿,位於澎湖縣的民宿,馬公市,西文里7鄰西文澳92之29號,23.5655471,119.5836976,,,,,車位:小客車0輛、機車0輛、大客車0輛,,
Taiwan_Gov_OpenData_v2,hotels,Hotel_A15010000H_027411,星語采居民宿,位於澎湖縣的民宿,馬公市,鎖港里2鄰鎖管港100之6號,23.5240828,119.6035694,,,,,車位:小客車0輛、機車0輛、大客車0輛,,
Taiwan_Gov_OpenData_v2,hotels,Hotel_A15010000H_027433,凱樂漫遊民宿,位於澎湖縣的民宿,馬公市,西衛里26鄰西衛655號,23.5836427,119.5826518,,,,,車位:小客車0輛、機車0輛、大客車0輛,,
Taiwan_Gov_OpenData_v2,hotels,Hotel_A15010000H_027448,木艮私宅民宿,位於澎湖縣的民宿,馬公市,石泉里5鄰石泉586號,23.5531223,119.5899208,,,,,車位:小客車0輛、機車0輛、大客車0輛,,
Taiwan_Gov_OpenData_v2,hotels,Hotel_A15010000H_027450,居心齋民宿,位於澎湖縣的民宿,馬公市,西衛里28鄰五福路138巷167號,23.5824776,119.5757587,,,,,車位:小客車0輛、機車0輛、大客車0輛,,
Taiwan_Gov_OpenData_v2,hotels,Hotel_A15010000H_027451,風沙月三館民宿,位於澎湖縣的民宿,馬公市,光復里18鄰中華路35號之2,23.5689447,119.5691701,,,,,車位:小客車0輛、機車0輛、大客車0輛,,
Taiwan_Gov_OpenData_v2,hotels,Hotel_A15010000H_027473,伊莉莎白甜夜民宿,位於澎湖縣的民宿,馬公市,西衛里25鄰西衛231之7號,23.5854532,119.5794709,,,,,車位:小客車0輛、機車0輛、大客車0輛,,
Taiwan_Gov_OpenData_v2,hotels,Hotel_A15010000H_027474,好享住民宿,位於澎湖縣的民宿,馬公市,東衛里15鄰東衛251之21號,23.569955,119.598724,,,,,車位:小客車0輛、機車0輛、大客車0輛,,
Taiwan_Gov_OpenData_v2,hotels,Hotel_A15010000H_027482,波莉士的家二館民宿,位於澎湖縣的民宿,馬公市,西衛里26鄰西衛652號,23.5836427,119.5826518,,,,,車位:小客車0輛、機車0輛、大客車0輛,,
Taiwan_Gov_OpenData_v2,hotels,Hotel_A15010000H_027483,三點水民宿,位於澎湖縣的民宿,湖西鄉,西溪村10鄰西溪101之2號,23.5801154,119.6354282,,,,,車位:小客車0輛、機車0輛、大客車0輛,,
Taiwan_Gov_OpenData_v2,hotels,Hotel_A15010000H_027487,檸檬草民宿,位於澎湖縣的民宿,馬公市,西衛里25鄰西衛256之3號,23.5836427,119.5826518,,,,,車位:小客車0輛、機車0輛、大客車0輛,https://penghu-xiwei.h-and.world/,
Taiwan_Gov_OpenData_v2,hotels,Hotel_A15010000H_027488,雁情語民宿,位於澎湖縣的民宿,湖西鄉,沙港村7鄰沙港133之12號,23.6037069,119.6272589,,,,,車位:小客車0輛、機車0輛、大客車0輛,,https://taiwan.taiwanstay.net.tw/twpic/126157.jpg?v=20260831
Taiwan_Gov_OpenData_v2,hotels,Hotel_A15010000H_027489,拾光小旅民宿,位於澎湖縣的民宿,湖西鄉,成功村1鄰港底330之12號,23.5767011,119.6194898,,,,,車位:小客車0輛、機車0輛、大客車0輛,,
Taiwan_Gov_OpenData_v2,hotels,Hotel_A15010000H_027542,葳葳民宿,位於澎湖縣的民宿,馬公市,西文里21鄰西文澳269號,23.5639391,119.5897323,,,,,車位:小客車0輛、機車0輛、大客車0輛,,
Taiwan_Gov_OpenData_v2,hotels,Hotel_A15010000H_027543,伍貳菊島旅店民宿,位於澎湖縣的民宿,馬公市,西衛里24鄰西衛396之15號,23.5836427,119.5826518,,,,,車位:小客車0輛、機車0輛、大客車0輛,,
Taiwan_Gov_OpenData_v2,hotels,Hotel_A15010000H_027603,品夏民宿,位於澎湖縣的民宿,馬公市,五德里1鄰雞母塢192號,23.5290453,119.5858296,,,,,車位:小客車0輛、機車0輛、大客車0輛,,
Taiwan_Gov_OpenData_v2,hotels,Hotel_A15010000H_027658,外婆的家民宿,位於澎湖縣的民宿,馬公市,烏崁里1鄰烏崁558號,23.5467075,119.6210858,,,,,車位:小客車0輛、機車0輛、大客車0輛,,
Taiwan_Gov_OpenData_v2,hotels,Hotel_A15010000H_027673,麗園民宿,位於澎湖縣的民宿,馬公市,烏崁里1鄰烏崁555號,23.5467075,119.6210858,,,,,車位:小客車0輛、機車0輛、大客車0輛,,
Taiwan_Gov_OpenData_v2,hotels,Hotel_A15010000H_027755,邂逅老街精緻民宿,民宿可使用國旅旅遊補助【訂房後請務必加官方LINE ID】:@354dlaat【臉書粉頁】:@penghuspeace歡迎來到「邂逅老街精緻民宿」，這是一棟承載家族記憶的老宅，位於馬公市最古老的中央街。過去是商號、是住家，也是一段段故事的起點。如今我們用心修繕，保留老屋風貌，融入現代設計，讓旅人感受時光與溫度。民宿位處市中心，步行可達多個景點。夜晚老街靜謐，白天則熱鬧迷人，適合細細品味旅程。我們與在地人氣早餐店合作，讓您免排隊享用美味早餐，是我們的小小貼心。這裡是寵物友善空間，無論獨旅、情侶、家庭或毛小孩同行，我們都誠摯歡迎。願您在「邂逅老街」不只是落腳，更留下難忘記憶。,馬公市,中央里2鄰中央街18號,23.5645466,119.564856,,,,,車位:小客車0輛、機車0輛、大客車0輛,,
Taiwan_Gov_OpenData_v2,hotels,Hotel_A15010000H_027768,沐晴民宿,位於澎湖縣的民宿,馬公市,興仁里10鄰雙頭掛652號,23.5503674,119.6146818,,,,,車位:小客車0輛、機車0輛、大客車0輛,,
Taiwan_Gov_OpenData_v2,hotels,Hotel_A15010000H_027813,哈斯塔特民宿,位於澎湖縣時里沙灘民宿,馬公市,嵵裡里13鄰嵵裡19之5號,23.5257437,119.5675181,,,,,車位:小客車0輛、機車0輛、大客車0輛,,https://taiwan.taiwanstay.net.tw/twpic/250272.jpg?v=20260831
Taiwan_Gov_OpenData_v2,hotels,Hotel_A15010000H_027817,日時行旅民宿,位於澎湖縣的時里沙灘附近民宿,馬公市,嵵裡里13鄰嵵裡19之6號,23.5257437,119.5675181,,,,,車位:小客車0輛、機車0輛、大客車0輛,,https://taiwan.taiwanstay.net.tw/twpic/250668.jpg?v=20260831
Taiwan_Gov_OpenData_v2,hotels,Hotel_A15010000H_028097,上尹民宿,位於澎湖縣的民宿,馬公市,西衛里25鄰西衛1012號,23.5836427,119.5826518,,,,,車位:小客車0輛、機車0輛、大客車0輛,,
Taiwan_Gov_OpenData_v2,hotels,Hotel_A15010000H_028098,五星級會館民宿,位於澎湖縣的民宿,馬公市,東文里4鄰大賢街91巷5號,23.5610442,119.5820794,,,,,車位:小客車0輛、機車0輛、大客車0輛,,
Taiwan_Gov_OpenData_v2,hotels,Hotel_A15010000H_028099,海派甜心民宿,位於澎湖縣的民宿,馬公市,西衛里12鄰西衛812號,23.5836427,119.5826518,,,,,車位:小客車0輛、機車0輛、大客車0輛,,
Taiwan_Gov_OpenData_v2,hotels,Hotel_A15010000H_028107,文澳旅店民宿,位於澎湖縣的民宿,馬公市,西文里21鄰西文澳263號,23.568214,119.589057,,,,,車位:小客車0輛、機車0輛、大客車0輛,,
Taiwan_Gov_OpenData_v2,hotels,Hotel_A15010000H_028108,W民宿,位於澎湖縣的民宿,馬公市,鎖港里1鄰鎖港一路73巷27弄8號,23.5302242,119.6027208,,,,,車位:小客車1輛、機車0輛、大客車0輛,,
Taiwan_Gov_OpenData_v2,hotels,Hotel_A15010000H_028140,小暑民宿,位於澎湖縣的民宿,馬公市,興仁里7鄰雙頭掛511號,23.551355,119.6155296,,,,,車位:小客車0輛、機車0輛、大客車0輛,,
Taiwan_Gov_OpenData_v2,hotels,Hotel_A15010000H_028207,澎灣綠宿一館民宿,位於澎湖縣的民宿,馬公市,鎖港里鎖港一路73巷23弄2號,23.5302242,119.6027208,,,,,車位:小客車0輛、機車8輛、大客車1輛,,
Taiwan_Gov_OpenData_v2,hotels,Hotel_A15010000H_028219,澎湖心情有故事民宿,位於澎湖縣的民宿,馬公市,興仁里9鄰雙頭掛221號,23.551355,119.6155296,,,,,車位:小客車0輛、機車0輛、大客車0輛,,
Taiwan_Gov_OpenData_v2,hotels,Hotel_A15010000H_028230,另一個早晨民宿,位於澎湖縣的民宿,馬公市,鎖港里1鄰吉海路1135號,23.529559,119.60108,,,,,車位:小客車0輛、機車0輛、大客車0輛,,
Taiwan_Gov_OpenData_v2,hotels,Hotel_A15010000H_028237,真二三一民宿,位於澎湖縣的民宿,馬公市,重光里2鄰五福路231號,23.5818148,119.5742305,,,,,車位:小客車0輛、機車0輛、大客車0輛,,
Taiwan_Gov_OpenData_v2,hotels,Hotel_A15010000H_028246,碧蓮民宿,位於澎湖縣的民宿,馬公市,西衛里26鄰西衛278之2號,23.5836427,119.5826518,,,,,車位:小客車0輛、機車0輛、大客車0輛,,
Taiwan_Gov_OpenData_v2,hotels,Hotel_A15010000H_028247,雲雀之家民宿,位於澎湖縣的民宿,馬公市,鎖港里1鄰吉海路1153號,23.529559,119.60108,,,,,車位:小客車0輛、機車0輛、大客車0輛,,
Taiwan_Gov_OpenData_v2,hotels,Hotel_A15010000H_028276,彩虹民宿,位於澎湖縣的民宿,馬公市,案山里15鄰民樂街62號,23.560355,119.5806363,,,,,車位:小客車0輛、機車0輛、大客車0輛,,
Taiwan_Gov_OpenData_v2,hotels,Hotel_A15010000H_028277,沙發馬鈴薯民宿,"位於澎湖縣馬公市的民宿,乾淨.舒適.簡單的評價民宿,價格實惠,生活機能便利,民宿主人親切實在",馬公市,東文里7鄰文明路126巷36號,23.5588397,119.5865645,,,,,車位:小客車0輛、機車0輛、大客車0輛,,
Taiwan_Gov_OpenData_v2,hotels,Hotel_A15010000H_028278,遊菊棧民宿,位於澎湖縣七美鄉的合法民宿,七美鄉,海豐村10鄰東崎頭19之2號,23.2054321,119.4259788,,,,,車位:小客車1輛、機車6輛、大客車0輛,,
Taiwan_Gov_OpenData_v2,hotels,Hotel_A15010000H_028285,六月民宿,位於澎湖縣的民宿,馬公市,安宅里11鄰宅腳嶼161號,23.578478,119.603948,,,,,車位:小客車0輛、機車0輛、大客車0輛,,
Taiwan_Gov_OpenData_v2,hotels,Hotel_A15010000H_028337,島甜之森民宿,位於澎湖縣的民宿,馬公市,朝陽里19鄰林森路55號,23.5743302,119.5773187,,,,,車位:小客車0輛、機車0輛、大客車0輛,,
Taiwan_Gov_OpenData_v2,hotels,Hotel_A15010000H_028374,在水一方民宿,位於澎湖縣的民宿,馬公市,西衛里24鄰西衛396之1號,23.5836427,119.5826518,,,,,車位:小客車0輛、機車0輛、大客車0輛,,
Taiwan_Gov_OpenData_v2,hotels,Hotel_A15010000H_028410,非宿不可民宿二館,位於澎湖縣的民宿,白沙鄉,通梁村2鄰通梁66之18號,23.6566132,119.5570153,,,,,車位:小客車0輛、機車0輛、大客車0輛,,
Taiwan_Gov_OpenData_v2,hotels,Hotel_A15010000H_028434,金宿喜民宿,位於澎湖縣的民宿,馬公市,山水里3鄰珠江149之17號,23.513888,119.595211,,,,,車位:小客車0輛、機車0輛、大客車0輛,,
Taiwan_Gov_OpenData_v2,hotels,Hotel_A15010000H_028435,大央島民宿,位於澎湖縣的民宿,馬公市,西衛里25鄰西衛1011號,23.5854532,119.5794709,,,,,車位:小客車0輛、機車0輛、大客車0輛,,
Taiwan_Gov_OpenData_v2,hotels,Hotel_A15010000H_028436,樂點蔬食民宿,位於澎湖縣的民宿,湖西鄉,許家村3鄰港子尾78之9號,23.5824027,119.6097818,,,,,車位:小客車2輛、機車5輛、大客車0輛,,
Taiwan_Gov_OpenData_v2,hotels,Hotel_A15010000H_028440,福門民宿,位於澎湖縣的民宿,湖西鄉,隘門村3鄰隘門3之2號,23.5547805,119.6389041,,,,,車位:小客車0輛、機車0輛、大客車0輛,,
Taiwan_Gov_OpenData_v2,hotels,Hotel_A15010000H_028476,澎湖日記民宿,位於澎湖縣的民宿,馬公市,東衛里21鄰東衛287之1號,23.569955,119.598724,,,,,車位:小客車0輛、機車0輛、大客車0輛,,
Taiwan_Gov_OpenData_v2,hotels,Hotel_A15010000H_028484,小島風情民宿,位於澎湖縣的民宿,白沙鄉,中屯村6鄰中屯51之7號,23.6204473,119.6057937,,,,,車位:小客車0輛、機車0輛、大客車0輛,https://www.facebook.com/%E5%B0%8F%E5%B3%B6%E9%A2%A8%E6%83%85-%E6%B0%91%E5%AE%BF-109200674613496/,
Taiwan_Gov_OpenData_v2,hotels,Hotel_A15010000H_028503,澎灣綠宿二館民宿,位於澎湖縣的民宿,馬公市,鎖港里1鄰鎖港一路73巷27弄10號,23.5302242,119.6027208,,,,,車位:小客車1輛、機車8輛、大客車0輛,,
Taiwan_Gov_OpenData_v2,hotels,Hotel_A15010000H_028504,沐夏文旅民宿,位於澎湖縣的民宿,馬公市,啟明里18鄰臨海路26號,23.5629096,119.5657459,,,,,車位:小客車0輛、機車0輛、大客車0輛,,
Taiwan_Gov_OpenData_v2,hotels,Hotel_A15010000H_028505,日新民宿,位於澎湖縣的民宿,馬公市,石泉里3鄰石泉15之7號,23.5596225,119.5980839,,,,,車位:小客車0輛、機車0輛、大客車0輛,,
Taiwan_Gov_OpenData_v2,hotels,Hotel_A15010000H_028506,小日子民宿,位於澎湖縣的民宿,馬公市,西衛里14鄰西衛605號,23.5836427,119.5826518,,,,,車位:小客車0輛、機車0輛、大客車0輛,,
Taiwan_Gov_OpenData_v2,hotels,Hotel_A15010000H_028507,偷嗨郎民宿二館,位於澎湖縣的民宿,馬公市,鐵線里1鄰鐵線尾111號,23.5325734,119.5965315,,,,,車位:小客車1輛、機車1輛、大客車0輛,,
Taiwan_Gov_OpenData_v2,hotels,Hotel_A15010000H_028518,島嶼角落民宿,島嶼角落民宿，位於澎湖馬公市，經歷多年的淬煉，新的島嶼角落更明白旅人們的需求，增加最受歡迎的四人房，保留最經典的六人房，一樓及頂樓都有大片休憩區，旺季早餐提供澎湖知名排隊早餐，省去您早起排隊的時間，更盡興地享受澎湖旅遊，不管是閨密、家庭、大群好友的澎湖旅行，島嶼角落都是您的最佳首選。,馬公市,東文里7鄰文明路126巷28弄19號,23.5604259,119.5860461,,,,,車位:小客車0輛、機車0輛、大客車0輛,https://www.island-nook.tw/,
Taiwan_Gov_OpenData_v2,hotels,Hotel_A15010000H_028519,龍弘民宿星漾館,位於澎湖縣的民宿,馬公市,西衛里24鄰西衛232之37號,23.5836427,119.5826518,,,,,車位:小客車0輛、機車0輛、大客車0輛,,
Taiwan_Gov_OpenData_v2,hotels,Hotel_A15010000H_028520,龍弘民宿星語館,位於澎湖縣的民宿,馬公市,西衛里24鄰西衛232之36號,23.5836427,119.5826518,,,,,車位:小客車0輛、機車0輛、大客車0輛,,
Taiwan_Gov_OpenData_v2,hotels,Hotel_A15010000H_028521,風禎民宿,位於澎湖縣的民宿,馬公市,鐵線里1鄰鐵線尾113號,23.5325734,119.5965315,,,,,車位:小客車0輛、機車0輛、大客車0輛,,
Taiwan_Gov_OpenData_v2,hotels,Hotel_A15010000H_028522,天空藍民宿,位於澎湖縣的民宿,馬公市,光華里3鄰光華123之16號,23.5581574,119.6049987,,,,,車位:小客車0輛、機車0輛、大客車0輛,,
Taiwan_Gov_OpenData_v2,hotels,Hotel_A15010000H_028523,田野行旅民宿,「澎湖 : 田野行旅民宿」  位在澎湖縣湖西鄉，週邊即是成功水庫與成功漁港，鄰近東衛石雕公園，隘門沙灘、林投金沙灘、北寮奎壁山等知名景點，距離花火節主場的觀音亭親水公園也短短車程可到，讓您安排行程輕鬆可到，是您旅行的完美落腳處！「澎湖 : 田野行旅民宿」以簡單優雅為軸，明亮寬敞的大廳擺放著休閒沙發與桌椅，邀請您與旅伴在這簡約輕鬆的氛圍裡放下旅途奔放的疲憊，展開美好的假期時光！,湖西鄉,成功村8鄰港底60之2號,23.5767011,119.6194898,,,,,車位:小客車0輛、機車0輛、大客車0輛,http://shome.okgo.tw,
Taiwan_Gov_OpenData_v2,hotels,Hotel_A15010000H_028570,KK旅店民宿,位於澎湖縣的民宿,馬公市,東文里6鄰文山路150號,23.5611824,119.5837245,,,,,車位:小客車0輛、機車0輛、大客車0輛,,
Taiwan_Gov_OpenData_v2,hotels,Hotel_A15010000H_028571,船闆娘民宿,位於澎湖縣的民宿,馬公市,東文里7鄰文明路126巷28弄9號,23.5604259,119.5860461,,,,,車位:小客車0輛、機車0輛、大客車0輛,,
Taiwan_Gov_OpenData_v2,hotels,Hotel_A15010000H_028573,吾居吾宿民宿,位於澎湖縣的民宿,馬公市,東文里7鄰文明路126巷28弄15號,23.5604259,119.5860461,,,,,車位:小客車0輛、機車0輛、大客車0輛,,
Taiwan_Gov_OpenData_v2,hotels,Hotel_A15010000H_028574,木子李民宿,位於澎湖縣的民宿,馬公市,鎖港里1鄰鎖港一路73巷23弄6號,23.5306081,119.6019014,,,,,車位:小客車0輛、機車0輛、大客車0輛,,
Taiwan_Gov_OpenData_v2,hotels,Hotel_A15010000H_028576,青翠民宿,位於澎湖縣的民宿,馬公市,安宅里1鄰宅脚嶼91之31號,23.578478,119.603948,,,,,車位:小客車0輛、機車0輛、大客車0輛,,
Taiwan_Gov_OpenData_v2,hotels,Hotel_A15010000H_028584,兜圈house民宿,位於澎湖縣的民宿,湖西鄉,成功村1鄰港底330之1號,23.5767011,119.6194898,,,,,車位:小客車0輛、機車0輛、大客車0輛,,
Taiwan_Gov_OpenData_v2,hotels,Hotel_A15010000H_028625,探尋旅者民宿,位於澎湖縣的民宿,馬公市,興仁里9鄰双頭掛318之7號,23.551355,119.6155296,,,,,車位:小客車0輛、機車0輛、大客車0輛,,
Taiwan_Gov_OpenData_v2,hotels,Hotel_A15010000H_028626,享飛民宿,位於澎湖縣的民宿,馬公市,西衛里23鄰五福路3巷32弄32號,23.5794031,119.575229,,,,,車位:小客車0輛、機車0輛、大客車0輛,,
Taiwan_Gov_OpenData_v2,hotels,Hotel_A15010000H_028628,有間寓背包旅宿民宿,位於澎湖縣的民宿,湖西鄉,沙港村19鄰沙港1之5號,23.602534,119.622469,,,,,車位:小客車0輛、機車0輛、大客車0輛,,
Taiwan_Gov_OpenData_v2,hotels,Hotel_A15010000H_028646,嘟嘟民宿,位於澎湖縣的民宿,馬公市,興仁里9鄰双頭掛390之1號,23.551355,119.6155296,,,,,車位:小客車0輛、機車0輛、大客車0輛,,
Taiwan_Gov_OpenData_v2,hotels,Hotel_A15010000H_028647,綠光海岸二館民宿,位於澎湖縣的民宿,馬公市,鎖港里1鄰鎖港一路73巷23弄10號,23.5302242,119.6027208,,,,,車位:小客車0輛、機車0輛、大客車0輛,,
Taiwan_Gov_OpenData_v2,hotels,Hotel_A15010000H_028800,尚品會館民宿,位於澎湖縣的民宿,湖西鄉,成功村1鄰港底195號,23.5767011,119.6194898,,,,,車位:小客車0輛、機車0輛、大客車0輛,,
Taiwan_Gov_OpenData_v2,hotels,Hotel_A15010000H_028802,旅者篝火民宿,位於澎湖縣的民宿,馬公市,重光里4鄰五福路138巷60號,23.5824766,119.5757614,,,,,車位:小客車0輛、機車0輛、大客車0輛,https://bonfireoftravelers.com/,https://taiwan.taiwanstay.net.tw/twpic/349900.jpg?v=20260831
Taiwan_Gov_OpenData_v2,hotels,Hotel_A15010000H_028803,阿豹會館民宿,位於澎湖縣的民宿,馬公市,烏崁里1鄰烏崁131之10號,23.5463926,119.6204777,,,,,車位:小客車1輛、機車8輛、大客車0輛,,
Taiwan_Gov_OpenData_v2,hotels,Hotel_A15010000H_028818,喜諾奇民宿,位於澎湖縣的民宿,湖西鄉,成功村1鄰港底306之1號,23.5767011,119.6194898,,,,,車位:小客車2輛、機車0輛、大客車0輛,,
Taiwan_Gov_OpenData_v2,hotels,Hotel_A15010000H_028819,港口民宿,位於澎湖縣的民宿,七美鄉,南港村11鄰南滬58號,23.1947675,119.4187749,,,,,車位:小客車0輛、機車0輛、大客車0輛,,
Taiwan_Gov_OpenData_v2,hotels,Hotel_A15010000H_028820,海貓行旅民宿,位於澎湖縣的民宿,馬公市,西衛里24鄰西衛232之50號,23.5836427,119.5826518,,,,,車位:小客車0輛、機車0輛、大客車0輛,,
Taiwan_Gov_OpenData_v2,hotels,Hotel_A15010000H_028821,島嶼時光民宿,位於澎湖縣的民宿,馬公市,西衛里25鄰西衛492號,23.5836427,119.5826518,,,,,車位:小客車0輛、機車0輛、大客車0輛,,
Taiwan_Gov_OpenData_v2,hotels,Hotel_A15010000H_028840,綠果昔民宿,位於澎湖縣的民宿,馬公市,西衛里29鄰六合路600巷10弄2號,23.5784379,119.5801009,,,,,車位:小客車0輛、機車0輛、大客車0輛,,
Taiwan_Gov_OpenData_v2,hotels,Hotel_A15010000H_028841,璞宿民宿,位於澎湖縣的民宿,西嶼鄉,二崁村5鄰二崁5號,23.6026038,119.5209214,,,,,車位:小客車0輛、機車0輛、大客車0輛,,
Taiwan_Gov_OpenData_v2,hotels,Hotel_A15010000H_028845,蘋果海賊王民宿,位於澎湖縣的民宿,馬公市,鎖港里27鄰鎖管港1981之2號,23.5215962,119.6015732,,,,,車位:小客車0輛、機車0輛、大客車0輛,,
Taiwan_Gov_OpenData_v2,hotels,Hotel_A15010000H_028866,藍天雲民宿,"位於澎湖縣的民宿[藍天雲民宿] 房間寬敞明亮,陽台面海.給您舒適的住宿空間",馬公市,西文里11鄰西文澳96之41號,23.564528,119.5827395,,,,,車位:小客車0輛、機車0輛、大客車0輛,,
Taiwan_Gov_OpenData_v2,hotels,Hotel_A15010000H_028867,心之圓民宿,位於馬公市西衛里205之1號心之圓於2019年完工其命名是為了紀念一輩子在澎湖辛勤打拼的家人們。除了合乎吉祥的意義外，也是傳承家族歷史的足跡。⭐️心之圓民宿服務項目 ⭐️＊提供wifi、空調、盥洗用品 （提供毛巾、浴巾、肥皂、洗髮精、沐浴乳）。    為提倡環保，牙刷組原則上不提供。    但若真的沒有帶，可以跟我們說。    會提供您一次性使用牙刷組。＊公用休息區提供公用冰箱。    備有涼品與水果供房客取用。＊公用休息區備有咖啡、茶、點心等供房客使用。＊停車場＊機場接送服務（請來電/來訊洽詢）＊代租機車服務 ＊若有其他需求，請來電或來訊洽詢。,馬公市,西衛里14鄰西衛205之1號,23.5848585,119.5801032,,,,,車位:小客車0輛、機車0輛、大客車0輛,,https://taiwan.taiwanstay.net.tw/twpic/129793.JPG?v=20260831
Taiwan_Gov_OpenData_v2,hotels,Hotel_A15010000H_028868,日光事務所民宿,位於澎湖縣的民宿,馬公市,東文里7鄰文明路126巷28弄11號,23.5604259,119.5860461,,,,,車位:小客車0輛、機車0輛、大客車0輛,,
Taiwan_Gov_OpenData_v2,hotels,Hotel_A15010000H_028875,慧洋鄉居民宿,「 慧洋鄉居民宿，座落於全國百大魅力村落—南寮村，感受百年古厝、藝術小巷與漁村慢生活的完美融合。」這裡擁有寧靜的環境和舒適的設施，適合想要遠離塵囂、享受放鬆假期的旅客。慧洋鄉居提供溫馨的雙人房和四人房，價格親民，房間設施完善，非常適合家庭、親子、銀髮或情侶入住。,湖西鄉,南寮村13鄰南寮86之2號,23.5852855,119.6687483,,,,,車位:小客車0輛、機車0輛、大客車0輛,,https://taiwan.taiwanstay.net.tw/twpic/307686.jpg?v=20260831
Taiwan_Gov_OpenData_v2,hotels,Hotel_A15010000H_028877,烏玖民宿,位於澎湖縣的民宿,馬公市,鐵線里1鄰鐵線尾83號,23.5325734,119.5965315,,,,,車位:小客車0輛、機車0輛、大客車0輛,https://www.booking.com/hotel/tw/wu-jiu-min-su-oud-ustay.en-gb.html,
Taiwan_Gov_OpenData_v2,hotels,Hotel_A15010000H_028883,浪朵朵民宿,位於澎湖縣的民宿,湖西鄉,林投村3鄰林投83號,23.5592998,119.6426317,,,,,車位:小客車0輛、機車0輛、大客車0輛,,
Taiwan_Gov_OpenData_v2,hotels,Hotel_A15010000H_028887,無煙民宿,位於澎湖縣的民宿,馬公市,朝陽里23鄰朝陽路23號,23.5724648,119.579059,,,,,車位:小客車0輛、機車0輛、大客車0輛,,
Taiwan_Gov_OpenData_v2,hotels,Hotel_A15010000H_028898,真的民宿,位於澎湖縣的民宿,湖西鄉,湖西村8鄰湖西180之1號,23.584681,119.6588258,,,,,車位:小客車0輛、機車0輛、大客車0輛,,
Taiwan_Gov_OpenData_v2,hotels,Hotel_A15010000H_028899,晴鎖港灣民宿,位於澎湖縣的民宿,馬公市,鎖港里1鄰鎖港一路73巷27弄12號,23.5302242,119.6027208,,,,,車位:小客車1輛、機車8輛、大客車0輛,,
Taiwan_Gov_OpenData_v2,hotels,Hotel_A15010000H_028947,戀戀海灣民宿,位於澎湖縣的民宿,馬公市,西衛里25鄰西衛375之1號,23.5836427,119.5826518,,,,,車位:小客車1輛、機車0輛、大客車0輛,,
Taiwan_Gov_OpenData_v2,hotels,Hotel_A15010000H_028949,澎湃旅店一館民宿,位於澎湖縣的民宿,馬公市,西文里11鄰西文澳97之91號,23.564528,119.5827395,,,,,車位:小客車0輛、機車0輛、大客車0輛,,
Taiwan_Gov_OpenData_v2,hotels,Hotel_A15010000H_028950,澎湃旅店二館民宿,位於澎湖縣的民宿,馬公市,西文里11鄰西文澳97之92號,23.564528,119.5827395,,,,,車位:小客車0輛、機車0輛、大客車0輛,,
Taiwan_Gov_OpenData_v2,hotels,Hotel_A15010000H_028952,彼個所在民宿,大家好，我們是位在澎湖的彼個所在民宿。四間獨立套房，一間四人房、三間雙人房，最多接待十位房客。這棟房子有很多我們自己的收藏。傢俱、燈具、植物、海報，或是踏進空間裡聽到的音樂，都是我們喜歡的樣子。我把我的喜歡都放在這棟房子裡了，希望你也會喜歡✨-｜房間設備｜· 海景陽台、露台· 50吋電視 (提供Netflix)· 冷氣· 電風扇· 小冰箱· 乾濕分離淋浴空間· 吹風機· 茶籽堂洗髮精/沐浴乳- ｜訂房網站｜· 官方line : @783qzypfhttps://lin.ee/sYPtq4m,馬公市,鎖港里1鄰鎖管港42之5號,23.5329065,119.6077402,,,,,車位:小客車0輛、機車0輛、大客車0輛,,
Taiwan_Gov_OpenData_v2,hotels,Hotel_A15010000H_028958,采楓民宿,歡迎光臨采楓民宿～陽光、沙灘、大海享受放鬆心情的快樂旅程，位於澎湖縣的采楓民宿是安靜悠閒的住宿環境，可以和3、5好友?酒、打麻將?️、烤肉?、炒菜煮飯都可以哦！2024年1月評選為『好客民宿』！7月參加綠能環保活動課程、8月參加緊急救護「CPR」訓練課程，並榮獲『優質旅宿』，『健康照護』之審查。本民宿提供免費WIFI、飲水機、電冰箱、室內拖鞋，房間內都有私人衛浴、空調、平面電視。#為配合政府的永續環境保護政策、民宿不主動提供一次性盥洗用品。,馬公市,鎖港里1鄰鎖港一路73巷27弄6號,23.5302242,119.6027208,,,,,車位:小客車0輛、機車0輛、大客車0輛,,
Taiwan_Gov_OpenData_v2,hotels,Hotel_A15010000H_028959,月光客棧民宿,位於澎湖縣的民宿,馬公市,西衛里25鄰西衛237之18號,23.5836427,119.5826518,,,,,車位:小客車0輛、機車0輛、大客車0輛,,
Taiwan_Gov_OpenData_v2,hotels,Hotel_A15010000H_028960,五福陽光民宿,位於澎湖縣的民宿,馬公市,西衛里21鄰五福路3巷8號,23.5789598,119.5767187,,,,,車位:小客車0輛、機車0輛、大客車0輛,,
Taiwan_Gov_OpenData_v2,hotels,Hotel_A15010000H_029010,東屋民宿,位於澎湖縣的民宿,馬公市,東衛里1鄰東衛15之6號,23.569955,119.598724,,,,,車位:小客車0輛、機車0輛、大客車0輛,,
Taiwan_Gov_OpenData_v2,hotels,Hotel_A15010000H_029011,村上輕旅民宿,位於澎湖縣的民宿,湖西鄉,隘門村10鄰隘門60之7號,23.5547805,119.6389041,,,,,車位:小客車0輛、機車0輛、大客車0輛,,
Taiwan_Gov_OpenData_v2,hotels,Hotel_A15010000H_029019,約客夏行旅民宿,位於澎湖縣的民宿,馬公市,興仁里9鄰双頭掛221之1號,23.551355,119.6155296,,,,,車位:小客車0輛、機車0輛、大客車0輛,,
Taiwan_Gov_OpenData_v2,hotels,Hotel_A15010000H_029020,唯樂輕旅民宿,位於澎湖縣的民宿,馬公市,石泉里1鄰石泉5之10號,23.5579771,119.5934652,,,,,車位:小客車0輛、機車0輛、大客車0輛,,
Taiwan_Gov_OpenData_v2,hotels,Hotel_A15010000H_029021,尚溫馨民宿,位於澎湖縣的民宿,湖西鄉,鼎灣村6鄰鼎灣121號,23.5907808,119.6165917,,,,,車位:小客車0輛、機車0輛、大客車0輛,,
Taiwan_Gov_OpenData_v2,hotels,Hotel_A15010000H_029022,以樂民宿,位於澎湖縣的民宿,馬公市,光榮里24鄰三多路390巷9號,23.5771439,119.5699081,,,,,車位:小客車0輛、機車0輛、大客車0輛,,
Taiwan_Gov_OpenData_v2,hotels,Hotel_A15010000H_029024,松屋民宿,位於澎湖縣的民宿,馬公市,中央里11鄰惠民一路2之1號,23.5651607,119.5646362,,,,,車位:小客車0輛、機車0輛、大客車0輛,,
Taiwan_Gov_OpenData_v2,hotels,Hotel_A15010000H_029025,五澎兒民宿,位於澎湖縣的民宿,馬公市,鐵線里1鄰鐵線尾83之1號,23.5325734,119.5965315,,,,,車位:小客車0輛、機車0輛、大客車0輛,,
Taiwan_Gov_OpenData_v2,hotels,Hotel_A15010000H_029035,卡米諾民宿,位於澎湖縣的民宿,馬公市,興仁里7鄰双頭掛492號,23.543031,119.6064479,,,,,車位:小客車0輛、機車0輛、大客車0輛,,
Taiwan_Gov_OpenData_v2,hotels,Hotel_A15010000H_029036,澎游旅宿民宿,位於澎湖縣的民宿,馬公市,興仁里7鄰双頭掛512號,23.543031,119.6064479,,,,,車位:小客車2輛、機車10輛、大客車0輛,,
Taiwan_Gov_OpenData_v2,hotels,Hotel_A15010000H_029038,碧桂園民宿,位於澎湖縣的民宿,馬公市,東文里15鄰東文澳228號,23.5646973,119.5872887,,,,,車位:小客車0輛、機車0輛、大客車0輛,,
Taiwan_Gov_OpenData_v2,hotels,Hotel_A15010000H_029040,澎湖磯釣民宿,位於澎湖縣的民宿,馬公市,朝陽里37鄰六合路13巷22號,23.5713863,119.5815908,,,,,車位:小客車0輛、機車0輛、大客車0輛,,
Taiwan_Gov_OpenData_v2,hotels,Hotel_A15010000H_029042,享受民宿,有多久沒有好好放假了？享受民宿位於澎湖西衛五福路的巷弄中，提供舒服自在的住宿環境，讓旅人都能享受屬於自己的假期！Enjoy your vacation!有任何問題歡迎隨時聯繫我們！,馬公市,西衛里23鄰五福路3巷32弄35號,23.5793101,119.5757942,,,,,車位:小客車0輛、機車0輛、大客車0輛,,
Taiwan_Gov_OpenData_v2,hotels,Hotel_A15010000H_029043,蔚藍文旅民宿,位於澎湖縣的民宿,馬公市,西衛里25鄰西衛375號,23.5836427,119.5826518,,,,,車位:小客車0輛、機車0輛、大客車0輛,,
Taiwan_Gov_OpenData_v2,hotels,Hotel_A15010000H_029050,洸波民宿,位於澎湖縣的民宿,馬公市,石泉里5鄰石泉608號,23.5599639,119.5917561,,,,,車位:小客車0輛、機車0輛、大客車0輛,,
Taiwan_Gov_OpenData_v2,hotels,Hotel_A15010000H_029051,筠妍小棧民宿,位於澎湖縣靠近美麗的山水沙灘的民宿,馬公市,山水里13鄰珠江276號,23.515569,119.595893,,,,,車位:小客車0輛、機車0輛、大客車0輛,,
Taiwan_Gov_OpenData_v2,hotels,Hotel_A15010000H_029052,歡樂時光民宿,位於澎湖縣的民宿,馬公市,東衛里21鄰東衛287之2號,23.569826,119.598854,,,,,車位:小客車0輛、機車0輛、大客車0輛,,
Taiwan_Gov_OpenData_v2,hotels,Hotel_A15010000H_029063,青青一築民宿,位於澎湖縣的民宿,馬公市,安宅里1鄰宅脚嶼91之38號,23.578478,119.603948,,,,,車位:小客車0輛、機車0輛、大客車0輛,,
Taiwan_Gov_OpenData_v2,hotels,Hotel_A15010000H_029135,築夢居民宿,位於澎湖縣的民宿,馬公市,興仁里9鄰双頭掛320之51號,23.551355,119.6155296,,,,,車位:小客車0輛、機車0輛、大客車0輛,,
Taiwan_Gov_OpenData_v2,hotels,Hotel_A15010000H_029150,米希亞家民宿,位於澎湖縣的民宿,馬公市,西衛里26鄰西衛278號,23.5836427,119.5826518,,,,,車位:小客車0輛、機車0輛、大客車0輛,,
Taiwan_Gov_OpenData_v2,hotels,Hotel_A15010000H_029536,美的驛棧民宿,位於澎湖縣的民宿,馬公市,西衛里29鄰六合路458巷1弄6號,23.577614,119.580862,,,,,車位:小客車0輛、機車0輛、大客車0輛,,
Taiwan_Gov_OpenData_v2,hotels,Hotel_A15010000H_029715,五顏六色民宿,位於澎湖縣的民宿,馬公市,前寮里2鄰前寮5之12號,23.5542923,119.5847087,,,,,車位:小客車1輛、機車2輛、大客車0輛,,
Taiwan_Gov_OpenData_v2,hotels,Hotel_A15010000H_029717,澎湖聚民宿,位於澎湖縣的民宿,馬公市,西衛里14鄰西衛678號,23.5836427,119.5826518,,,,,車位:小客車1輛、機車0輛、大客車0輛,,
Taiwan_Gov_OpenData_v2,hotels,Hotel_A15010000H_029718,藍海石民宿,位於澎湖縣的民宿,馬公市,西文里11鄰西文澳820號,23.564528,119.5827395,,,,,車位:小客車0輛、機車0輛、大客車0輛,,
Taiwan_Gov_OpenData_v2,hotels,Hotel_A15010000H_029725,太武春民宿,位於澎湖縣的民宿,湖西鄉,太武村1鄰太武1之8號,23.572017,119.636192,,,,,車位:小客車0輛、機車0輛、大客車0輛,,
Taiwan_Gov_OpenData_v2,hotels,Hotel_A15010000H_029734,澎湖紙飛機民宿,位於澎湖縣的民宿,馬公市,興仁里10鄰双頭掛272號,23.5502929,119.6170425,,,,,車位:小客車0輛、機車0輛、大客車0輛,,
Taiwan_Gov_OpenData_v2,hotels,Hotel_A15010000H_029753,藍海日光民宿,位於澎湖縣的民宿,馬公市,西衛里25鄰西衛379之5號,23.588037,119.581529,,,,,車位:小客車0輛、機車0輛、大客車0輛,,
Taiwan_Gov_OpenData_v2,hotels,Hotel_A15010000H_029778,澎湖大有景綻民宿,位於澎湖縣的民宿,馬公市,西衛里25鄰西衛376之3號,23.5836427,119.5826518,,,,,車位:小客車0輛、機車0輛、大客車0輛,,
Taiwan_Gov_OpenData_v2,hotels,Hotel_A15010000H_029792,歐薇花園精品電梯民宿,位於澎湖縣的民宿,馬公市,興仁里10鄰双頭掛279號,23.552133,119.613703,,,,,車位:小客車0輛、機車0輛、大客車0輛,,
Taiwan_Gov_OpenData_v2,hotels,Hotel_A15010000H_029793,麗詩旅海景民宿,位於澎湖縣的民宿,馬公市,啟明里18鄰臨海路29號,23.5629193,119.5661718,,,,,車位:小客車0輛、機車0輛、大客車0輛,,
Taiwan_Gov_OpenData_v2,hotels,Hotel_A15010000H_029799,芝蘭苑民宿,位於澎湖縣的民宿,馬公市,東衛里19鄰東衛6之19號,23.565801,119.600651,,,,,車位:小客車0輛、機車0輛、大客車0輛,,
Taiwan_Gov_OpenData_v2,hotels,Hotel_A15010000H_029814,欣雅民宿,位於澎湖縣的民宿,馬公市,東衛里4鄰東衛33之17號,23.569826,119.598854,,,,,車位:小客車2輛、機車6輛、大客車0輛,,
Taiwan_Gov_OpenData_v2,hotels,Hotel_A15010000H_029846,2號港民宿,位於澎湖縣的民宿,馬公市,東文里18鄰文學路291號,23.5608846,119.5814122,,,,,車位:小客車0輛、機車5輛、大客車0輛,,
Taiwan_Gov_OpenData_v2,hotels,Hotel_A15010000H_029849,小蘋果民宿二館,位於澎湖縣的民宿,馬公市,西衛里29鄰六合路600巷10弄16號,23.5784379,119.5801009,,,,,車位:小客車0輛、機車0輛、大客車0輛,,
Taiwan_Gov_OpenData_v2,hotels,Hotel_A15010000H_029852,海龍王民宿,位於澎湖縣的民宿,馬公市,光榮里24鄰三多路370巷15號,23.5773965,119.5701915,,,,,車位:小客車0輛、機車0輛、大客車0輛,,
Taiwan_Gov_OpenData_v2,hotels,Hotel_A15010000H_029853,航空棧輕旅民宿一館,位於澎湖縣的民宿,湖西鄉,隘門村13鄰隘門118之15號,23.5547805,119.6389041,,,,,車位:小客車0輛、機車0輛、大客車0輛,,
Taiwan_Gov_OpenData_v2,hotels,Hotel_A15010000H_029855,航空棧輕旅民宿二館,位於澎湖縣的民宿,湖西鄉,隘門村13鄰隘門118之13號,23.5547805,119.6389041,,,,,車位:小客車0輛、機車0輛、大客車0輛,,
Taiwan_Gov_OpenData_v2,hotels,Hotel_A15010000H_029865,愛們旅宿民宿,位於澎湖縣的民宿,湖西鄉,隘門村3鄰隘門34號,23.5547805,119.6389041,,,,,車位:小客車0輛、機車0輛、大客車0輛,,
Taiwan_Gov_OpenData_v2,hotels,Hotel_A15010000H_029868,雙魚休閒民宿,位於澎湖縣的民宿,馬公市,鐵線里1鄰鐵線尾166號,23.5325734,119.5965315,,,,,車位:小客車0輛、機車0輛、大客車0輛,,
Taiwan_Gov_OpenData_v2,hotels,Hotel_A15010000H_029898,沙沙民宿,位於澎湖縣的民宿,馬公市,西衛里14鄰西衛607號,23.5836427,119.5826518,,,,,車位:小客車0輛、機車0輛、大客車0輛,,
Taiwan_Gov_OpenData_v2,hotels,Hotel_A15010000H_029953,老朋友民宿,澎湖民宿「好朋友民宿」座落於整個澎湖縣的中心點，距離馬公市區只要8分鐘車程即可到達，距離澎湖各大景點也都很近(如白沙鄉跨海大橋、通樑古榕，湖西鄉奎壁山摩西分海、隘門沙灘，山水沙灘、風櫃動等等)，是一個地理位置極佳的住宿地點，另外住宿包含早餐以及每天都有提供額外的小點心，住宿的老闆一家也都十分親切，有什麼需要都可以跟我們說，我們會盡力的協助旅客處理～每一間套房都有獨立衛浴，除了2樓海洋團體房以及1樓鄉村房沒有陽台之外，其餘3樓花園雙人房以及2樓星月四人房皆有陽台哦～另外本館全面禁菸，若是有菸癮的房客再麻煩到外面抽菸，謝謝您！,湖西鄉,成功村1鄰港底303之5號,23.5767011,119.6194898,,,,,車位:小客車0輛、機車0輛、大客車0輛,,
Taiwan_Gov_OpenData_v2,hotels,Hotel_A15010000H_029954,諾亞窩民宿,位於澎湖縣的民宿,馬公市,烏崁里1鄰烏崁575號,23.5467075,119.6210858,,,,,車位:小客車1輛、機車6輛、大客車0輛,,
Taiwan_Gov_OpenData_v2,hotels,Hotel_A15010000H_029963,遛時光民宿,位於澎湖縣的民宿,馬公市,東衛里21鄰東衛319號,23.569826,119.598854,,,,,車位:小客車0輛、機車0輛、大客車0輛,,
Taiwan_Gov_OpenData_v2,hotels,Hotel_A15010000H_029964,舒驛棧旅宿民宿,位於澎湖縣的民宿,馬公市,東衛里21鄰東衛319之5號,23.5715922,119.6026563,,,,,車位:小客車0輛、機車0輛、大客車0輛,,
Taiwan_Gov_OpenData_v2,hotels,Hotel_A15010000H_029965,海風日常民宿,位於澎湖縣的民宿,馬公市,西衛里24鄰西衛436之6號,23.5836427,119.5826518,,,,,車位:小客車0輛、機車0輛、大客車0輛,,
Taiwan_Gov_OpenData_v2,hotels,Hotel_A15010000H_029969,玩聚民宿,位於澎湖縣的民宿,湖西鄉,成功村1鄰港底303之10號,23.5767011,119.6194898,,,,,車位:小客車0輛、機車0輛、大客車0輛,,
Taiwan_Gov_OpenData_v2,hotels,Hotel_A15010000H_029970,攜蔚民宿貳館,位於澎湖縣的民宿,馬公市,西衛里25鄰西衛475號,23.5836427,119.5826518,,,,,車位:小客車0輛、機車0輛、大客車0輛,https://www.trippenghu.com.tw/tw/seaway.html,
Taiwan_Gov_OpenData_v2,hotels,Hotel_A15010000H_030002,曬日子民宿,位於澎湖縣的民宿,湖西鄉,成功村1鄰港底302之10號,23.5767011,119.6194898,,,,,車位:小客車0輛、機車0輛、大客車0輛,,
Taiwan_Gov_OpenData_v2,hotels,Hotel_A15010000H_030019,老家在這民宿,位於澎湖白沙鄉的古厝民宿，結合現代文青及露營風格，能享受真正遠離都市的慢活。,白沙鄉,講美村7鄰講美68號,23.6321406,119.5992019,,,,,車位:小客車0輛、機車0輛、大客車0輛,https://www.facebook.com/mmhome68,
Taiwan_Gov_OpenData_v2,hotels,Hotel_A15010000H_030097,淳青文旅民宿,位於澎湖縣的民宿,馬公市,東文里2鄰文山路36巷21號,23.562867,119.5851742,,,,,車位:小客車1輛、機車2輛、大客車0輛,https://www.origination.com.tw/origination-retreat,
Taiwan_Gov_OpenData_v2,hotels,Hotel_A15010000H_030129,迦南美地電梯民宿,位於澎湖縣的民宿,馬公市,西文里7鄰西文澳92之28號,23.564528,119.5827395,,,,,車位:小客車0輛、機車0輛、大客車0輛,,
Taiwan_Gov_OpenData_v2,hotels,Hotel_A15010000H_030171,夏慕民宿,位於澎湖縣的民宿,馬公市,東文里7鄰文明路126巷89號,23.5604259,119.5860461,,,,,車位:小客車1輛、機車1輛、大客車0輛,,
Taiwan_Gov_OpenData_v2,hotels,Hotel_A15010000H_030201,玩美民宿,位於澎湖縣的民宿,馬公市,山水里13鄰珠江55之62號,23.515569,119.595893,,,,,車位:小客車1輛、機車1輛、大客車0輛,,
Taiwan_Gov_OpenData_v2,hotels,Hotel_A15010000H_030207,石泉民宿,位於澎湖縣的民宿,馬公市,石泉里1鄰石泉7之10號,23.5579771,119.5934652,,,,,車位:小客車0輛、機車0輛、大客車0輛,,
Taiwan_Gov_OpenData_v2,hotels,Hotel_A15010000H_030242,自在緣精品民宿,位於澎湖縣的民宿,馬公市,石泉里2鄰石泉21之6號,23.5579771,119.5934652,,,,,車位:小客車0輛、機車0輛、大客車0輛,,
Taiwan_Gov_OpenData_v2,hotels,Hotel_A15010000H_030243,水尚緣民宿,位於澎湖縣的民宿,馬公市,石泉里2鄰石泉21之7號,23.5575233,119.5937427,,,,,車位:小客車0輛、機車0輛、大客車0輛,,
Taiwan_Gov_OpenData_v2,hotels,Hotel_A15010000H_030337,今晚住這民宿,位於澎湖縣的民宿,馬公市,東衛里21鄰東衛319之3號,23.569826,119.598854,,,,,車位:小客車0輛、機車0輛、大客車0輛,,
Taiwan_Gov_OpenData_v2,hotels,Hotel_A15010000H_030604,宿夏好眠民宿,位於澎湖縣的民宿,馬公市,安宅里2鄰宅脚嶼91之36號,23.578478,119.603948,,,,,車位:小客車0輛、機車0輛、大客車0輛,,
Taiwan_Gov_OpenData_v2,hotels,Hotel_A15010000H_030654,逸軒居民宿一館,位於澎湖縣的民宿,湖西鄉,城北村10鄰大城北229之9號,23.5675794,119.6178852,,,,,車位:小客車0輛、機車0輛、大客車0輛,,
Taiwan_Gov_OpenData_v2,hotels,Hotel_A15010000H_030655,情人灣民宿二館,位於澎湖縣的民宿,馬公市,案山里2鄰文山路401號,23.5640906,119.5852168,,,,,車位:小客車0輛、機車0輛、大客車0輛,,
Taiwan_Gov_OpenData_v2,hotels,Hotel_A15010000H_030657,漁人嵵光民宿,"我們是座落在小漁村的傳統加工廠,經過三代的傳承除了延續傳統魚灶加工外,我們還提供了海景搖滾區的住宿服務,漁業加工文化與觀光的結合,邀請有興趣的您來一起體驗漁村自然修閒的生活吧！",馬公市,嵵裡里1鄰漁工新村1巷6號,23.5282509,119.567315,,,,,車位:小客車0輛、機車0輛、大客車0輛,,
Taiwan_Gov_OpenData_v2,hotels,Hotel_A15010000H_030663,樂樂窩民宿,位於澎湖縣的民宿,馬公市,山水里13鄰珠江55之61號,23.5168372,119.5963033,,,,,車位:小客車2輛、機車0輛、大客車0輛,,
Taiwan_Gov_OpenData_v2,hotels,Hotel_A15010000H_030717,逸軒居民宿二館,位於澎湖縣的民宿,湖西鄉,城北村10鄰大城北229之10號,23.5675794,119.6178852,,,,,車位:小客車0輛、機車0輛、大客車0輛,,
Taiwan_Gov_OpenData_v2,hotels,Hotel_A15010000H_030746,嶼光。角落民宿,Somewhere Guesthouse 澎湖嶼光。角落旅宿位於澎湖縣馬公市山水沙灘附近。民宿以清水模建築為主要設計主體，簡單卻不失細膩，粗曠又不失溫度。環境幽靜視野開闊，眺望山水30公園，毗鄰山水濕地候鳥棲息，鄰近山水沙灘，建築與自然環境融為一體，讓您感受到大自然的純淨和生命的活力。整棟清水模建築以其清新簡約的時尚設計，帶點文青風，展現了減法美學的設計理念，簡約而不單調，時尚卻不張揚，讓您在這個空間中感受到平靜與美感的結合。給人一種舒服且放鬆的感覺，適合放慢步調喜歡慢遊的您，是休閒度假的絕佳選擇。,馬公市,山水里5鄰珠江120之10號,23.5168372,119.5963033,,,,,車位:小客車0輛、機車0輛、大客車0輛,https://sites.google.com/view/somewhere-guesthouse/,https://taiwan.taiwanstay.net.tw/twpic/180899.jpg?v=20260831
Taiwan_Gov_OpenData_v2,hotels,Hotel_A15010000H_030773,城北四季民宿,位於澎湖縣的民宿,湖西鄉,城北村9鄰大城北263號,23.5675794,119.6178852,,,,,車位:小客車1輛、機車2輛、大客車0輛,,
Taiwan_Gov_OpenData_v2,hotels,Hotel_A15010000H_030784,捌玖文旅一館民宿,位於澎湖縣的民宿,馬公市,光榮里24鄰文光路89之1號,23.5772811,119.5713826,,,,,車位:小客車0輛、機車0輛、大客車0輛,,
Taiwan_Gov_OpenData_v2,hotels,Hotel_A15010000H_030873,米淇民宿,位於澎湖縣的民宿,湖西鄉,成功村1鄰港底302之2號,23.5767011,119.6194898,,,,,車位:小客車2輛、機車2輛、大客車0輛,,
Taiwan_Gov_OpenData_v2,hotels,Hotel_A15010000H_030919,初來乍到民宿,位於澎湖縣的民宿,馬公市,西衛里24鄰西衛432號,23.5836427,119.5826518,,,,,車位:小客車0輛、機車0輛、大客車0輛,,
Taiwan_Gov_OpenData_v2,hotels,Hotel_A15010000H_030920,棉花糖民宿,位於澎湖縣的民宿,馬公市,長安里18鄰中正路85號2樓,23.5670782,119.5653755,,,,,車位:小客車0輛、機車0輛、大客車0輛,,
Taiwan_Gov_OpenData_v2,hotels,Hotel_A15010000H_030921,澎之戀民宿,位於澎湖縣的民宿,馬公市,西衛里25鄰西衛488之5號,23.5836427,119.5826518,,,,,車位:小客車0輛、機車0輛、大客車0輛,,
Taiwan_Gov_OpenData_v2,hotels,Hotel_A15010000H_030922,奇樂旅店民宿,位於澎湖縣的民宿,馬公市,西衛里25鄰西衛488之6號,23.5836427,119.5826518,,,,,車位:小客車0輛、機車0輛、大客車0輛,,
Taiwan_Gov_OpenData_v2,hotels,Hotel_A15010000H_030946,晒日光海景民宿,位於澎湖縣的民宿,馬公市,光華里4鄰光華132之6號,23.5665252,119.5678096,,,,,車位:小客車0輛、機車0輛、大客車0輛,https://www.facebook.com/Penghu.sunshine,
Taiwan_Gov_OpenData_v2,hotels,Hotel_A15010000H_030961,我出去一下民宿,位於澎湖縣的民宿,湖西鄉,成功村1鄰港底186號,23.5767011,119.6194898,,,,,車位:小客車0輛、機車0輛、大客車0輛,,
Taiwan_Gov_OpenData_v2,hotels,Hotel_A15010000H_030994,所以民宿,位於澎湖縣的民宿,馬公市,安宅里7鄰宅脚嶼230號,23.578478,119.603948,,,,,車位:小客車0輛、機車0輛、大客車0輛,,
Taiwan_Gov_OpenData_v2,hotels,Hotel_A15010000H_030995,潮鋒文旅民宿,位於澎湖縣的民宿,馬公市,西衛里25鄰西衛488之2號,23.5836427,119.5826518,,,,,車位:小客車0輛、機車0輛、大客車0輛,,
Taiwan_Gov_OpenData_v2,hotels,Hotel_A15010000H_031007,維多麗亞民宿,位於澎湖縣馬公市的傳統特色咕咾石建築民宿,馬公市,鎖港里鎖管港316號,23.527747,119.604045,,,,,車位:小客車0輛、機車0輛、大客車0輛,,
Taiwan_Gov_OpenData_v2,hotels,Hotel_A15010000H_031008,GO再來民宿,位於澎湖縣的民宿,馬公市,石泉里14鄰石泉1之316號,23.560112,119.59497,,,,,車位:小客車2輛、機車10輛、大客車0輛,https://www.facebook.com/goagain1316,
Taiwan_Gov_OpenData_v2,hotels,Hotel_A15010000H_031062,佳宏馥居民宿,民宿位於馬公市西衛社區（當地稱西衛中路)，離市區僅10分鐘車程，步行至海邊10分鐘。,馬公市,西衛里24鄰西衛423號,23.5836427,119.5826518,,,,,車位:小客車1輛、機車4輛、大客車0輛,,
Taiwan_Gov_OpenData_v2,hotels,Hotel_A15010000H_031075,好好寓所民宿,位於澎湖縣的民宿,馬公市,東文里13鄰東文澳173號,23.562244,119.584626,,,,,車位:小客車0輛、機車0輛、大客車0輛,,
Taiwan_Gov_OpenData_v2,hotels,Hotel_A15010000H_031124,茗坊民宿,位於澎湖縣的民宿,馬公市,安宅里11鄰宅脚嶼161之5號,23.578478,119.603948,,,,,車位:小客車1輛、機車0輛、大客車0輛,,
Taiwan_Gov_OpenData_v2,hotels,Hotel_A15010000H_031153,小雲朵民宿,位於澎湖縣的民宿,馬公市,西文里21鄰西文澳268號,23.5684922,119.5938569,,,,,車位:小客車0輛、機車0輛、大客車0輛,,
Taiwan_Gov_OpenData_v2,hotels,Hotel_A15010000H_031163,澎湖十號港民宿,"位於澎湖縣馬公市區的民宿,地理條件優,交通方便亦有免費停車場,可代租汽機車,可單獨住房也可以包棟",馬公市,東文里4鄰文學路255巷10號,23.5617914,119.5818929,,,,,車位:小客車0輛、機車0輛、大客車0輛,,https://taiwan.taiwanstay.net.tw/twpic/349591.jpg?v=20260831
Taiwan_Gov_OpenData_v2,hotels,Hotel_A15010000H_031179,自在他方民宿,每個房間都有陽台，海景我們提供的房型有一間雙人房一間三人房一間四人房一間6-7人一間四人 房（總共20床位）可依不同人數安排包棟房型16人以下皆可包棟（最多可住20人）✅行程/租車/船票/澎湖旅遊諮詢規劃✈️距離澎湖機場車程5分鐘,馬公市,鎖港里1鄰鎖管港42之3號,23.5329065,119.6077402,,,,,車位:小客車0輛、機車0輛、大客車0輛,,
Taiwan_Gov_OpenData_v2,hotels,Hotel_A15010000H_031186,雨過天晴民宿,位於澎湖縣的民宿,馬公市,鐵線里2鄰鐵線尾39號,23.5360581,119.6012277,,,,,車位:小客車0輛、機車0輛、大客車0輛,,
Taiwan_Gov_OpenData_v2,hotels,Hotel_A15010000H_031188,幾點到澎湖民宿,位於澎湖縣的民宿,湖西鄉,南寮村10鄰南寮119之13號,23.5852855,119.6687483,,,,,車位:小客車0輛、機車0輛、大客車0輛,,
Taiwan_Gov_OpenData_v2,hotels,Hotel_A15010000H_031200,海賊王民宿,位於澎湖縣的民宿,馬公市,鎖港里27鄰鎖管港1981之1號,23.5215962,119.6015732,,,,,車位:小客車0輛、機車0輛、大客車0輛,,
Taiwan_Gov_OpenData_v2,hotels,Hotel_A15010000H_031213,海想民宿,位於澎湖縣的民宿,馬公市,中央里13鄰保安街18號,23.5641652,119.5647782,,,,,車位:小客車0輛、機車0輛、大客車0輛,,
Taiwan_Gov_OpenData_v2,hotels,Hotel_A15010000H_031215,澎湖亞可民宿,位於澎湖縣的民宿,馬公市,朝陽里20鄰林森路15巷36弄6之1號,23.5733,119.575729,,,,,車位:小客車0輛、機車0輛、大客車0輛,,
Taiwan_Gov_OpenData_v2,hotels,Hotel_A15010000H_031228,嶼你民宿,位於澎湖縣的民宿,馬公市,石泉里5鄰石泉498號,23.5613199,119.5943954,,,,,車位:小客車0輛、機車0輛、大客車0輛,,
Taiwan_Gov_OpenData_v2,hotels,Hotel_A15010000H_031229,菊舍民宿二館,位於澎湖縣的民宿,馬公市,東文里7鄰東文澳382號,23.562244,119.584626,,,,,車位:小客車0輛、機車0輛、大客車0輛,,
Taiwan_Gov_OpenData_v2,hotels,Hotel_A15010000H_031259,山田民宿,位於澎湖縣的山田民宿1218號,馬公市,西衛里23鄰五福路3巷32弄13號,23.5794031,119.575229,,,,,車位:小客車0輛、機車0輛、大客車0輛,,
Taiwan_Gov_OpenData_v2,hotels,Hotel_A15010000H_031268,貝嬤輕旅民宿,位於澎湖縣的民宿,湖西鄉,林投村1鄰林投88之38號,23.561856,119.6421799,,,,,車位:小客車2輛、機車10輛、大客車0輛,,https://taiwan.taiwanstay.net.tw/twpic/268658.jpg?v=20260831
Taiwan_Gov_OpenData_v2,hotels,Hotel_A15010000H_031269,豪客A館民宿,"豪情逸然,惜客好義大家好處!我們是合法[豪客民宿]!包棟住宿優惠,附機場,碼頭免費接駁,電動麻將桌,早餐,點唱機,烤肉器,汽機車代訂,代訂行程船票",馬公市,西衛里26鄰西衛647號,23.5836427,119.5826518,,,,,車位:小客車0輛、機車0輛、大客車0輛,,
Taiwan_Gov_OpenData_v2,hotels,Hotel_A15010000H_031270,豪客B館民宿,"豪情逸然,惜客好義大家好處!我們是合法[豪客民宿]!包棟住宿優惠,附機場,碼頭免費接駁,電動麻將桌,早餐,點唱機,烤肉器,汽機車代訂,代訂行程船票",馬公市,西衛里26鄰西衛648號,23.5836427,119.5826518,,,,,車位:小客車0輛、機車0輛、大客車0輛,,
Taiwan_Gov_OpenData_v2,hotels,Hotel_A15010000H_031284,頌華私墅肆區民宿,S.H. Villa 位於澎湖湖西鄉，提供私人別墅和海景房，融合了舒適、自然風光和周到的服務，讓您放慢腳步，呼吸海風，體驗真正的島嶼生活。,湖西鄉,許家村6鄰港子尾120之5號,23.5927661,119.6077326,,,,,車位:小客車0輛、機車0輛、大客車0輛,,
Taiwan_Gov_OpenData_v2,hotels,Hotel_A15010000H_031297,乃哥民宿,位於澎湖縣的民宿,馬公市,鐵線里1鄰鐵線尾85之1號,23.5360581,119.6012277,,,,,車位:小客車0輛、機車0輛、大客車0輛,,
Taiwan_Gov_OpenData_v2,hotels,Hotel_A15010000H_031306,賓賓有禮民宿,位於澎湖縣的民宿,湖西鄉,成功村1鄰港底303之8號,23.5767011,119.6194898,,,,,車位:小客車0輛、機車0輛、大客車0輛,,
Taiwan_Gov_OpenData_v2,hotels,Hotel_A15010000H_031307,享悅民宿,位於澎湖縣的民宿,馬公市,東文里7鄰東文澳386號,23.5622029,119.588241,,,,,車位:小客車0輛、機車0輛、大客車0輛,,
Taiwan_Gov_OpenData_v2,hotels,Hotel_A15010000H_031308,築日民宿,位於澎湖縣的民宿,馬公市,石泉里5鄰石泉611號,23.5613199,119.5943954,,,,,車位:小客車0輛、機車0輛、大客車0輛,,
Taiwan_Gov_OpenData_v2,hotels,Hotel_A15010000H_031393,承辰民宿,位於澎湖縣的民宿,馬公市,石泉里1鄰石泉7之5號,23.5596225,119.5980839,,,,,車位:小客車0輛、機車0輛、大客車0輛,,
Taiwan_Gov_OpenData_v2,hotels,Hotel_A15010000H_031503,好室民宿,位於澎湖縣的民宿,湖西鄉,成功村1鄰港底302之6號,23.5767011,119.6194898,,,,,車位:小客車1輛、機車1輛、大客車0輛,,
Taiwan_Gov_OpenData_v2,hotels,Hotel_A15010000H_031504,歲月靜好民宿,位於澎湖縣的民宿,湖西鄉,城北村10鄰大城北229之7號,23.5675794,119.6178852,,,,,車位:小客車0輛、機車0輛、大客車0輛,,
Taiwan_Gov_OpenData_v2,hotels,Hotel_A15010000H_031544,寶貝窩民宿,位於澎湖縣的民宿,湖西鄉,湖西村1鄰湖西300之9號,23.5823171,119.6571596,,,,,車位:小客車0輛、機車0輛、大客車0輛,,
Taiwan_Gov_OpenData_v2,hotels,Hotel_A15010000H_031546,享悅民宿二館,位於澎湖縣的民宿,馬公市,東文里7鄰東文澳385號,23.562244,119.584626,,,,,車位:小客車0輛、機車0輛、大客車0輛,,
Taiwan_Gov_OpenData_v2,hotels,Hotel_A15010000H_031561,旅澄民宿,位於澎湖縣的民宿,馬公市,鎖港里10鄰鎖港三路42巷3號,23.5349976,119.6036277,,,,,車位:小客車2輛、機車3輛、大客車0輛,,
Taiwan_Gov_OpenData_v2,hotels,Hotel_A15010000H_031591,真心愛你寵物民宿,位於澎湖縣的民宿,湖西鄉,許家村2鄰港子尾16之2號,23.647247,119.598976,,,,,車位:小客車0輛、機車0輛、大客車0輛,,
Taiwan_Gov_OpenData_v2,hotels,Hotel_A15010000H_031605,僑居民宿,位於澎湖縣的民宿,馬公市,西衛里26鄰西衛752號,23.5836427,119.5826518,,,,,車位:小客車0輛、機車0輛、大客車0輛,,
Taiwan_Gov_OpenData_v2,hotels,Hotel_A15010000H_031624,福來居民宿,位於澎湖縣的民宿,馬公市,興仁里11鄰双頭掛182號,23.551355,119.6155296,,,,,車位:小客車0輛、機車0輛、大客車0輛,,
Taiwan_Gov_OpenData_v2,hotels,Hotel_A15010000H_031625,初見民宿,鳥瞰撒落台灣海峽上近百座群島 腳下踩著夢幻沙灘上金黃閃亮細沙 海風徐徐地吹拂臉頰 望那清澈乾淨的蔚藍大海 與澎湖初次相見，就撥動我心弦 願，每位來訪澎湖的旅人，一如初見......,馬公市,石泉里14鄰石泉1之321號,23.5613199,119.5943954,,,,,車位:小客車0輛、機車0輛、大客車0輛,https://www.facebook.com/penghu.firstsight,
Taiwan_Gov_OpenData_v2,hotels,Hotel_A15010000H_031626,墨宅民宿,位於澎湖縣的民宿,馬公市,石泉里5鄰石泉579號,23.5613199,119.5943954,,,,,車位:小客車0輛、機車0輛、大客車0輛,,
Taiwan_Gov_OpenData_v2,hotels,Hotel_A15010000H_031627,小山丘民宿,位於澎湖縣的民宿,馬公市,五德里1鄰雞母塢200號,23.5290453,119.5858296,,,,,車位:小客車0輛、機車0輛、大客車0輛,,
Taiwan_Gov_OpenData_v2,hotels,Hotel_A15010000H_031640,東奇民宿,位於澎湖縣的民宿,湖西鄉,成功村1鄰港底187之1號,23.5767011,119.6194898,,,,,車位:小客車0輛、機車0輛、大客車0輛,,
Taiwan_Gov_OpenData_v2,hotels,Hotel_A15010000H_031657,好思二館民宿,位於澎湖縣的民宿,馬公市,長安里19鄰民生路29號,23.5675985,119.565208,,,,,車位:小客車0輛、機車0輛、大客車0輛,,
Taiwan_Gov_OpenData_v2,hotels,Hotel_A15010000H_031668,尼莫日記民宿,位於澎湖縣的民宿,湖西鄉,城北村1鄰大城北227號,23.5665529,119.6196604,,,,,車位:小客車10輛、機車30輛、大客車2輛,https://reurl.cc/lorLkA,
Taiwan_Gov_OpenData_v2,hotels,Hotel_A15010000H_031669,別野城北民宿,位於澎湖縣的民宿,湖西鄉,城北村1鄰大城北226號,23.5667732,119.6196866,,,,,車位:小客車0輛、機車0輛、大客車0輛,https://reurl.cc/p10DW8,
Taiwan_Gov_OpenData_v2,hotels,Hotel_A15010000H_031670,東海灣渡假民宿,位於澎湖縣的民宿[東海灣民宿]房間寬廣適合大家庭,馬公市,西文里11鄰西文澳96之46號,23.5650194,119.5824758,,,,,車位:小客車0輛、機車0輛、大客車0輛,,
Taiwan_Gov_OpenData_v2,hotels,Hotel_A15010000H_031694,Gold Home民宿,位於澎湖縣的民宿,馬公市,光華里4鄰光華115之17號,23.5665252,119.5678096,,,,,車位:小客車0輛、機車0輛、大客車0輛,,
Taiwan_Gov_OpenData_v2,hotels,Hotel_A15010000H_031696,夏澄民宿橫礁館,位於澎湖縣的民宿,西嶼鄉,橫礁村6鄰橫礁31之6號,23.636224,119.536415,,,,,車位:小客車0輛、機車0輛、大客車0輛,,
Taiwan_Gov_OpenData_v2,hotels,Hotel_A15010000H_031702,蜜夏文旅民宿,位於澎湖縣的民宿,馬公市,西衛里25鄰西衛375之3號,23.5836427,119.5826518,,,,,車位:小客車0輛、機車0輛、大客車0輛,,
Taiwan_Gov_OpenData_v2,hotels,Hotel_A15010000H_031716,貝嬤輕旅二館民宿,位於澎湖縣的民宿,湖西鄉,城北村9鄰大城北263之6號,23.5675794,119.6178852,,,,,車位:小客車1輛、機車6輛、大客車0輛,https://zh-tw.facebook.com/people/%E8%B2%9D%E5%AC%A4%E7%94%B0%E5%9C%92/100063955033125/,
Taiwan_Gov_OpenData_v2,hotels,Hotel_A15010000H_031737,珊號旅店民宿,位於澎湖縣的民宿,馬公市,光明里28鄰忠孝路89巷3號,23.5730422,119.5672314,,,,,車位:小客車0輛、機車0輛、大客車0輛,,
Taiwan_Gov_OpenData_v2,hotels,Hotel_A15010000H_031740,夏至文旅民宿,位於澎湖縣的民宿,馬公市,東衛里9鄰東衛90之51號,23.569955,119.598724,,,,,車位:小客車2輛、機車10輛、大客車0輛,,
Taiwan_Gov_OpenData_v2,hotels,Hotel_A15010000H_031750,憶織娛民宿,位於澎湖縣的民宿,馬公市,西文里11鄰西文澳713號,23.5628289,119.5915566,,,,,車位:小客車0輛、機車0輛、大客車0輛,,
Taiwan_Gov_OpenData_v2,hotels,Hotel_A15010000H_031751,海島之憩民宿,位於澎湖縣馬公市的民宿,馬公市,安宅里11鄰宅脚嶼165號,23.578478,119.603948,,,,,車位:小客車2輛、機車7輛、大客車0輛,https://site.traiwan.com/OceanNap/index.html,
Taiwan_Gov_OpenData_v2,hotels,Hotel_A15010000H_031759,海知道海景民宿,位於澎湖縣的民宿,馬公市,興仁里13鄰吉海路739號,23.5525258,119.618201,,,,,車位:小客車0輛、機車0輛、大客車0輛,,
Taiwan_Gov_OpenData_v2,hotels,Hotel_A15010000H_031760,我知道海景民宿,位於澎湖縣的民宿,馬公市,興仁里13鄰吉海路737號,23.5525258,119.618201,,,,,車位:小客車0輛、機車0輛、大客車0輛,,
Taiwan_Gov_OpenData_v2,hotels,Hotel_A15010000H_031775,三水青民宿,位於澎湖縣馬公市石泉里的民宿，距離市區只有五分鐘車程!,馬公市,石泉里6鄰石泉2之309號,23.5607815,119.5948723,,,,,車位:小客車2輛、機車8輛、大客車0輛,,
Taiwan_Gov_OpenData_v2,hotels,Hotel_A15010000H_031776,蒔點拾分民宿,位於澎湖縣的民宿,馬公市,西衛里26鄰西衛731號,23.5836427,119.5826518,,,,,車位:小客車0輛、機車0輛、大客車0輛,,
Taiwan_Gov_OpenData_v2,hotels,Hotel_A15010000H_031777,淼淼旅墅民宿,淼淼旅墅 MIAO MAIO VILLA 位處馬公風櫃尾 是與世隔絕的絕佳秘境 擁有觸手可及270度廣闊無際的海景,馬公市,風櫃里3鄰風櫃尾150號,23.5527039,119.5478247,,,,,車位:小客車0輛、機車0輛、大客車0輛,https://www.miaomiaovilla.com,
Taiwan_Gov_OpenData_v2,hotels,Hotel_A15010000H_031778,小管家管家民宿,位於澎湖縣的民宿,湖西鄉,城北村9鄰大城北263之12號,23.5675794,119.6178852,,,,,車位:小客車0輛、機車0輛、大客車0輛,,
Taiwan_Gov_OpenData_v2,hotels,Hotel_A15010000H_031811,旅時光民宿,位於澎湖縣的民宿,湖西鄉,許家村6鄰港子尾53之2號,23.647247,119.598976,,,,,車位:小客車0輛、機車0輛、大客車0輛,,
Taiwan_Gov_OpenData_v2,hotels,Hotel_A15010000H_031827,龍門海景渡假會館,位於澎湖縣的旅館,湖西鄉,龍門村119之61號,23.5596632,119.6817845,,,,,車位:小客車0輛、機車0輛、大客車0輛,,
Taiwan_Gov_OpenData_v2,hotels,Hotel_A15010000H_031854,梧桐民宿,位於澎湖縣的民宿,湖西鄉,林投村12鄰林投9之2號,23.561856,119.6421799,,,,,車位:小客車0輛、機車0輛、大客車0輛,,
Taiwan_Gov_OpenData_v2,hotels,Hotel_A15010000H_031855,大風吹民宿,位於澎湖縣的民宿,馬公市,光榮里17鄰成功街35號,23.5754922,119.5703755,,,,,車位:小客車0輛、機車0輛、大客車0輛,,
Taiwan_Gov_OpenData_v2,hotels,Hotel_A15010000H_031856,烽閤民宿,位於澎湖縣的民宿,馬公市,朝陽里23鄰朝陽路21號2樓,23.5724648,119.579059,,,,,車位:小客車0輛、機車8輛、大客車0輛,,https://taiwan.taiwanstay.net.tw/twpic/172346.jpg?v=20260831
Taiwan_Gov_OpenData_v2,hotels,Hotel_A15010000H_031857,室區民宿,位於澎湖縣的民宿,馬公市,中興里1鄰文化路8號,23.5677721,119.5673674,,,,,車位:小客車0輛、機車0輛、大客車0輛,,
Taiwan_Gov_OpenData_v2,hotels,Hotel_A15010000H_031883,清新全素民宿二館,位於澎湖縣的民宿,湖西鄉,沙港村1鄰沙港201之5號,23.604352,119.624557,,,,,車位:小客車0輛、機車0輛、大客車0輛,,
Taiwan_Gov_OpenData_v2,hotels,Hotel_A15010000H_032045,查克里安民宿,位於澎湖縣的民宿,馬公市,東衛里352號,23.5658011,119.6006511,,,,,車位:小客車1輛、機車5輛、大客車0輛,,
Taiwan_Gov_OpenData_v2,hotels,Hotel_A15010000H_032046,冠軍民宿,位於澎湖縣的民宿,湖西鄉,成功村260號,23.5767011,119.6194898,,,,,車位:小客車0輛、機車0輛、大客車0輛,,
Taiwan_Gov_OpenData_v2,hotels,Hotel_A15010000H_032070,奧斯陸民宿,位於澎湖縣的民宿,馬公市,西衛里733號,23.5824567,119.578911,,,,,車位:小客車1輛、機車5輛、大客車0輛,,
Taiwan_Gov_OpenData_v2,hotels,Hotel_A15010000H_032074,春夏秋冬民宿,位於澎湖縣的民宿,馬公市,西衛里308號,23.5824567,119.578911,,,,,車位:小客車0輛、機車0輛、大客車0輛,,
Taiwan_Gov_OpenData_v2,hotels,Hotel_A15010000H_032105,温温堡民宿,位於澎湖縣的民宿,馬公市,朝陽里四維路89號,23.5759396,119.5783763,,,,,車位:小客車0輛、機車0輛、大客車0輛,,
Taiwan_Gov_OpenData_v2,hotels,Hotel_A15010000H_032231,泊岸旅宿民宿,位於澎湖縣的民宿,馬公市,石泉里496號,23.5578748,119.5934048,,,,,車位:小客車0輛、機車0輛、大客車0輛,,
Taiwan_Gov_OpenData_v2,hotels,Hotel_A15010000H_032235,忘憂海民宿,位於澎湖縣的民宿,西嶼鄉,橫礁村3之6號,23.6367391,119.5383208,,,,,車位:小客車0輛、機車0輛、大客車0輛,,
Taiwan_Gov_OpenData_v2,hotels,Hotel_A15010000H_032236,三步海民宿,位於澎湖縣的民宿,馬公市,案山里12之6號,23.5513113,119.5731131,,,,,車位:小客車0輛、機車0輛、大客車0輛,,
Taiwan_Gov_OpenData_v2,hotels,Hotel_A15010000H_032269,旅巧嶼海景民宿,位於澎湖縣的民宿,馬公市,安宅里30號,23.5753756,119.6064479,,,,,車位:小客車0輛、機車0輛、大客車0輛,,
Taiwan_Gov_OpenData_v2,hotels,Hotel_A15010000H_032370,澎在一起民宿,位於澎湖縣的民宿,馬公市,興仁里225之8號,23.5525258,119.618201,,,,,車位:小客車0輛、機車0輛、大客車0輛,,
Taiwan_Gov_OpenData_v2,hotels,Hotel_A15010000H_032385,遇見海民宿一館,位於澎湖縣的民宿,湖西鄉,許家村25之9號,23.5865986,119.6107953,,,,,車位:小客車0輛、機車0輛、大客車0輛,,
Taiwan_Gov_OpenData_v2,hotels,Hotel_A15010000H_032395,岸棧民宿,位於澎湖縣的民宿,馬公市,東衛里70之8號,23.5658011,119.6006511,,,,,車位:小客車0輛、機車0輛、大客車0輛,,
Taiwan_Gov_OpenData_v2,hotels,Hotel_A15010000H_032438,芸庭民宿,位於澎湖縣的民宿,馬公市,西衛里221之6號,23.5824567,119.578911,,,,,車位:小客車0輛、機車0輛、大客車0輛,https://penghu-xiwei.h-and.world/,
Taiwan_Gov_OpenData_v2,hotels,Hotel_A15010000H_032467,漫菊民宿,位於澎湖縣的民宿,馬公市,西衛里927號,23.5824567,119.578911,,,,,車位:小客車0輛、機車0輛、大客車0輛,,
Taiwan_Gov_OpenData_v2,hotels,Hotel_A15010000H_032541,海漾民宿,位於澎湖縣的民宿,馬公市,光華里80之2號,23.5581574,119.6049987,,,,,車位:小客車0輛、機車0輛、大客車0輛,,
Taiwan_Gov_OpenData_v2,hotels,Hotel_A15010000H_032581,晨光夜色民宿,位於澎湖縣的民宿,馬公市,西衛里五福路138巷169號,23.5827117,119.5752413,,,,,車位:小客車0輛、機車0輛、大客車0輛,,
Taiwan_Gov_OpenData_v2,hotels,Hotel_A15010000H_032634,威世紀行旅民宿,位於澎湖縣的民宿,馬公市,興仁里320之48號,23.5525258,119.618201,,,,,車位:小客車0輛、機車0輛、大客車0輛,,
Taiwan_Gov_OpenData_v2,hotels,Hotel_A15010000H_032642,紫外線民宿,位於澎湖縣的民宿,馬公市,鐵線里69之36號,23.5345012,119.6021003,,,,,車位:小客車0輛、機車0輛、大客車0輛,,
Taiwan_Gov_OpenData_v2,hotels,Hotel_A15010000H_032645,漫活時光民宿,位於澎湖縣的民宿,白沙鄉,赤崁村370之3號,23.6671794,119.5992019,,,,,車位:小客車0輛、機車0輛、大客車0輛,,
Taiwan_Gov_OpenData_v2,hotels,Hotel_A15010000H_032730,雅典度假會館民宿,位於澎湖縣的民宿,馬公市,山水里280號,23.5168372,119.5963033,,,,,車位:小客車0輛、機車0輛、大客車0輛,,
Taiwan_Gov_OpenData_v2,hotels,Hotel_A15010000H_032776,班長民宿,位於澎湖縣的民宿,馬公市,鐵線里37之5號,23.5345012,119.6021003,,,,,車位:小客車0輛、機車0輛、大客車0輛,,
Taiwan_Gov_OpenData_v2,hotels,Hotel_A15010000H_032815,牽海民宿,位於澎湖縣的民宿,馬公市,西衛里458號,23.5824567,119.578911,,,,,車位:小客車0輛、機車0輛、大客車0輛,,
Taiwan_Gov_OpenData_v2,hotels,Hotel_A15010000H_032840,鹿角民宿,位於澎湖縣的民宿,馬公市,西衛里五福路100之2號,23.581062,119.5764608,,,,,車位:小客車0輛、機車0輛、大客車0輛,,
Taiwan_Gov_OpenData_v2,hotels,Hotel_A15010000H_032850,侣宅寓所民宿,位於澎湖縣的民宿,馬公市,東衛里662號,23.5658011,119.6006511,,,,,車位:小客車0輛、機車0輛、大客車0輛,,
Taiwan_Gov_OpenData_v2,hotels,Hotel_A15010000H_032851,希臘邊境民宿,靠著一股對於地中海的憧憬，在一個氣候背景與希臘相同的小島上 築起了離希臘最遠的藍與白 這不是簡單民房改裝所能比擬 我們期待顧客們能盡情放鬆把工作和煩惱的事拋諸腦後來到這您只須盡情享受海洋的遼闊、感受陽光的熱力，放鬆享受風格獨特的空間和優質設備和享受每分鐘120秒的優閒氣息衷心盼望每個懷著希臘夢想的旅人們，一趟希臘邊境的旅程，讓人遇見希臘國度的陽光、悠閒、沙灘,馬公市,山水里59號,23.5168372,119.5963033,,,,,車位:小客車0輛、機車0輛、大客車0輛,,
Taiwan_Gov_OpenData_v2,hotels,Hotel_A15010000H_032869,心悅民宿,位於澎湖縣的民宿,湖西鄉,成功村港底165之1號,23.5767011,119.6194898,,,,,車位:小客車0輛、機車0輛、大客車0輛,,
Taiwan_Gov_OpenData_v2,hotels,Hotel_A15010000H_032873,澎湖海洋旅人民宿二館,位於澎湖縣的民宿,馬公市,朝陽里朝陽路148巷2號,23.5741355,119.5749533,,,,,車位:小客車0輛、機車0輛、大客車0輛,,
Taiwan_Gov_OpenData_v2,hotels,Hotel_A15010000H_032894,漫步綠丘民宿,位於澎湖縣的民宿,馬公市,五德里51之31號,23.5267315,119.5876075,,,,,車位:小客車0輛、機車0輛、大客車0輛,,
Taiwan_Gov_OpenData_v2,hotels,Hotel_A15010000H_032902,愛加倍民宿,位於澎湖縣的民宿,馬公市,西衛里210之3號,23.5824567,119.578911,,,,,車位:小客車0輛、機車0輛、大客車0輛,,
Taiwan_Gov_OpenData_v2,hotels,Hotel_A15010000H_032903,愛加佳民宿,位於澎湖縣的民宿,馬公市,五德里51之26號,23.5267315,119.5876075,,,,,車位:小客車2輛、機車15輛、大客車0輛,,
Taiwan_Gov_OpenData_v2,hotels,Hotel_A15010000H_032917,九屏文旅民宿,位於澎湖縣西嶼鄉池東村的民宿，請上google搜尋即可。根據政府法規要求，2025/01/01開始，住房內將不再提供一次性盥洗用品（牙刷、牙膏、梳子、浴帽、棉花棒、牙線、肥皂、刮鬍刀組）。,西嶼鄉,池東村77號之4,23.6017141,119.512221,,,,,車位:小客車0輛、機車0輛、大客車0輛,,
Taiwan_Gov_OpenData_v2,hotels,Hotel_A15010000H_032918,鄉閣民宿二館,位於澎湖縣的民宿,馬公市,鎖港里241之1號,23.5304929,119.6028749,,,,,車位:小客車0輛、機車0輛、大客車0輛,,
Taiwan_Gov_OpenData_v2,hotels,Hotel_A15010000H_032926,市場民宿,位於澎湖縣的民宿,馬公市,陽明里大智街18巷10弄11號,23.5708099,119.5718222,,,,,車位:小客車0輛、機車0輛、大客車0輛,,
Taiwan_Gov_OpenData_v2,hotels,Hotel_A15010000H_032927,海蝸牛民宿,位於澎湖縣的民宿,湖西鄉,潭邊村91號,23.5946843,119.6107953,,,,,車位:小客車0輛、機車0輛、大客車0輛,,
Taiwan_Gov_OpenData_v2,hotels,Hotel_A15010000H_032974,漢斯爺爺民宿,位於澎湖縣的民宿,馬公市,山水里152之58號,23.5168372,119.5963033,,,,,車位:小客車0輛、機車0輛、大客車0輛,,
Taiwan_Gov_OpenData_v2,hotels,Hotel_A15010000H_032975,侘寂宅居民宿,位於澎湖縣的民宿,馬公市,西衛里367之6號,23.5824567,119.578911,,,,,車位:小客車0輛、機車0輛、大客車0輛,,
Taiwan_Gov_OpenData_v2,hotels,Hotel_A15010000H_032976,淳夏文旅民宿,位於澎湖縣的民宿,馬公市,西衛里367號,23.5824567,119.578911,,,,,車位:小客車1輛、機車2輛、大客車0輛,,
Taiwan_Gov_OpenData_v2,hotels,Hotel_A15010000H_032994,好相聚民宿,位於澎湖縣的民宿,馬公市,山水里118之13號,23.5168372,119.5963033,,,,,車位:小客車0輛、機車0輛、大客車0輛,,
Taiwan_Gov_OpenData_v2,hotels,Hotel_A15010000H_033010,東衛參捌民宿,位於澎湖縣的民宿,馬公市,東衛里38號,23.5658011,119.6006511,,,,,車位:小客車0輛、機車0輛、大客車0輛,,
Taiwan_Gov_OpenData_v2,hotels,Hotel_A15010000H_033031,月光海岸民宿,位於屏東縣的民宿,馬公市,鎖港里吉海路1145號,23.5309199,119.6039171,,,,,車位:小客車1輛、機車1輛、大客車0輛,,
Taiwan_Gov_OpenData_v2,hotels,Hotel_A15010000H_033032,漁月春民宿,位於澎湖縣的民宿,馬公市,西衛里367之5號,23.5824567,119.578911,,,,,車位:小客車0輛、機車0輛、大客車0輛,,
Taiwan_Gov_OpenData_v2,hotels,Hotel_A15010000H_033033,航海途民宿,位於澎湖縣的民宿,馬公市,啟明里惠民路12號,23.5645852,119.5664628,,,,,車位:小客車0輛、機車0輛、大客車0輛,,
Taiwan_Gov_OpenData_v2,hotels,Hotel_A15010000H_033064,飛樂密城堡號民宿,位於澎湖縣的民宿,馬公市,山水里182之1號,23.5168372,119.5963033,,,,,車位:小客車0輛、機車0輛、大客車0輛,,
Taiwan_Gov_OpenData_v2,hotels,Hotel_A15010000H_033065,風之島民宿,位於澎湖縣的民宿,湖西鄉,成功村港底201之6號,23.5767011,119.6194898,,,,,車位:小客車2輛、機車10輛、大客車0輛,,
Taiwan_Gov_OpenData_v2,hotels,Hotel_A15010000H_033080,亞青大山營區旅宿,位於澎湖縣的旅館,馬公市,嵵裡里300號(B棟),23.5282509,119.567315,,,,,車位:小客車0輛、機車0輛、大客車0輛,,https://taiwan.taiwanstay.net.tw/twpic/307486.jpg?v=20260831
Taiwan_Gov_OpenData_v2,hotels,Hotel_A15010000H_033089,風妍麗緻旅店民宿,位於澎湖縣的民宿,馬公市,鐵線里103號,23.5345012,119.6021003,,,,,車位:小客車0輛、機車0輛、大客車0輛,,
Taiwan_Gov_OpenData_v2,hotels,Hotel_A15010000H_033094,芸樂行旅民宿,位於澎湖縣的民宿,馬公市,西衛里807號,23.5824567,119.578911,,,,,車位:小客車0輛、機車0輛、大客車0輛,https://instagram.com/yunle_travel?igshid=MjkzY2Y1YTY=51348/,
Taiwan_Gov_OpenData_v2,hotels,Hotel_A15010000H_033124,愛玩樂民宿,位於澎湖縣的民宿,馬公市,興仁里316之6號,23.5525258,119.618201,,,,,車位:小客車0輛、機車0輛、大客車0輛,,
Taiwan_Gov_OpenData_v2,hotels,Hotel_A15010000H_033149,九重葛海景民宿,位於澎湖縣的民宿,白沙鄉,中屯村12之10號,23.6141552,119.607897,,,,,車位:小客車0輛、機車0輛、大客車0輛,,
Taiwan_Gov_OpenData_v2,hotels,Hotel_A15010000H_033169,澎湖仨聚舍民宿,位於澎湖縣的民宿,馬公市,興仁里320之49號,23.5512245,119.6168651,,,,,車位:小客車1輛、機車2輛、大客車0輛,,
Taiwan_Gov_OpenData_v2,hotels,Hotel_A15010000H_033170,良辰吉日民宿,合法民宿編號：????⸝靜謐、藝韻、晨曦時光微暖，恰好相遇。⸝在澎湖的風裡，有這麼一座靜謐的民宿，它獨立於西衛，安靜卻不遙遠，騎車 7 分鐘，剛好能趕上花火節的燦爛，又或者，單純享受這裡的晨光與夜晚。空間以柔和的奶茶色調鋪陳，搭配木質紋理，少許藝術畫作，像是為旅途中的片刻，留下溫暖的呼吸感。中島廚房是這裡的靈魂，一壺熱茶、一場即興的深夜料理，或是旅行朋友們圍坐聊天的午後，在這裡，時間會變得很緩，讓人忍不住想再多留一點。在這座小島，找到屬於妳的???? ??? ⸝✦ ?? 公共空間    公共客廳｜中島廚房｜飲水機    冰箱｜凍櫃｜電動麻將｜卡拉??✦ ?? 房型    獨立客廳｜飲水機｜冰箱｜洗衣機    六人房 x 1 （有浴缸）    四人房 x 1✦ ?? 房型    獨立客廳｜飲水機｜冰箱    四人房 x 2    雙人房 x 1,馬公市,西衛里263號,23.5824567,119.578911,,,,,車位:小客車1輛、機車3輛、大客車0輛,,
Taiwan_Gov_OpenData_v2,hotels,Hotel_A15010000H_033171,幸福路上民宿,位於澎湖縣的民宿,馬公市,光華里115之27號,23.5581574,119.6049987,,,,,車位:小客車0輛、機車0輛、大客車0輛,,
Taiwan_Gov_OpenData_v2,hotels,Hotel_A15010000H_033178,海島森活民宿,位於澎湖縣的民宿,湖西鄉,湖西村306之6號,23.5823171,119.6571596,,,,,車位:小客車0輛、機車0輛、大客車0輛,,
Taiwan_Gov_OpenData_v2,hotels,Hotel_A15010000H_033179,棕櫚民宿,位於澎湖縣的民宿,馬公市,五德里228號,23.5267315,119.5876075,,,,,車位:小客車0輛、機車0輛、大客車0輛,,
Taiwan_Gov_OpenData_v2,hotels,Hotel_A15010000H_033180,甜心卡朵民宿,位於澎湖縣的民宿,馬公市,西衛里729號,23.5824567,119.578911,,,,,車位:小客車1輛、機車5輛、大客車0輛,,https://taiwan.taiwanstay.net.tw/twpic/283034.jpg?v=20260831
Taiwan_Gov_OpenData_v2,hotels,Hotel_A15010000H_033200,山生有信民宿,位於澎湖縣的民宿,望安鄉,中社村花宅27-1號,23.3706721,119.4954046,,,,,車位:小客車0輛、機車0輛、大客車0輛,https://www.serendipityhouse.com.tw,https://taiwan.taiwanstay.net.tw/twpic/323915.jpg?v=20260831
Taiwan_Gov_OpenData_v2,hotels,Hotel_A15010000H_033220,品澄民宿,位於澎湖縣的民宿,馬公市,西衛里692號,23.5824567,119.578911,,,,,車位:小客車0輛、機車0輛、大客車0輛,,
Taiwan_Gov_OpenData_v2,hotels,Hotel_A15010000H_033238,星願民宿,位於澎湖縣的民宿,湖西鄉,潭邊村101號,23.5946843,119.6107953,,,,,車位:小客車0輛、機車0輛、大客車0輛,,
Taiwan_Gov_OpenData_v2,hotels,Hotel_A15010000H_033240,西里海岸民宿,位於澎湖縣的民宿,馬公市,光榮里21鄰頂新三路26號,23.5761783,119.5702141,,,,,車位:小客車0輛、機車0輛、大客車0輛,,
Taiwan_Gov_OpenData_v2,hotels,Hotel_A15010000H_033241,米蟲無人自助旅店民宿,位於澎湖縣的民宿,馬公市,西衛里266號,23.5824567,119.578911,,,,,車位:小客車0輛、機車0輛、大客車0輛,,
Taiwan_Gov_OpenData_v2,hotels,Hotel_A15010000H_033243,澎湖足跡民宿,位於澎湖縣的民宿,馬公市,烏崁里吉海路335號,23.550192,119.6238368,,,,,車位:小客車0輛、機車0輛、大客車0輛,,
Taiwan_Gov_OpenData_v2,hotels,Hotel_A15010000H_033244,藝宿館精品民宿,位於澎湖縣的民宿,馬公市,朝陽里三多路66號,23.5744009,119.5787609,,,,,車位:小客車0輛、機車0輛、大客車0輛,,
Taiwan_Gov_OpenData_v2,hotels,Hotel_A15010000H_033245,好漫行旅民宿,位於澎湖縣的民宿,馬公市,西衛里四維路223號,23.5772046,119.574976,,,,,車位:小客車0輛、機車0輛、大客車0輛,,
Taiwan_Gov_OpenData_v2,hotels,Hotel_A15010000H_033246,潛水鴨民宿,民宿外就是潮間帶，一旁步道可連通至媽祖園區，到超商只要2分鐘，到正市區中正路只要8分鐘，訂兩晚以上，提供機場接免費接送（船）免費代訂各項行程/汽機車租借、規劃行程，提供房型為雙人房、四人房、六人房，歡迎包棟，提供Wi-Fi、洗衣機、飲水機，為飼主方便提供一房可帶寵物入住，帶嬰兒的可借嬰兒澡盆、嬰兒床、消毒鍋、溫奶器、洗髮精、沐浴乳、滑草板、兒童防噪音耳罩包棟提供KTV、麻將，依需求調整房型,馬公市,西衛里457號,23.5824567,119.578911,,,,,車位:小客車0輛、機車0輛、大客車0輛,,
Taiwan_Gov_OpenData_v2,hotels,Hotel_A15010000H_033292,閒海風民宿,位於澎湖縣的民宿,馬公市,山水里珠江151-80號,23.5168372,119.5963033,,,,,車位:小客車0輛、機車0輛、大客車0輛,,
Taiwan_Gov_OpenData_v2,hotels,Hotel_A15010000H_033295,詠珍文旅民宿,位於澎湖縣的民宿,馬公市,西衛里367-3號,23.5824567,119.578911,,,,,車位:小客車0輛、機車0輛、大客車0輛,,
Taiwan_Gov_OpenData_v2,hotels,Hotel_A15010000H_033296,三花魚民宿,位於澎湖縣的民宿,馬公市,西衛里367-1號,23.5824567,119.578911,,,,,車位:小客車0輛、機車0輛、大客車0輛,,
Taiwan_Gov_OpenData_v2,hotels,Hotel_A15010000H_033297,才居逸民宿,位於澎湖縣的民宿,馬公市,西衛里367-2號,23.5824567,119.578911,,,,,車位:小客車0輛、機車0輛、大客車0輛,,
Taiwan_Gov_OpenData_v2,hotels,Hotel_A15010000H_033320,迴衛民宿,位於澎湖縣的民宿,馬公市,西衛里260-6號,23.5824567,119.578911,,,,,車位:小客車0輛、機車0輛、大客車0輛,,
Taiwan_Gov_OpenData_v2,hotels,Hotel_A15010000H_033321,滿福春民宿,位於澎湖縣的民宿,馬公市,東衛里1-25號,23.5658011,119.6006511,,,,,車位:小客車0輛、機車0輛、大客車0輛,,
Taiwan_Gov_OpenData_v2,hotels,Hotel_A15010000H_033322,米沢民宿,位於澎湖縣的民宿,馬公市,西衛里880號,23.5824567,119.578911,,,,,車位:小客車0輛、機車0輛、大客車0輛,,
Taiwan_Gov_OpenData_v2,hotels,Hotel_A15010000H_033323,玩壹夏民宿,位於澎湖縣的民宿,湖西鄉,成功村港底158-5號,23.5767011,119.6194898,,,,,車位:小客車0輛、機車0輛、大客車0輛,,
Taiwan_Gov_OpenData_v2,hotels,Hotel_A15010000H_033324,清風徐來民宿,位於澎湖縣的民宿,馬公市,朝陽里31鄰三多路58號,23.57445,119.578896,,,,,車位:小客車0輛、機車0輛、大客車0輛,,
Taiwan_Gov_OpenData_v2,hotels,Hotel_A15010000H_033325,山與民宿,位於澎湖縣的民宿,馬公市,西衛里266-6號,23.5824567,119.578911,,,,,車位:小客車0輛、機車0輛、大客車0輛,,
Taiwan_Gov_OpenData_v2,hotels,Hotel_A15010000H_033326,漁嶼相寓民宿,位於澎湖縣的民宿,馬公市,西衛里266-7號,23.5824567,119.578911,,,,,車位:小客車0輛、機車0輛、大客車0輛,,
Taiwan_Gov_OpenData_v2,hotels,Hotel_A15010000H_033327,嶼居民宿,位於澎湖縣的民宿,馬公市,西衛里266-8號,23.5824567,119.578911,,,,,車位:小客車0輛、機車0輛、大客車0輛,,
Taiwan_Gov_OpenData_v2,hotels,Hotel_A15010000H_033329,三巷七號民宿,位於澎湖縣的民宿,馬公市,啟明里中山路3巷7號,23.5634824,119.5670376,,,,,車位:小客車0輛、機車0輛、大客車0輛,,
Taiwan_Gov_OpenData_v2,hotels,Hotel_A15010000H_033330,三巷七號民宿貳館,位於澎湖縣的民宿,馬公市,啟明里中山路3巷7號3樓,23.5634824,119.5670376,,,,,車位:小客車0輛、機車0輛、大客車0輛,,
Taiwan_Gov_OpenData_v2,hotels,Hotel_A15010000H_033390,桂月的家民宿,位於澎湖縣的民宿,湖西鄉,成功里港底152號,23.5703493,119.6110384,,,,,車位:小客車0輛、機車0輛、大客車0輛,,
Taiwan_Gov_OpenData_v2,hotels,Hotel_A15010000H_033391,沒有名字民宿,位於澎湖縣的民宿,馬公市,鎖港里鎖港六路197號,23.524948,119.602149,,,,,車位:小客車0輛、機車0輛、大客車0輛,,
Taiwan_Gov_OpenData_v2,hotels,Hotel_A15010000H_033392,我築巢民宿,位於澎湖縣的民宿,馬公市,安宅里宅腳嶼109之1號,23.5816794,119.6063259,,,,,車位:小客車0輛、機車0輛、大客車0輛,,
Taiwan_Gov_OpenData_v2,hotels,Hotel_A15010000H_033393,喵鯊民宿,位於澎湖縣的民宿,馬公市,東文里文山路225巷155號,23.5594245,119.5830855,,,,,車位:小客車0輛、機車0輛、大客車0輛,,
Taiwan_Gov_OpenData_v2,hotels,Hotel_A15010000H_033410,默森民宿,位於澎湖縣的民宿,湖西鄉,成功村港底158號,23.5703493,119.6110384,,,,,車位:小客車0輛、機車0輛、大客車0輛,,
Taiwan_Gov_OpenData_v2,hotels,Hotel_A15010000H_033411,驛澎湖民宿,❤️驛澎湖豪華電梯民宿,馬公市,光榮里光榮街95號,23.5758843,119.5735721,,,,,車位:小客車0輛、機車0輛、大客車0輛,,
Taiwan_Gov_OpenData_v2,hotels,Hotel_A15010000H_033412,一玖玖一民宿,位於澎湖縣的民宿,馬公市,西衛里468之10號,23.5824567,119.578911,,,,,車位:小客車0輛、機車0輛、大客車0輛,,
Taiwan_Gov_OpenData_v2,hotels,Hotel_A15010000H_033429,沐暮民宿,位於澎湖縣的民宿,馬公市,西衛里266之1號,23.5824567,119.578911,,,,,車位:小客車0輛、機車0輛、大客車0輛,,
Taiwan_Gov_OpenData_v2,hotels,Hotel_A15010000H_033430,閒魚民宿,位於澎湖縣的民宿,馬公市,西衛里260之9號,23.5824567,119.578911,,,,,車位:小客車0輛、機車0輛、大客車0輛,,
Taiwan_Gov_OpenData_v2,hotels,Hotel_A15010000H_033436,Hi海民宿,位於澎湖縣的民宿,馬公市,西衛里1000號,23.5824567,119.578911,,,,,車位:小客車0輛、機車0輛、大客車0輛,,
Taiwan_Gov_OpenData_v2,hotels,Hotel_A15010000H_033437,和煦創意民宿,位於澎湖縣的民宿         和煦創意民宿位於澎湖西衛，距離海灘僅約1分鐘路程。部分房型享有部分海景，是一家親子主題民宿。每間房型都擁有獨特風格主題，整個設計包括木工製作、主題燈飾和牆壁彩繪均由民宿主人精心打造完成。儘管可能不盡完美，但我們用心經營，期望給每位旅客留下美好回憶。除了房內設施外，我們還提供嬰兒床、消毒鍋、洗澡盆、兒童餐椅、遊戲區和咖啡茶飲區供免費使用。心靈舒壓療癒區則需預約體驗。,馬公市,西衛里1002號,23.5824567,119.578911,,,,,車位:小客車0輛、機車0輛、大客車0輛,https://hexu.trunslu.com.tw/,
Taiwan_Gov_OpenData_v2,hotels,Hotel_A15010000H_033445,雲夏行旅民宿,位於澎湖縣的民宿,湖西鄉,成功村港底212之1號,23.5703493,119.6110384,,,,,車位:小客車0輛、機車0輛、大客車0輛,,
Taiwan_Gov_OpenData_v2,hotels,Hotel_A15010000H_033447,童心未泯民宿,位於澎湖縣的民宿,湖西鄉,成功村港底187之8號,23.5703493,119.6110384,,,,,車位:小客車0輛、機車0輛、大客車0輛,,
Taiwan_Gov_OpenData_v2,hotels,Hotel_A15010000H_033455,聽浪的日子民宿,位於澎湖縣的民宿,七美鄉,平和村下茄埕67號,23.2112797,119.4164813,,,,,車位:小客車0輛、機車0輛、大客車0輛,,
Taiwan_Gov_OpenData_v2,hotels,Hotel_A15010000H_033456,伍柒陸民宿,位於澎湖縣的民宿 No.576｜澎湖親子民宿合法民宿編號：1369位於馬公地區的合法民宿我們民宿理念以簡約、友善親子/寵物，為主要特色，我們注重簡潔及流暢，使房間呈現寧靜的感覺，居住時，能感受到清新、輕鬆、愜意的自在感。,馬公市,石泉里576號,23.5578748,119.5934048,,,,,車位:小客車0輛、機車0輛、大客車0輛,,
Taiwan_Gov_OpenData_v2,hotels,Hotel_A15010000H_033474,春子.寓民宿,位於澎湖縣的民宿,馬公市,西衛里1001號,23.5824567,119.578911,,,,,車位:小客車0輛、機車0輛、大客車0輛,,
Taiwan_Gov_OpenData_v2,hotels,Hotel_A15010000H_033475,西衛左岸觀海民宿,位於澎湖縣的民宿,馬公市,西衛里468之5號,23.5824567,119.578911,,,,,車位:小客車0輛、機車0輛、大客車0輛,,
Taiwan_Gov_OpenData_v2,hotels,Hotel_A15010000H_033476,易宿輕旅民宿,位於澎湖縣的民宿,湖西鄉,成功村港底158之2號,23.5703493,119.6110384,,,,,車位:小客車0輛、機車0輛、大客車0輛,,
Taiwan_Gov_OpenData_v2,hotels,Hotel_A15010000H_033508,光鹽民宿,Line：@182debzl 住宿｜旅遊｜咖啡｜桌遊｜音樂 ☀️夏日「光」的熱情；空氣中夾雜著「鹽」分是澎湖的特色！ 民宿登記1373號,馬公市,西衛里1005號,23.5824567,119.578911,,,,,車位:小客車0輛、機車0輛、大客車0輛,,
Taiwan_Gov_OpenData_v2,hotels,Hotel_A15010000H_033537,聞星宅民宿,"歡迎來到！《 聞星宅 WinXin House 》澎湖縣民宿登記證第1374號散步15分鐘即達“觀音亭親水遊憩區”、”天后宮”～便利位置是您遊覽澎湖最佳選擇～民宿位於馬公市區安靜巷弄內，位置便利、鬧中取靜，可以包棟或是單間住宿預訂。免費服務：每日當地特色風味早餐、住宿2晚機場/碼頭來回接送。便利服務：租車安排、代訂船票、代訂各式遊玩行程。舒適設施：全室木質地板，乾濕分離私人浴廁、飯店等級浴巾毛巾、日本原裝Panasonic 溫水洗淨便座。親子友善設施：冰溫熱飲水機、幼兒澡盆、奶瓶消毒鍋、嬰兒床、圖書玩具遊戲區。房型照片請參閱FB相片（所有相簿）：https://www.facebook.com/winxin.house預訂優惠請洽LINE官方帳號，請在LINE直接搜尋""聞星宅""、""WinXin House""即可與我們聯繫。期待為您打造難忘的澎湖之旅！",馬公市,光明里忠孝路89巷1號,23.5729185,119.5671834,,,,,車位:小客車0輛、機車6輛、大客車0輛,,
Taiwan_Gov_OpenData_v2,hotels,Hotel_A15010000H_033538,森之羽民宿,澎湖森之羽民宿，位於湖西鄉、緊鄰馬公市乾淨住宿環境，讓旅客回到民宿能放鬆休息  森之羽位置約10分鐘車程，可到達澎坊購物休閒廣場，及熱鬧馬公市中心。在地漫遊欣賞風景，擁有一段美好回憶，森之羽竭誠歡迎您蒞臨,湖西鄉,成功村211之3號,23.5767011,119.6194898,,,,,車位:小客車0輛、機車0輛、大客車0輛,,
Taiwan_Gov_OpenData_v2,hotels,Hotel_A15010000H_033549,悠日民宿,位於澎湖縣的民宿,馬公市,西衛里468號,23.5824567,119.578911,,,,,車位:小客車0輛、機車0輛、大客車0輛,,
Taiwan_Gov_OpenData_v2,hotels,Hotel_A15010000H_033550,漁聲民宿,位於澎湖縣的民宿,馬公市,山水里151之83號,23.5168372,119.5963033,,,,,車位:小客車0輛、機車0輛、大客車0輛,,
Taiwan_Gov_OpenData_v2,hotels,Hotel_A15010000H_033599,嶼晨民宿,位於澎湖縣的民宿,湖西鄉,湖西鄉沙港村18鄰土地公前7之9號,23.6003522,119.6223878,,,,,車位:小客車0輛、機車0輛、大客車0輛,https://ycisland.hi-bnb.com/,
Taiwan_Gov_OpenData_v2,hotels,Hotel_A15010000H_033637,旅行路上民宿,(待新增),馬公市,興仁里306之1號,23.5472153,119.6122444,,,,,車位:小客車0輛、機車0輛、大客車0輛,,
Taiwan_Gov_OpenData_v2,hotels,Hotel_A15010000H_033643,海闊天空民宿,(待新增),馬公市,鐵線里5鄰鐵線尾220號,23.5365889,119.6014443,,,,,車位:小客車0輛、機車0輛、大客車0輛,,
Taiwan_Gov_OpenData_v2,hotels,Hotel_A15010000H_033644,海享玩民宿,(待新增),馬公市,鐵線里5鄰鐵線尾222號,23.5348742,119.5977239,,,,,車位:小客車0輛、機車0輛、大客車0輛,,
Taiwan_Gov_OpenData_v2,hotels,Hotel_A15010000H_033657,阿家家民宿,(待新增),馬公市,鐵線里203號,23.5345012,119.6021003,,,,,車位:小客車0輛、機車0輛、大客車0輛,,
Taiwan_Gov_OpenData_v2,hotels,Hotel_A15010000H_033658,藍白拖民宿二館,(待新增),馬公市,烏崁里563號,23.550192,119.6238368,,,,,車位:小客車0輛、機車0輛、大客車0輛,,
Taiwan_Gov_OpenData_v2,hotels,Hotel_A15010000H_033661,雋宿民宿,(待新增),白沙鄉,通梁村25之11號,23.6594738,119.5586174,,,,,車位:小客車0輛、機車0輛、大客車0輛,,
Taiwan_Gov_OpenData_v2,hotels,Hotel_A15010000H_033662,雋宿貳民宿,(待新增),白沙鄉,通梁村25之10號,23.6594738,119.5586174,,,,,車位:小客車0輛、機車0輛、大客車0輛,,
Taiwan_Gov_OpenData_v2,hotels,Hotel_A15010000H_033678,朵芮咪民宿,(待新增),白沙鄉,赤崁村2之20號,23.6671794,119.5992019,,,,,車位:小客車0輛、機車0輛、大客車0輛,,
Taiwan_Gov_OpenData_v2,hotels,Hotel_A15010000H_033679,放閃晴旅民宿,(待新增),馬公市,石泉里575號,23.5578748,119.5934048,,,,,車位:小客車0輛、機車0輛、大客車0輛,,
Taiwan_Gov_OpenData_v2,hotels,Hotel_A15010000H_033705,放空行旅民宿,放空行旅位於澎湖縣馬公市，靠近國立澎湖科技大學和澎湖生活博物館，全區提供WiFi（免費）及附設免費停車空間。每間房型均配有平面有線電視、空調、私人衛浴、獨立熱水器。每個樓層提供冰、溫、熱飲水機，住宿提供冰箱、廚房、餐廳。房型風格每間不同，提供住客舒適又難忘的住宿體驗。,馬公市,西衛里83之80號,23.5824567,119.578911,,,,,車位:小客車0輛、機車0輛、大客車0輛,,
Taiwan_Gov_OpenData_v2,hotels,Hotel_A15010000H_033744,YA宿民宿,(待新增),湖西鄉,成功村222號,23.5767011,119.6194898,,,,,車位:小客車0輛、機車0輛、大客車0輛,,
Taiwan_Gov_OpenData_v2,hotels,Hotel_A15010000H_033745,想旅民宿,澎湖縣民宿,湖西鄉,成功村158之3號,23.5767011,119.6194898,,,,,車位:小客車0輛、機車0輛、大客車0輛,,
Taiwan_Gov_OpenData_v2,hotels,Hotel_A15010000H_033746,若夏民宿,位於馬公市與湖西鄉交界處，屬於馬公市安宅里，隔壁即是湖西鄉許家村，緊鄰203縣道旁，是通往白沙鄉、西嶼鄉並經道路。沿途具觀光旅遊景點眾多。,馬公市,安宅里166號,23.5753756,119.6064479,,,,,車位:小客車0輛、機車0輛、大客車0輛,,
Taiwan_Gov_OpenData_v2,hotels,Hotel_A15010000H_033747,汕渼民宿,(待新增),馬公市,鐵線里37之6號,23.5345012,119.6021003,,,,,車位:小客車0輛、機車0輛、大客車0輛,,
Taiwan_Gov_OpenData_v2,hotels,Hotel_A15010000H_033776,沐晨民宿,位於澎湖縣的民宿,馬公市,石泉里573號,23.5578748,119.5934048,,,,,車位:小客車0輛、機車0輛、大客車0輛,,
Taiwan_Gov_OpenData_v2,hotels,Hotel_A15010000H_033777,聽海休閒民宿,位於澎湖縣的民宿,馬公市,西衛里1150號,23.5824567,119.578911,,,,,車位:小客車0輛、機車0輛、大客車0輛,,
Taiwan_Gov_OpenData_v2,hotels,Hotel_A15010000H_033779,覓嶼民宿,位於澎湖縣的民宿,馬公市,鎖港里鎖港六路252號,23.5309199,119.6039171,,,,,車位:小客車0輛、機車0輛、大客車0輛,,
Taiwan_Gov_OpenData_v2,hotels,Hotel_A15010000H_033810,睏齁霸民宿,位於澎湖縣馬公市風景優美的觀海民宿，靠近山水沙灘、嵵裡沙灘。,馬公市,鎖港里1932之5號,23.52427,119.5963288,,,,,車位:小客車0輛、機車0輛、大客車0輛,https://www.facebook.com/profile.php?id=100094038919007&locale=zh_TW,
Taiwan_Gov_OpenData_v2,hotels,Hotel_A15010000H_033811,棉寶民宿,位於澎湖縣的民宿,馬公市,鎖港里1932之3號,23.52427,119.5963288,,,,,車位:小客車0輛、機車0輛、大客車0輛,,
Taiwan_Gov_OpenData_v2,hotels,Hotel_A15010000H_033874,七美海夠藍民宿本館,位於澎湖縣的民宿,七美鄉,南港村35號,23.1960038,119.4251875,,,,,車位:小客車0輛、機車0輛、大客車0輛,,
Taiwan_Gov_OpenData_v2,hotels,Hotel_A15010000H_033875,漁翁民宿,位於澎湖縣的民宿,西嶼鄉,池西村145之1號,23.5933339,119.5006195,,,,,車位:小客車0輛、機車0輛、大客車0輛,,
Taiwan_Gov_OpenData_v2,hotels,Hotel_A15010000H_034090,嶼南轉勾灣民宿,嶼南轉勾灣民宿共有5間客房，最多可以容納16位旅客，每間房間都擁有獨立衛浴，可享受單獨的自由空間。每到夜晚時可以欣賞馬公市區燦爛的夜景及遠方壯闊的海景，是可以讓人感到放鬆的景觀民宿，有興趣的旅客不訪來體驗看看。,馬公市,鎖港里1932之1號,23.5244112,119.5966082,,,,,車位:小客車0輛、機車0輛、大客車0輛,,https://taiwan.taiwanstay.net.tw/twpic/221844.jpg?v=20260831
Taiwan_Gov_OpenData_v2,hotels,Hotel_A15010000H_034115,尖山虎克民宿,位於澎湖縣的民宿,湖西鄉,尖山村73之12號,23.5686805,119.6644027,,,,,車位:小客車0輛、機車0輛、大客車0輛,,
Taiwan_Gov_OpenData_v2,hotels,Hotel_A15010000H_034123,海島之戀民宿,位於澎湖縣的民宿,湖西鄉,湖西村152之1號,23.5823171,119.6571596,,,,,車位:小客車0輛、機車0輛、大客車0輛,,
Taiwan_Gov_OpenData_v2,hotels,Hotel_A15010000H_034226,謐海民宿,位於澎湖縣的民宿,馬公市,東文里文山路225巷105號,23.5587037,119.5817923,,,,,車位:小客車0輛、機車0輛、大客車0輛,,
Taiwan_Gov_OpenData_v2,hotels,Hotel_A15010000H_034240,白小美輕旅民宿,位於澎湖縣的民宿,馬公市,光榮里文光路188巷19號,23.5776171,119.571672,,,,,車位:小客車0輛、機車0輛、大客車0輛,,
Taiwan_Gov_OpenData_v2,hotels,Hotel_A15010000H_034249,深藍23度民宿,位於澎湖縣的民宿,馬公市,東文里文山路225巷107號,23.5587037,119.5817923,,,,,車位:小客車0輛、機車0輛、大客車0輛,,
Taiwan_Gov_OpenData_v2,hotels,Hotel_A15010000H_034265,霆境星海民宿,位於澎湖縣的民宿,馬公市,五德里2鄰鷄母塢51之56號,23.5270408,119.5886131,,,,,車位:小客車0輛、機車0輛、大客車0輛,,
Taiwan_Gov_OpenData_v2,hotels,Hotel_A15010000H_034287,海亭夏日民宿,位於澎湖縣的民宿,馬公市,啟明里興港南街6號,23.5648798,119.5692034,,,,,車位:小客車0輛、機車0輛、大客車0輛,,
Taiwan_Gov_OpenData_v2,hotels,Hotel_A15010000H_034406,東北季豐民宿,位於澎湖縣的民宿,湖西鄉,隘門村95之1號2樓,23.5585568,119.6354282,,,,,車位:小客車0輛、機車0輛、大客車0輛,,
Taiwan_Gov_OpenData_v2,hotels,Hotel_A15010000H_034407,海巢漫宿民宿,位於澎湖縣的民宿,馬公市,東衛里86之22號,23.5658011,119.6006511,,,,,車位:小客車0輛、機車0輛、大客車0輛,,https://taiwan.taiwanstay.net.tw/twpic/350005.jpg?v=20260831
Taiwan_Gov_OpenData_v2,hotels,Hotel_A15010000H_034440,藍色二三民宿,位於澎湖縣的民宿,馬公市,案山里經國路113巷11號,23.5595288,119.5797371,,,,,車位:小客車0輛、機車0輛、大客車0輛,,
Taiwan_Gov_OpenData_v2,hotels,Hotel_A15010000H_034480,輕鬆駐民宿,澎湖縣的民宿,湖西鄉,鼎灣村115之6號,23.5907808,119.6165917,,,,,車位:小客車0輛、機車0輛、大客車0輛,,
Taiwan_Gov_OpenData_v2,hotels,Hotel_A15010000H_034483,海風雅居民宿,湖西鄉的民宿,湖西鄉,鼎灣村115之5號,23.5907808,119.6165917,,,,,車位:小客車0輛、機車0輛、大客車0輛,,
Taiwan_Gov_OpenData_v2,hotels,Hotel_A15010000H_034495,隱the house,位於澎湖縣的民宿,馬公市,西衛里西衛370之7號,23.5831876,119.5822717,,,,,車位:小客車0輛、機車0輛、大客車0輛,,
Taiwan_Gov_OpenData_v2,hotels,Hotel_A15010000H_034521,宥見民宿,位於澎湖縣的民宿,馬公市,山水里珠江113之3號,23.5168372,119.5963033,,,,,車位:小客車0輛、機車0輛、大客車0輛,,
Taiwan_Gov_OpenData_v2,hotels,Hotel_A15010000H_034583,西衛參零陸,位於澎湖縣的民宿,馬公市,西衛里26鄰西衛306號,23.586374306900737,119.5817788378457,,,,,車位:小客車0輛、機車0輛、大客車0輛,https://www.booking-owlnest.com/058470a2-1a04-4c8c-83d3-a33c3e846c92?lang=zh_TW&adult=1&child=0&infant=0,
Taiwan_Gov_OpenData_v2,hotels,Hotel_A15010000H_034641,海寓所民宿,位於澎湖縣的民宿,馬公市,鎖港里鎖港六路195號,23.524978,119.60202,,,,,車位:小客車0輛、機車0輛、大客車0輛,,
Taiwan_Gov_OpenData_v2,hotels,Hotel_A15010000H_034664,春芳民宿,白沙鄉講美村之民宿,白沙鄉,澎湖縣白沙鄉講美村講美138之23號,23.62996,119.60141,,,,,車位:小客車0輛、機車0輛、大客車0輛,,
Taiwan_Gov_OpenData_v2,hotels,Hotel_A15010000H_034680,樂玩民宿,位於澎湖縣的民宿,馬公市,鎖港里2鄰鎖管港88之11號,23.5306755,119.6027929,,,,,車位:小客車0輛、機車0輛、大客車0輛,,
Taiwan_Gov_OpenData_v2,hotels,Hotel_A15010000H_034739,巷弄民宿,位於澎湖縣的民宿,馬公市,重慶里17鄰光明路1之95號,23.5660446,119.5670347,,,,,車位:小客車0輛、機車0輛、大客車0輛,,
Taiwan_Gov_OpenData_v2,hotels,Hotel_A15010000H_034861,海洋旅墅民宿,位於澎湖縣的民宿,馬公市,啟明里24鄰民福路6之9號3樓,23.5642049,119.5680758,,,,,車位:小客車0輛、機車0輛、大客車0輛,,
Taiwan_Gov_OpenData_v2,hotels,Hotel_A15010000H_034951,愛亭留一館,位於澎湖縣的民宿,馬公市,西衛里15鄰西衛210之6號,23.5832976,119.5817864,,,,,車位:小客車0輛、機車0輛、大客車0輛,,
Taiwan_Gov_OpenData_v2,hotels,Hotel_A15010000H_034952,愛亭留二館,位於澎湖縣的民宿,馬公市,西衛里15鄰西衛210之7號,23.5832976,119.5817864,,,,,車位:小客車0輛、機車0輛、大客車0輛,,
Taiwan_Gov_OpenData_v2,hotels,Hotel_A15010000H_034954,美之絢民宿,位於澎湖縣的民宿,馬公市,鎖港里吉海路980巷161弄3號,23.524978,119.60202,,,,,車位:小客車0輛、機車0輛、大客車0輛,,
Taiwan_Gov_OpenData_v2,hotels,Hotel_A15010000H_034969,海平面民宿,湖西鄉的民宿,湖西鄉,成功村1鄰港底222之1號,23.5703493,119.6110384,,,,,車位:小客車0輛、機車0輛、大客車0輛,,
Taiwan_Gov_OpenData_v2,hotels,Hotel_A15010000H_034970,幸福維拉觀海民宿,位於澎湖縣的民宿,馬公市,鎖港里吉海路980巷161弄1號,23.5756439,119.5761854,,,,,車位:小客車0輛、機車0輛、大客車0輛,https://happy-villa.weebly.com/,
Taiwan_Gov_OpenData_v2,hotels,Hotel_A15010000H_034971,夜宿水巷民宿,位於澎湖縣的民宿,馬公市,鎖港里吉海路980巷161弄5號,23.5756439,119.5761854,,,,,車位:小客車0輛、機車0輛、大客車0輛,https://www.facebook.com/waterLanePenghu/,
Taiwan_Gov_OpenData_v2,hotels,Hotel_A15010000H_034977,三餐四季民宿,位於澎湖縣的民宿,馬公市,鎖港里鎖港一路73巷8號,23.5304929,119.6028749,,,,,車位:小客車0輛、機車0輛、大客車0輛,,
Taiwan_Gov_OpenData_v2,hotels,Hotel_A15010000H_034981,米隅民宿,位於澎湖縣的民宿,馬公市,鎖港里鎖港一路73巷10號,23.5304929,119.6028749,,,,,車位:小客車0輛、機車0輛、大客車0輛,,
Taiwan_Gov_OpenData_v2,hotels,Hotel_A15010000H_034983,玉兔民宿,位於澎湖縣的民宿,馬公市,烏崁里5鄰烏崁69號,23.550192,119.6238368,,,,,車位:小客車0輛、機車0輛、大客車0輛,https://www.facebook.com/profile.php?id=61558805301005,
Taiwan_Gov_OpenData_v2,hotels,Hotel_A15010000H_034987,圓環民宿,位於澎湖縣的民宿,馬公市,西衛里25鄰373之7號,23.5824567,119.578911,,,,,車位:小客車0輛、機車0輛、大客車0輛,,
Taiwan_Gov_OpenData_v2,hotels,Hotel_A15010000H_035014,浪人魚旅店民宿,位於澎湖縣的民宿,馬公市,啟明里25鄰興港南街7號,23.5648798,119.5692034,,,,,車位:小客車0輛、機車0輛、大客車0輛,,
Taiwan_Gov_OpenData_v2,hotels,Hotel_A15010000H_035018,木子寓所民宿,位於澎湖縣的民宿,馬公市,西衛里24鄰西衛232之51號,23.5831876,119.5822717,,,,,車位:小客車0輛、機車0輛、大客車0輛,,
Taiwan_Gov_OpenData_v2,hotels,Hotel_A15010000H_035022,海之館文旅民宿,位於澎湖縣的民宿,馬公市,烏崁里1鄰吉海路333號,23.550192,119.6238368,,,,,車位:小客車0輛、機車0輛、大客車0輛,,
Taiwan_Gov_OpenData_v2,hotels,Hotel_A15010000H_035050,合昱民宿,位於澎湖縣的民宿,馬公市,西衛里29鄰六合路458巷1弄13號,23.5785811,119.5807014,,,,,車位:小客車0輛、機車0輛、大客車0輛,,
Taiwan_Gov_OpenData_v2,hotels,Hotel_A15010000H_035092,享玩樂民宿,位於澎湖縣的民宿,馬公市,五德里2鄰雞母塢51-33號,23.5270408,119.5886131,,,,,車位:小客車0輛、機車0輛、大客車0輛,,
Taiwan_Gov_OpenData_v2,hotels,Hotel_A15010000H_035093,慢漫民宿,位於澎湖縣的民宿,馬公市,五德里2鄰雞母塢51-32號,23.5270408,119.5886131,,,,,車位:小客車0輛、機車0輛、大客車0輛,,https://taiwan.taiwanstay.net.tw/twpic/284422.jpg?v=20260831
Taiwan_Gov_OpenData_v2,hotels,Hotel_A15010000H_035094,海旅人民宿,位於澎湖縣馬公市南環之中的五德小社區，環境清幽,馬公市,五德里2鄰雞母塢51-35號,23.5270408,119.5886131,,,,,車位:小客車0輛、機車0輛、大客車0輛,,
Taiwan_Gov_OpenData_v2,hotels,Hotel_A15010000H_035098,魚兒眼淚民宿,位於澎湖縣的民宿,馬公市,山水里4鄰珠江120-21號,23.5168372,119.5963033,,,,,車位:小客車1輛、機車2輛、大客車0輛,,
Taiwan_Gov_OpenData_v2,hotels,Hotel_A15010000H_035105,鳳巢民宿,湖西鄉的民宿,湖西鄉,成功村1鄰港底201之7號,23.5721127,119.6145597,,,,,車位:小客車0輛、機車0輛、大客車0輛,,
Taiwan_Gov_OpenData_v2,hotels,Hotel_A15010000H_035111,白北厝民宿,白沙鄉的民宿,白沙鄉,澎湖縣白沙鄉赤崁村21鄰大赤崁380號,23.6675224,119.6006196,,,,,車位:小客車0輛、機車0輛、大客車0輛,,https://taiwan.taiwanstay.net.tw/twpic/350309.jpg?v=20260831
Taiwan_Gov_OpenData_v2,hotels,Hotel_A15010000H_035113,童童民宿,位於澎湖縣的民宿位於馬公市西衛里373-8號,馬公市,西衛里25鄰西衛373之8號,23.5831876,119.5822717,,,,,車位:小客車0輛、機車0輛、大客車0輛,,
Taiwan_Gov_OpenData_v2,hotels,Hotel_A15010000H_035115,好夜民宿1館,位於澎湖的民宿,馬公市,西文里西文澳11鄰86之156號,23.5682143,119.5890568,,,,,車位:小客車0輛、機車0輛、大客車0輛,,
Taiwan_Gov_OpenData_v2,hotels,Hotel_A15010000H_035117,好夜民宿3館,位於澎湖縣的民宿,馬公市,西文里11鄰西文澳86之157號,23.5654455,119.5824553,,,,,車位:小客車0輛、機車0輛、大客車0輛,,
Taiwan_Gov_OpenData_v2,hotels,Hotel_A15010000H_035119,好夜民宿5館,位於澎湖縣的民宿,馬公市,西文里11鄰西文澳86之158號,23.5654455,119.5824553,,,,,車位:小客車0輛、機車0輛、大客車0輛,,
Taiwan_Gov_OpenData_v2,hotels,Hotel_A15010000H_035120,好夜民宿7館,位於澎湖縣的民宿,馬公市,西文里11鄰西文澳86之159號,23.5654455,119.5824553,,,,,車位:小客車0輛、機車0輛、大客車0輛,,
Taiwan_Gov_OpenData_v2,hotels,Hotel_A15010000H_035147,沂嫻亭民宿,位於澎湖的民宿,馬公市,興仁里9鄰双頭掛219號,23.5513475,119.6155222,,,,,車位:小客車0輛、機車0輛、大客車0輛,,
Taiwan_Gov_OpenData_v2,hotels,Hotel_A15010000H_035150,樂遊遊民宿,位於澎湖的民宿,馬公市,西衛里五福路138巷83之2號,23.5814269,119.5755757,,,,,車位:小客車1輛、機車5輛、大客車0輛,https://www.facebook.com/profile.php?id=1615565938288348mibextid=LQQJ4d,
Taiwan_Gov_OpenData_v2,hotels,Hotel_A15010000H_035152,玩樂夷夏民宿,位於澎湖縣民宿,馬公市,山水里2鄰珠江261號,23.5168372,119.5963033,,,,,車位:小客車0輛、機車0輛、大客車0輛,,
Taiwan_Gov_OpenData_v2,hotels,Hotel_A15010000H_035153,海蝸牛2民宿,湖西鄉的民宿,湖西鄉,許家村港子尾1-8號,23.647247,119.598976,,,,,車位:小客車2輛、機車8輛、大客車0輛,,
Taiwan_Gov_OpenData_v2,hotels,Hotel_A15010000H_035157,久窩旅民宿,位於澎湖的民宿,馬公市,山水里2鄰珠江260號,23.5168372,119.5963033,,,,,車位:小客車0輛、機車0輛、大客車0輛,,
Taiwan_Gov_OpenData_v2,hotels,Hotel_A15010000H_035189,朝夕相處民宿,位於澎湖縣的民宿,馬公市,西衛里24鄰西衛436之9號,23.5831876,119.5822717,,,,,車位:小客車0輛、機車0輛、大客車0輛,https://alldaytogether.mystrikingly.com/,
Taiwan_Gov_OpenData_v2,hotels,Hotel_A15010000H_035190,藻晨民宿,位於澎湖縣的民宿,馬公市,西衛里29鄰六合路458巷1弄12號,23.5785811,119.5807014,,,,,車位:小客車0輛、機車0輛、大客車0輛,,
Taiwan_Gov_OpenData_v2,hotels,Hotel_A15010000H_035192,小草原民宿,位於澎湖縣的民宿,馬公市,烏崁里1鄰吉海路331號,23.550192,119.6238368,,,,,車位:小客車0輛、機車0輛、大客車0輛,,
Taiwan_Gov_OpenData_v2,hotels,Hotel_A15010000H_035332,真心愛你精品民宿,位於澎湖縣的民宿,馬公市,西衛里25鄰西衛247之1號,23.5858389,119.5801039,,,,,車位:小客車0輛、機車0輛、大客車0輛,,
Taiwan_Gov_OpenData_v2,hotels,Hotel_A15010000H_035334,厝覓民宿,位於澎湖縣馬公市西衛里373之6號的厝覓民宿，住宿環境乾淨、舒適，全棟有14間房，可供家庭及員工旅遊住宿，有無障礙設施，友善環境，民宿院子停車方便，空間寛敞。,馬公市,西衛里25鄰373之6號,23.5858389,119.5801039,,,,,車位:小客車0輛、機車0輛、大客車0輛,,
Taiwan_Gov_OpenData_v2,hotels,Hotel_A15010000H_035335,汝好民宿,位於澎湖縣的民宿,馬公市,山水里珠江120之22號,23.5168372,119.5963033,,,,,車位:小客車0輛、機車0輛、大客車0輛,https://www.facebook.com/ruruhauhau/,
Taiwan_Gov_OpenData_v2,hotels,Hotel_A15010000H_035336,樂菲民宿,位於澎湖縣的民宿,馬公市,石泉里8鄰石泉2之112號,23.5596174,119.593835,,,,,車位:小客車0輛、機車0輛、大客車0輛,,
Taiwan_Gov_OpenData_v2,hotels,Hotel_A15010000H_035337,悅芸民宿,位於澎湖縣的民宿,馬公市,山水里2鄰珠江265號,23.5596174,119.593835,,,,,車位:小客車0輛、機車0輛、大客車0輛,,
Taiwan_Gov_OpenData_v2,hotels,Hotel_A15010000H_035338,獺浪民宿,位於澎湖縣的民宿,馬公市,山水里4鄰珠江120之20號,23.5706269,119.5774616,,,,,車位:小客車0輛、機車0輛、大客車0輛,,
Taiwan_Gov_OpenData_v2,hotels,Hotel_A15010000H_035339,小島嶼民宿,位於澎湖縣的民宿,馬公市,西衛里25鄰西衛370之6號,23.6667,119.601251,,,,,車位:小客車0輛、機車0輛、大客車0輛,,
Taiwan_Gov_OpenData_v2,hotels,Hotel_A15010000H_035340,藍海會館二館民宿,位於澎湖縣的民宿,馬公市,菜園里5鄰菜園25之2號,23.55454,119.60429,,,,,車位:小客車0輛、機車0輛、大客車0輛,,
Taiwan_Gov_OpenData_v2,hotels,Hotel_A15010000H_035371,文居行旅民宿,位於澎湖縣的民宿,馬公市,興仁里9鄰雙頭掛319之6號,23.5514893,119.6156469,,,,,車位:小客車0輛、機車0輛、大客車0輛,,
Taiwan_Gov_OpenData_v2,hotels,Hotel_A15010000H_035374,看海季節民宿,位於澎湖縣的民宿,馬公市,東文里16鄰文明路37號,23.5607352,119.5855007,,,,,車位:小客車0輛、機車0輛、大客車0輛,https://www.bbnet.com.tw/season/reserve/,
Taiwan_Gov_OpenData_v2,hotels,Hotel_A15010000H_035375,聽海約定民宿,位於澎湖縣的民宿,馬公市,東文里16鄰文明路39號,23.5607352,119.5855007,,,,,車位:小客車0輛、機車0輛、大客車0輛,https://www.bbnet.com.tw/season/reserve/,
Taiwan_Gov_OpenData_v2,hotels,Hotel_A15010000H_035455,瀧眼蜜親子寵物民宿,位於澎湖縣的民宿,馬公市,東衛里15鄰 251之13號,23.5658011,119.6006511,,,,,車位:小客車0輛、機車0輛、大客車0輛,,
Taiwan_Gov_OpenData_v2,hotels,Hotel_A15010000H_035456,夏茉二館民宿,位於澎湖縣的民宿,馬公市,西衛里24鄰西衛436之12號,23.5831876,119.5822717,,,,,車位:小客車0輛、機車0輛、大客車0輛,,
Taiwan_Gov_OpenData_v2,hotels,Hotel_A15010000H_035457,小小之間民宿,位於澎湖縣的民宿,馬公市,山水里2鄰珠江262號,23.5168372,119.5963033,,,,,車位:小客車2輛、機車2輛、大客車0輛,,
Taiwan_Gov_OpenData_v2,hotels,Hotel_A15010000H_035480,麗臻民宿,位於澎湖縣的民宿,馬公市,山水里13鄰珠江55之60號,23.5168372,119.5963033,,,,,車位:小客車0輛、機車0輛、大客車0輛,,
Taiwan_Gov_OpenData_v2,hotels,Hotel_A15010000H_035481,暮光森林民宿,位於澎湖縣的民宿,湖西鄉,成功村1鄰港底211號,23.5703493,119.6110384,,,,,車位:小客車0輛、機車0輛、大客車0輛,,
Taiwan_Gov_OpenData_v2,hotels,Hotel_A15010000H_035483,微風森林民宿,位於澎湖縣的民宿,湖西鄉,成功村1鄰港底211之1號,23.5703493,119.6110384,,,,,車位:小客車0輛、機車0輛、大客車0輛,,
Taiwan_Gov_OpenData_v2,hotels,Hotel_A15010000H_035484,雫旅民宿,位於澎湖縣的民宿,湖西鄉,成功村1鄰港底212號,23.5722828205311,119.61525629574483,,,,,車位:小客車0輛、機車0輛、大客車0輛,,
Taiwan_Gov_OpenData_v2,hotels,Hotel_A15010000H_035512,流浪居所民宿,位於澎湖縣的民宿,馬公市,山水里22鄰珠江152之83號,23.5168372,119.5963033,,,,,車位:小客車0輛、機車0輛、大客車0輛,,
Taiwan_Gov_OpenData_v2,hotels,Hotel_A15010000H_035536,歇怡夏民宿,位於澎湖縣的民宿,湖西鄉,大城北10鄰大城北202之2號,23.5658157,119.619286,,,,,車位:小客車2輛、機車2輛、大客車0輛,,https://taiwan.taiwanstay.net.tw/twpic/337462.jpg?v=20260831
Taiwan_Gov_OpenData_v2,hotels,Hotel_A15010000H_035576,昕苑Homestay民宿,位於澎湖縣的民宿,湖西鄉,尖山村8鄰尖山132號,23.5686805,119.6644027,,,,,車位:小客車2輛、機車4輛、大客車0輛,,
Taiwan_Gov_OpenData_v2,hotels,Hotel_A15010000H_035636,亞維儂民宿,位於澎湖縣的民宿,馬公市,鎖港里2鄰100之1號,23.5313794,119.6069451,,,,,車位:小客車1輛、機車4輛、大客車0輛,,
Taiwan_Gov_OpenData_v2,hotels,Hotel_A15010000H_035637,麗垵民宿,位於澎湖縣的民宿,西嶼鄉,內垵村11鄰內垵171之5號,23.57262,119.50013,,,,,車位:小客車0輛、機車0輛、大客車0輛,,
Taiwan_Gov_OpenData_v2,hotels,Hotel_A15010000H_035690,有肉的地方民宿,位於澎湖縣的民宿,湖西鄉,菓葉村8鄰菓葉78之1號,23.57844,119.67761,,,,,車位:小客車3輛、機車10輛、大客車0輛,,
Taiwan_Gov_OpenData_v2,hotels,Hotel_A15010000H_035737,澎湖橙欣民宿,澎湖夏日新民宿推薦：橙欣民宿極致休閒享受！1.鄰近機場，快速入住這間全新建造的民宿，距離澎湖機場僅需五分鐘車程，無論是否啟程回家，您輕鬆安排行程，享受旅途中的便利。2.現代奢華，完美住宿房屋新建全新民宿，設置感應互動式電梯，每個房間均配有獨立空調系統和寬敞的私人陽台，為您提供最大程度舒適的休息空間，讓您每刻都沐浴家的溫暖。3.探索澎湖，交通四通八達靠近主要縣道，探索澎湖的各處景點和浪漫海灘，輕而易舉。4. 當地風味，美味早餐供應提供網紅排隊特色早餐，讓您免去排隊的辛勞，醒來後便能在餐桌上享用澎湖的特色飲食文化。5.夜幕即將來臨，星空盡收眼底晚上，登上民宿頂層觀景台，眺望澎湖灣的璀璨夜景和繁星點點，這片浪漫的海上星空將成為您旅行中最難忘的時刻。橙欣民宿不僅是理想的住宿選擇，更是探索澎湖風光、夏日風情和文化魅力的絕佳起點。我們將盡所能提供服務，為您帶來一段充滿回憶的難忘之旅。澎湖橙欣民宿官網:https://sites.google.com/view/chengxinminsu,馬公市,興仁里雙頭掛390-7號,23.5567509,119.6191769,,,,,車位:小客車0輛、機車0輛、大客車0輛,https://sites.google.com/view/chengxinminsu,
Taiwan_Gov_OpenData_v2,hotels,Hotel_A15010000H_035738,一畝三分地民宿,位於澎湖縣的旅館。,馬公市,興仁里9鄰雙頭掛319-5號,23.5514893,119.6156469,,,,,車位:小客車0輛、機車0輛、大客車0輛,,
Taiwan_Gov_OpenData_v2,hotels,Hotel_A15010000H_035739,海汘湫民宿,位於澎湖縣的旅館。,馬公市,光榮里24鄰三多路370巷13號,23.5777926,119.5701483,,,,,車位:小客車0輛、機車0輛、大客車0輛,,
Taiwan_Gov_OpenData_v2,hotels,Hotel_A15010000H_035745,萊恩晴旅包棟民宿,萊恩晴旅位於澎湖縣馬公市西衛里，緊鄰市區（車程3-5分鐘），距離澎湖機場約8公里（車程12～15分鐘），距離馬公港約3.5公里（車程7～10分鐘），距離觀音亭(花火節施放地點)約2.9公里(車程5-7分鐘)，無論是到市區逛街品嚐美食、或是到觀音亭觀賞花火、或是到沙灘海邊曬太陽玩沙踏浪都很方便，交通位置相當便利。 萊恩晴旅是一間以7歲兒子Ryan命名的透天別墅，屋內住著一家三口簡單的家庭，目前提供四間舒適的房間給旅客入住。 萊恩晴旅經營的出發點是以「家」為概念，希望提供給旅客們一個像家一樣舒適的住宿空間，努力打造出每一間好的臥房、好的環境和提供好的服務，讓旅客們都可以帶著全家大小一同入住渡假，在這個寧靜又舒適的住處與親朋好友們甜蜜相聚渡過幸福快樂的時光，也讓自己的身心能好好放鬆一下。民宿共有五房，目前提供四房(四人房二間、雙人房二間)給旅客入住。 房客使用權限包含可共同使用客廳、餐廳、廚房(可烹飪)、戶外庭院、二樓自助吧台、三樓自助吧台。其他注意事項有民宿內及房間陽台一律禁止吸菸吸毒等違法行為，請您至一樓戶外庭院吸菸；另晚上10點後至早上8點前請降低音量避免擾鄰。,馬公市,西衛里27鄰五福路78巷23弄6號,23.5823589,119.5773143,,,,,車位:小客車2輛、機車10輛、大客車0輛,,
Taiwan_Gov_OpenData_v2,hotels,Hotel_A15010000H_035757,月民宿,西嶼鄉的民宿,西嶼鄉,內垵村17鄰內垵101之3號,23.57262,119.50013,,,,,車位:小客車0輛、機車0輛、大客車0輛,,
Taiwan_Gov_OpenData_v2,hotels,Hotel_A15010000H_035798,詠莘右棧民宿,西嶼鄉的民宿,西嶼鄉,外垵村5鄰外垵29之45號,23.56798,119.48103,,,,,車位:小客車0輛、機車0輛、大客車0輛,,
Taiwan_Gov_OpenData_v2,hotels,Hotel_A15010000H_035799,詠莘旅棧民宿,西嶼鄉的民宿雙客廳、觀景露台、共享廚房，無論是早晨一起煮早餐、傍晚在露台吹海風，都能享受屬於澎湖的慢生活。從 雙人房、四人房到六人家庭房，總共 12 間房，涵蓋所有旅遊組合；包棟更能擁有完整私人空間，適合婚禮親友、團體旅行、家族同樂，讓每一次旅行，都像在自己的大宅院裡度假。本民宿位於澎湖小希臘村莊?? 我們為了讓大家出外遊玩的同時也不影響他人，民宿特別挑選四周無住戶的地點，卡拉OK歡唱到天亮，海鮮BBQ，想要自由自在渡過美滿假期的朋友們，不要再猶豫了，趕快來拿起您的電話?預定房間，詠莘客棧期待您的光臨！❤️2026年特別計劃❤️?免費客制化安排行程?晚餐特色料理? ??‍?師父現場服務出海 釣海鮮 現撈現吃?澎湖現撈海鮮?BBQ 等等等……?免費提供??早餐??廚房開伙、鍋碗瓢盆 ?KTV*2  ?交誼廳*2?switch*2?烤肉區、專屬烤肉爐?露台用餐區 ?觀賞星星?澎湖特色海鮮,西嶼鄉,外垵村5鄰外垵29之46號,23.5683189,119.484666,,,,,車位:小客車0輛、機車0輛、大客車0輛,,
Taiwan_Gov_OpenData_v2,hotels,Hotel_A15010000H_035880,瘋旅夏民宿,近山水沙灘包棟民宿，可住10-14位民宿專屬於您們的歡樂私人時光附卡拉ok、電動麻將桌   洗衣機、簡易流理台   小小兒童遊戲區,馬公市,山水里22鄰珠江152之87號,23.5168372,119.5963033,,,,,車位:小客車0輛、機車0輛、大客車0輛,,
Taiwan_Gov_OpenData_v2,hotels,Hotel_A15010000H_035944,遇見希臘民宿,位於澎湖縣的民宿,馬公市,西衛里12鄰西衛862號,23.5837367,119.5822487,,,,,車位:小客車0輛、機車0輛、大客車0輛,,
Taiwan_Gov_OpenData_v2,hotels,Hotel_A15010000H_035949,放慢腳步文旅民宿,位於澎湖縣的民宿,馬公市,東文里16鄰文山路225巷167號,23.5587079,119.5817991,,,,,車位:小客車0輛、機車0輛、大客車0輛,,
Taiwan_Gov_OpenData_v2,hotels,Hotel_A15010000H_035989,光明貳號民宿,位於澎湖縣的民宿,馬公市,安宅里11鄰宅脚嶼171之3號,23.5815532,119.6062778,,,,,車位:小客車0輛、機車0輛、大客車0輛,,
Taiwan_Gov_OpenData_v2,hotels,Hotel_A15010000H_036032,潮汐澗海景民宿,位於澎湖縣的民宿,馬公市,鎖港里14鄰鎖港六路193號,23.524978,119.60202,,,,,車位:小客車0輛、機車0輛、大客車0輛,,
Taiwan_Gov_OpenData_v2,hotels,Hotel_A15010000H_036033,束頁木木民宿,位於澎湖縣的民宿,馬公市,鎖港里14鄰鎖港六路167號,23.524978,119.60202,,,,,車位:小客車0輛、機車0輛、大客車0輛,,
Taiwan_Gov_OpenData_v2,hotels,Hotel_A15010000H_036039,蒙德里安海景民宿,位於澎湖縣的民宿,馬公市,鎖港里14鄰鎖港六路169號,23.524978,119.60202,,,,,車位:小客車3輛、機車10輛、大客車1輛,https://www.penghu-mondrian.com,
Taiwan_Gov_OpenData_v2,hotels,Hotel_A15010000H_036174,雅柏居民宿,湖西鄉的民宿,湖西鄉,西溪村8鄰西溪23號,23.58205,119.637054,,,,,車位:小客車0輛、機車0輛、大客車0輛,,
Taiwan_Gov_OpenData_v2,hotels,Hotel_A15010000H_036299,拾澗海民宿,位於澎湖縣的民宿,馬公市,興仁里10鄰双頭掛588號,23.5518633,119.6159922,,,,,車位:小客車0輛、機車0輛、大客車0輛,,
Taiwan_Gov_OpenData_v2,hotels,Hotel_A15010000H_036311,西島嶼民宿,位於澎湖縣的民宿,西嶼鄉,竹灣村26鄰竹篙灣15之15號,23.6328649,119.5217271,,,,,車位:小客車0輛、機車0輛、大客車0輛,,
Taiwan_Gov_OpenData_v2,hotels,Hotel_A15010000H_036323,無盡夏民宿,位於澎湖縣的民宿,馬公市,鎖港里14鄰鎖港六路171號,23.524978,119.60202,,,,,車位:小客車0輛、機車0輛、大客車0輛,,
Taiwan_Gov_OpenData_v2,hotels,Hotel_A15010000H_036331,人之島.貓宅民宿,位於澎湖縣的民宿,馬公市,鎖港里26鄰鎖管港1932之2號,23.5244462,119.5968531,,,,,車位:小客車0輛、機車6輛、大客車0輛,,
Taiwan_Gov_OpenData_v2,hotels,Hotel_A15010000H_036340,歐瓃渡假屋民宿,"""OLÉ Villa 位在橫礁濱海路上，地址西嶼鄉合界頭1-28號，擁有超級美麗的海景。女主人在合界村長大，對澎湖的海有深厚的感情，也是兩屆全國運動會風浪板冠軍。大學畢業後，出國留學工作，嫁給美國人，一直無法忘記在合界長大的生活點滴。有機會回到故鄉蓋房子，分享這裏的美好給大家。""OLÉ  起源 Olé  是西班牙語感嘆詞，用於歡呼或讚揚表演，尤其與鬥牛和弗朗明哥表演的觀眾有關。在鬥牛比賽中，每當鬥牛士避免被公牛擊中時，人們就會大聲喊出這句感嘆詞。 常用於慶典、節慶，表達喜悅與感激。（用作表示贊同、好極了或鼓勵的呼喊。）也是鼓勵的感嘆詞，常聽於體育比賽、音樂會或任何其他的競技場。後來，這種說法被引入運動，主要是足球，當球員成功運球過掉對手時就會大喊這句話。OLÉ Villa 共兩層樓高，100 坪室內空間及150坪室外面海大前廊＋150 坪後庭院（加工中）。歐美式開放廚房，200公分長的中島吧，不想外食可放心大展廚藝。（大同電鍋，洗碗機，快煮壺，烤箱，微波爐，麵包機，中島吧過濾飲用水，Espreso濃縮膠囊咖啡機，個式煮具與餐具）。唱歌設備，麻將桌，頂級ToTo衛浴，洗衣機，紅酒小吧台。",西嶼鄉,合界村1鄰合界頭1之28號,23.6389994,119.5300561,,,,,車位:小客車0輛、機車0輛、大客車0輛,,
Taiwan_Gov_OpenData_v2,hotels,Hotel_A15010000H_036359,詩篇23海景民宿二館民宿,位於澎湖縣七美鄉的民宿，地處七美西海岸第一排海景，居高臨下，視野寬敞遼闊，海天一色，身心自然好放鬆好舒暢。,七美鄉,南港村11鄰南滬60號,23.2001802,119.4271189,,,,,車位:小客車0輛、機車0輛、大客車0輛,,
Taiwan_Gov_OpenData_v2,hotels,Hotel_A15010000H_036360,癮巷民宿,位於澎湖縣的民宿,馬公市,陽明里15鄰永平街60巷1號,23.5725871,119.5740596,,,,,車位:小客車0輛、機車0輛、大客車0輛,,
Taiwan_Gov_OpenData_v2,hotels,Hotel_A15010000H_036365,A+民宿,位於澎湖縣的民宿,西嶼鄉,橫礁村5鄰40之5號,23.6367391,119.5383208,,,,,車位:小客車0輛、機車0輛、大客車0輛,,
Taiwan_Gov_OpenData_v2,hotels,Hotel_A15010000H_036388,海口風民宿,位於澎湖縣的民宿,馬公市,山水里12鄰珠江58之2號,23.5168372,119.5963033,,,,,車位:小客車0輛、機車0輛、大客車0輛,,
Taiwan_Gov_OpenData_v2,hotels,Hotel_A15010000H_036413,友海緣民宿,位於澎湖縣的 民宿,馬公市,鎖港里2鄰鎖管港101之6號,23.5240828,119.6035694,,,,,車位:小客車0輛、機車0輛、大客車0輛,,
Taiwan_Gov_OpenData_v2,hotels,Hotel_A15010000H_036414,石泉拾美民宿,位於澎湖縣石泉漁港附近的民宿，市區邊陲之地，靜謐不失便利。住在石泉拾美民宿，讓你的澎湖旅遊十全十美。,馬公市,石泉里7鄰石泉701號,23.5586417,119.5928102,,,,,車位:小客車0輛、機車0輛、大客車0輛,,
Taiwan_Gov_OpenData_v2,hotels,Hotel_A15010000H_036416,飛向宇宙民宿,位於澎湖縣的民宿,湖西鄉,成功村1鄰港底158之6號,23.5703493,119.6110384,,,,,車位:小客車0輛、機車0輛、大客車0輛,,
Taiwan_Gov_OpenData_v2,hotels,Hotel_A15010000H_036452,弎居胡同民宿,位於澎湖縣的民宿,馬公市,安宅里11鄰宅脚嶼5之1號,23.5777266,119.602694,,,,,車位:小客車0輛、機車0輛、大客車0輛,https://www.booking-owlnest.com/triplesuitevilla,https://taiwan.taiwanstay.net.tw/twpic/349211.jpg?v=20260831
Taiwan_Gov_OpenData_v2,hotels,Hotel_A15010000H_036463,貝德洛民宿,湖西村民宿,湖西鄉,成功村1鄰港底260之3號,23.5703493,119.6110384,,,,,車位:小客車0輛、機車0輛、大客車0輛,,
Taiwan_Gov_OpenData_v2,hotels,Hotel_A15010000H_036471,家自在民宿,位於澎湖縣的民宿,馬公市,興仁里9鄰双頭掛350號,23.5515335,119.6156853,,,,,車位:小客車0輛、機車0輛、大客車0輛,,
Taiwan_Gov_OpenData_v2,hotels,Hotel_A15010000H_036494,某個島語民宿,位於澎湖縣的民宿,馬公市,西衛里26鄰西衛578號之1,23.5837367,119.5822487,,,,,車位:小客車0輛、機車0輛、大客車0輛,,
Taiwan_Gov_OpenData_v2,hotels,Hotel_A15010000H_036495,魚魚雅雅民宿,位於澎湖縣的民宿,馬公市,陽明里17鄰永平街55號,23.5723959,119.573543,,,,,車位:小客車0輛、機車0輛、大客車0輛,,
Taiwan_Gov_OpenData_v2,hotels,Hotel_A15010000H_036531,這有一間民宿,位於澎湖縣的民宿,馬公市,五德里1鄰雞母塢195號,23.5270408,119.5886131,,,,,車位:小客車0輛、機車0輛、大客車0輛,,
Taiwan_Gov_OpenData_v2,hotels,Hotel_A15010000H_036560,心向海民宿,位於澎湖縣的民宿,馬公市,西衛里14鄰西衛220之6號,23.5836504,119.5826159,,,,,車位:小客車1輛、機車2輛、大客車0輛,,
Taiwan_Gov_OpenData_v2,hotels,Hotel_A15010000H_036692,福山雅緻民宿,位於澎湖縣的民宿,馬公市,西文里西文澳11鄰758號,23.56462,119.5898909,,,,,車位:小客車0輛、機車0輛、大客車0輛,,
Taiwan_Gov_OpenData_v2,hotels,Hotel_A15010000H_036722,寶寶民宿,☆ 2025年全新合法民宿；由瑪莉歐做點綴，提供便利又能讓所有入住的大家們都能有愉快的心情☆ 每房都有私人衛浴.豪華淋浴組.吹風機.沐浴乳.洗髮精及盥洗用品等、電視(MOD)、快煮壺、獨立冷氣。☆ 距離澎湖機場與中正路都只需要八分鐘唷～☆ 附近店家 麵店.全家麥味登.麻辣火鍋.鹹酥雞.BBQ吃到飽.自助洗衣.加油站,馬公市,西文里11鄰西文澳757號,23.565465,119.5836796,,,,,車位:小客車0輛、機車0輛、大客車0輛,,https://taiwan.taiwanstay.net.tw/twpic/327858.jpg?v=20260831
Taiwan_Gov_OpenData_v2,hotels,Hotel_A15010000H_036726,海洋星空民宿,位於澎湖縣的民宿,馬公市,陽明里22鄰光復路116號2樓,23.5727754,119.572094,,,,,車位:小客車0輛、機車0輛、大客車0輛,,
Taiwan_Gov_OpenData_v2,hotels,Hotel_A15010000H_036736,七美風情民宿二館,位於澎湖縣的民宿,七美鄉,東湖村7鄰頂隙22號,23.2162802,119.4382459,,,,,車位:小客車0輛、機車0輛、大客車0輛,,
Taiwan_Gov_OpenData_v2,hotels,Hotel_A15010000H_036751,小憩片刻民宿,位於澎湖縣的民宿,馬公市,鐵線里1鄰鐵線尾38之61號,23.5352696,119.6006815,,,,,車位:小客車0輛、機車0輛、大客車0輛,,
Taiwan_Gov_OpenData_v2,hotels,Hotel_A15010000H_036762,瑨宅民宿,位於澎湖縣的民宿,湖西鄉,成功村1鄰港底212-3號,23.5703493,119.6110384,,,,,車位:小客車0輛、機車0輛、大客車0輛,,
Taiwan_Gov_OpenData_v2,hotels,Hotel_A15010000H_036779,與浪共舞民宿,位於澎湖縣的民宿,西嶼鄉,合界村1鄰合界頭1之27號,23.6389994,119.5300561,,,,,車位:小客車0輛、機車0輛、大客車0輛,,
Taiwan_Gov_OpenData_v2,hotels,Hotel_A15010000H_036781,幸福站民宿,位於澎湖縣的民宿,馬公市,光榮里15鄰文光路33巷8號,23.5745237,119.570555,,,,,車位:小客車0輛、機車0輛、大客車0輛,,
Taiwan_Gov_OpenData_v2,hotels,Hotel_A15010000H_036790,一葉居民宿,位於澎湖縣的民宿,湖西鄉,成功村1鄰港底201之5號,23.5721127,119.6145597,,,,,車位:小客車0輛、機車0輛、大客車0輛,https://www.facebook.com/profile.php?id=100091740723743,
Taiwan_Gov_OpenData_v2,hotels,Hotel_A15010000H_036791,庇琺行旅民宿,位於澎湖縣的民宿,馬公市,西衛里25鄰西衛468之15號,23.584905,119.5786798,,,,,車位:小客車0輛、機車0輛、大客車0輛,,
Taiwan_Gov_OpenData_v2,hotels,Hotel_A15010000H_036805,海被子民宿,"""海被子民宿"" 是一家位於台灣澎湖的溫馨民宿，以其絕佳的地理位置和舒適的住宿環境聞名。每間房間都能欣賞到迷人的海景，讓旅客彷彿置身於海洋的懷抱中。民宿熱情歡迎前來澎湖參加花火節的遊客，提供一個放鬆身心、享受節慶氛圍的理想落腳處。無論是靜靜地欣賞窗外波光粼粼的海面，還是參與熱鬧的花火盛會，這裡都是您探索澎湖之美的完美起點。",湖西鄉,許家村6鄰港子尾120之10號,23.5865986,119.6107953,,,,,車位:小客車0輛、機車0輛、大客車0輛,,https://taiwan.taiwanstay.net.tw/twpic/296431.jpg?v=20260831
Taiwan_Gov_OpenData_v2,hotels,Hotel_A15010000H_036918,璽萊旅店民宿,位於澎湖縣的民宿,馬公市,東文里18鄰文山路270之1號,23.5595456,119.5829111,,,,,車位:小客車0輛、機車0輛、大客車0輛,,
Taiwan_Gov_OpenData_v2,hotels,Hotel_A15010000H_036933,米窩民宿,位於澎湖縣的民宿,湖西鄉,尖山村9鄰尖山30之5號,23.5686805,119.6644027,,,,,車位:小客車0輛、機車0輛、大客車0輛,,
Taiwan_Gov_OpenData_v2,hotels,Hotel_A15010000H_036949,某個海邊民宿,位於澎湖縣的民宿,馬公市,西衛里26鄰西衛578之2號,23.5837367,119.5822487,,,,,車位:小客車0輛、機車0輛、大客車0輛,,
Taiwan_Gov_OpenData_v2,hotels,Hotel_A15010000H_037023,妙境星海旅墅民宿,位於澎湖縣的民宿,馬公市,五德里2鄰雞母塢51之55號,23.5270408,119.5886131,,,,,車位:小客車0輛、機車0輛、大客車0輛,https://www.facebook.com/profile.php?id=61574604495435,
Taiwan_Gov_OpenData_v2,hotels,Hotel_A15010000H_037024,某個秘境民宿,位於澎湖縣的民宿,馬公市,西衛里26鄰西衛578號,23.5837367,119.5822487,,,,,車位:小客車0輛、機車0輛、大客車0輛,,
Taiwan_Gov_OpenData_v2,hotels,Hotel_A15010000H_037027,禎園民宿,位於澎湖縣的民宿,馬公市,山水里14鄰珠江32之56號,23.5168372,119.5963033,,,,,車位:小客車0輛、機車0輛、大客車0輛,https://booking.owlting.com/2588407f-c545-499d-92fa-ea70236bd211?lang=zh_TW&adult=1&child=0&infant=0,
Taiwan_Gov_OpenData_v2,hotels,Hotel_A15010000H_037042,鬆壹鬆民宿,位於澎湖縣的民宿,馬公市,興仁里9鄰双頭掛313號,23.5472153,119.6122444,,,,,車位:小客車2輛、機車5輛、大客車0輛,https://www.facebook.com/share/1MsKodxQri/,
Taiwan_Gov_OpenData_v2,hotels,Hotel_A15010000H_037044,日光星澄民宿,位於澎湖縣的民宿,馬公市,山水里21鄰珠江151之90號,23.5168372,119.5963033,,,,,車位:小客車0輛、機車0輛、大客車0輛,,
Taiwan_Gov_OpenData_v2,hotels,Hotel_A15010000H_037076,映海居民宿,位於澎湖縣的民宿,湖西鄉,沙港村1鄰沙港138之7號,23.604352,119.624557,,,,,車位:小客車0輛、機車0輛、大客車0輛,,
Taiwan_Gov_OpenData_v2,hotels,Hotel_A15010000H_037119,茉隱灣民宿,位於澎湖縣的民宿,湖西鄉,成功村1鄰港底295之2號,23.5703493,119.6110384,,,,,車位:小客車0輛、機車0輛、大客車0輛,,
Taiwan_Gov_OpenData_v2,hotels,Hotel_A15010000H_037152,星都民宿,位於澎湖縣的民宿,馬公市,安宅里2鄰宅脚嶼132之6號,23.5813379,119.6060862,,,,,車位:小客車0輛、機車0輛、大客車0輛,,
Taiwan_Gov_OpenData_v2,hotels,Hotel_A15010000H_037162,森の家民宿,位於澎湖縣的民宿,馬公市,鐵線里1鄰吉海路980巷88弄10號,23.5345012,119.6021003,,,,,車位:小客車0輛、機車0輛、大客車0輛,,
Taiwan_Gov_OpenData_v2,hotels,Hotel_A15010000H_037172,伊勾瑞民宿,位於澎湖縣的民宿,湖西鄉,許家村1鄰港子尾140之6號,23.647247,119.598976,,,,,車位:小客車0輛、機車0輛、大客車0輛,,
Taiwan_Gov_OpenData_v2,hotels,Hotel_A15010000H_037217,詩篇23海景民宿,位於澎湖縣七美鄉面海第一排的民宿，於114年全新開幕。大部分房間有面海陽台及浴室內有面海的浴缸，避開炙熱陽光，泡在浴缸裡看海看夕陽，既詩意且愜意；夜晚享受海風迎面輕拂，星星月亮環繞身旁，非常悠閒靜謐浪漫。一樓有寬敞的客廳及一覽無遺的海景，提供喝咖啡聊天的交誼場地。距離七美南滬碼頭及商業區車程僅2分鐘，生活機能非常便利。,七美鄉,南港村11鄰南滬61號,23.1960038,119.4251875,,,,,車位:小客車2輛、機車10輛、大客車0輛,,
Taiwan_Gov_OpenData_v2,hotels,Hotel_A15010000H_037221,向前進民宿,位於澎湖縣的民宿,馬公市,西文里11鄰西文澳769之5號,23.5649376,119.5842923,,,,,車位:小客車1輛、機車5輛、大客車1輛,,
Taiwan_Gov_OpenData_v2,hotels,Hotel_A15010000H_037243,海馨馨民宿,位於澎湖縣的民宿,馬公市,安宅里2鄰宅脚嶼132之5號,23.5813379,119.6060862,,,,,車位:小客車0輛、機車0輛、大客車0輛,,
Taiwan_Gov_OpenData_v2,hotels,Hotel_A15010000H_037244,寧之屋民宿,位於澎湖縣的民宿,馬公市,重光里7鄰後窟潭45之3號,23.5846237,119.5714334,,,,,車位:小客車0輛、機車0輛、大客車0輛,,
Taiwan_Gov_OpenData_v2,hotels,Hotel_A15010000H_037250,安萊居海景民宿,「安萊居海景民宿」位於澎湖馬公安宅里，擁有無敵海景視野，鄰近市區、機場及碼頭約7、8分鐘車程，是您放鬆心情與感受澎湖魅力的最佳選擇，每間房型設計溫馨舒適，讓您有如回家般自在。,馬公市,安宅里6鄰宅脚嶼27之16號,23.5814809,119.6059747,,,,,車位:小客車0輛、機車0輛、大客車0輛,https://www.facebook.com/share/1AcgEss4Rv/?mibextid=LQQJ4d,
Taiwan_Gov_OpenData_v2,hotels,Hotel_A15010000H_037252,阿池民宿,位於澎湖縣的民宿,湖西鄉,成功村1鄰港底295之3號,23.5703493,119.6110384,,,,,車位:小客車2輛、機車5輛、大客車0輛,,
Taiwan_Gov_OpenData_v2,hotels,Hotel_A15010000H_037254,猜猜胡貝民宿,位於澎湖縣的民宿,馬公市,鐵線里2鄰鐵線尾76號,23.535237,119.601324,,,,,車位:小客車0輛、機車0輛、大客車0輛,,
Taiwan_Gov_OpenData_v2,hotels,Hotel_A15010000H_037283,韓舍旅店民宿,位於澎湖縣的韓舍旅店民宿.位於馬公市西文里，便利超商約2分鐘車程，靠近203環島公路馬公端入口，交通實分便利，全新民宿.,馬公市,西文里11鄰西文澳769之3號,23.566239,119.594117,,,,,車位:小客車2輛、機車6輛、大客車0輛,,
Taiwan_Gov_OpenData_v2,hotels,Hotel_A15010000H_037297,覓海海景會館民宿,位於澎湖縣的民宿,馬公市,前寮里1鄰前寮23之17號,23.5542923,119.5847087,,,,,車位:小客車0輛、機車0輛、大客車0輛,,
Taiwan_Gov_OpenData_v2,hotels,Hotel_A15010000H_037302,這故事民宿,位於澎湖縣的民宿,馬公市,安宅里6鄰宅脚嶼27之11號,23.5814809,119.6059747,,,,,車位:小客車0輛、機車0輛、大客車0輛,,
Taiwan_Gov_OpenData_v2,hotels,Hotel_A15010000H_037308,想故事民宿,位於澎湖縣的民宿,馬公市,安宅里6鄰宅脚嶼27之12號,23.5814809,119.6059747,,,,,車位:小客車0輛、機車0輛、大客車0輛,,
Taiwan_Gov_OpenData_v2,hotels,Hotel_A15010000H_037309,寫故事民宿,位於澎湖縣的民宿,馬公市,安宅里6鄰宅脚嶼27之13號,23.5814809,119.6059747,,,,,車位:小客車0輛、機車0輛、大客車0輛,,
Taiwan_Gov_OpenData_v2,hotels,Hotel_A15010000H_037349,四維民宿,位於澎湖縣的民宿,馬公市,重光里6鄰後窟潭296號,23.5846237,119.5714334,,,,,車位:小客車0輛、機車0輛、大客車0輛,,
Taiwan_Gov_OpenData_v2,hotels,Hotel_A15010000H_037374,海色天光民宿,位於澎湖縣的民宿,湖西鄉,許家村1鄰港子尾142之1號,23.647247,119.598976,,,,,車位:小客車0輛、機車0輛、大客車0輛,,
Taiwan_Gov_OpenData_v2,hotels,Hotel_A15010000H_037383,日光鐵線民宿,位於澎湖縣的民宿,馬公市,鐵線里4鄰鐵線尾25之20號,23.5346616,119.6005071,,,,,車位:小客車0輛、機車0輛、大客車0輛,,
Taiwan_Gov_OpenData_v2,hotels,Hotel_A15010000H_037431,晨與汐民宿,位於澎湖縣的民宿,馬公市,鐵線里1鄰鐵線尾98之3號,23.5372374,119.6017103,,,,,車位:小客車0輛、機車0輛、大客車0輛,,
Taiwan_Gov_OpenData_v2,hotels,Hotel_A15010000H_037434,路旅店民宿,位於澎湖縣的民宿,馬公市,西衛里12鄰西衛83之28號,23.5779838,119.5822274,,,,,車位:小客車0輛、機車0輛、大客車0輛,,
Taiwan_Gov_OpenData_v2,hotels,Hotel_A15010000H_037464,愛來聚海景民宿,「愛來聚海景民宿」位於澎湖馬公安宅里，擁有無敵海景視野，鄰近市區、機場及碼頭約7、8分鐘車程，是您放鬆心情與感受澎湖魅力的最佳選擇，每間房型設計溫馨舒適，讓您有如回家般自在。,馬公市,安宅里6鄰宅脚嶼27之15號,23.578457,119.599764,,,,,車位:小客車0輛、機車0輛、大客車0輛,,
Taiwan_Gov_OpenData_v2,hotels,Hotel_A15010000H_037471,三和院民宿,"三和院創立初衷在澎湖這片靜謐純粹的海島上,三和院誕生於對「和諧、安定、歸屬感」的追求。「三和」代表著人與自然的和諧、旅人與土地的和諧、身心靈的和諧,我們希望每位來到這裡的旅人,不只是短暫停留,而是能夠感受到家的溫度,讓心靈找到安放的地方。不論你是來自都市的旅人,還是探索島嶼的探險家,三和院都願意成為你心靈的棲息地。",馬公市,西文里11鄰西文澳768號,23.566127,119.593759,,,,,車位:小客車0輛、機車0輛、大客車0輛,https://sanhoyan.hexa.tw/,https://taiwan.taiwanstay.net.tw/twpic/334459.jpg?v=20260831
Taiwan_Gov_OpenData_v2,hotels,Hotel_A15010000H_037515,海洋陶然親子民宿,位於澎湖縣的民宿,馬公市,前寮里2鄰前寮160號,23.555241,119.585619,,,,,車位:小客車0輛、機車0輛、大客車0輛,,
Taiwan_Gov_OpenData_v2,hotels,Hotel_A15010000H_037525,摩比民宿,民宿資料114年六月全新開幕電話： 0937-552945Line ID:0937552945民宿位置：湖西馬公交界，距離市區8分鐘左右，距離機場，港口15分鐘車程！,湖西鄉,許家村6鄰港子尾120之11號,23.591664,119.607979,,,,,車位:小客車0輛、機車0輛、大客車0輛,,https://taiwan.taiwanstay.net.tw/twpic/301897.jpg?v=20260831
Taiwan_Gov_OpenData_v2,hotels,Hotel_A15010000H_037526,旅幸福民宿,民宿資料114年六月全新開幕住址：澎湖縣湖西鄉許家村港仔尾120之11號電話： 0937-552945Line ID:0937552945民宿位置：湖西馬公交界，距離市區8分鐘左右，距離機場，港口15分鐘車程！,湖西鄉,許家村6鄰港子尾120之12號,23.591572,119.607948,,,,,車位:小客車0輛、機車0輛、大客車0輛,,https://taiwan.taiwanstay.net.tw/twpic/301892.jpg?v=20260831
Taiwan_Gov_OpenData_v2,hotels,Hotel_A15010000H_037555,辰佃民宿,位於澎湖縣的民宿,馬公市,西文里11鄰西文澳768之6號,23.566621,119.593819,,,,,車位:小客車0輛、機車0輛、大客車0輛,,
Taiwan_Gov_OpenData_v2,hotels,Hotel_A15010000H_037646,夏風微伴民宿,位於澎湖縣的民宿,馬公市,興仁里9鄰双頭掛226之8號,23.554963,119.615573,,,,,車位:小客車2輛、機車8輛、大客車0輛,,
Taiwan_Gov_OpenData_v2,hotels,Hotel_A15010000H_037687,嚎鯎饗住民宿,位在澎湖湖西鄉的【嚎鯎饗住民宿】，是一棟只有一層樓的溫馨平房，以簡約風格設計，打造出如家一般自在的空間。民宿擁有寬敞的公共區域，非常適合家庭出遊、三五好友相聚，一起慢下腳步、享受島嶼時光。為了讓包棟的旅客擁有完整的放鬆時光，我們提供KTV與電動麻將桌等娛樂設施（僅限包棟使用），讓每一晚都充滿歡笑與陪伴。清晨，還能品嚐主人親手準備的家常早餐，用在地食材開啟美好的一天。在這裡，你不只是旅人，更是我們的家人。嚎鯎饗住民宿，讓你在澎湖，有個像家的地方。,湖西鄉,許家村3鄰港子尾192之3號,23.647247,119.598976,,,,,車位:小客車0輛、機車0輛、大客車0輛,,
Taiwan_Gov_OpenData_v2,hotels,Hotel_A15010000H_037700,桑沐民宿,位於澎湖縣的民宿,馬公市,安宅里11鄰宅脚嶼501號,23.575714,119.605006,,,,,車位:小客車0輛、機車0輛、大客車0輛,,
Taiwan_Gov_OpenData_v2,hotels,Hotel_A15010000H_037712,星嶼民宿,位於澎湖縣的民宿,馬公市,鐵線里1鄰吉海路980巷176弄50號,23.536651,119.605475,,,,,車位:小客車0輛、機車0輛、大客車0輛,,https://taiwan.taiwanstay.net.tw/twpic/350468.jpg?v=20260831
Taiwan_Gov_OpenData_v2,hotels,Hotel_A15010000H_037713,娘家民宿,位於澎湖縣的民宿,馬公市,五德里2鄰鷄母塢51之39號,23.528774,119.588295,,,,,車位:小客車0輛、機車0輛、大客車0輛,,
Taiwan_Gov_OpenData_v2,hotels,Hotel_A15010000H_037718,樂境星海民宿,位於澎湖縣的民宿,馬公市,五德里2鄰雞母塢51之57號,23.529098,119.588384,,,,,車位:小客車0輛、機車0輛、大客車0輛,,
Taiwan_Gov_OpenData_v2,hotels,Hotel_A15010000H_037765,顏韻風帆平價優質民宿,顏韻風帆，一間隱身在馬公市雙頭掛小巷裡的寧靜住所。距離機場車程五分鐘，離市區不遠，保有離塵的安靜。四間房各自獨立，適當地空間感與距離。不熱情打擾、不刻意寒暄，讓每一位旅人都能自在進出，把這裡當作旅途中真正能休息的地方。民宿共四間房，分別位於二、三樓，提供適合雙人與親子的小型套房。每間房皆設有獨立衛浴、冷氣與乾濕分離空間，乾淨舒適。我們相信，好的住宿，不一定需要過度服務。這裡不會主動打擾你，也不會干涉你的行程安排。有需要的時候，我會在這裡；沒有需要的時候，就安心自在地住幾天。不打擾，是一種尊重；留點距離，也是一種溫柔。民宿主人就住在一樓，不會頻繁出現及互動，但只要你有需要，隨時都能找到我。這裡不是華麗的飯店，是一點一滴慢慢啟航的空間。希望用實在的價格，提供一個簡單、乾淨、安靜的住宿選擇。歡迎你來澎湖看看，也歡迎你在這裡，好好休息。,馬公市,興仁里10鄰双頭掛587號,23.551348,119.616735,,,,,車位:小客車0輛、機車0輛、大客車0輛,,
Taiwan_Gov_OpenData_v2,hotels,Hotel_A15010000H_037780,熱帶魚民宿二館,位於澎湖縣的民宿,馬公市,西文里11鄰西文澳768之2號,23.56632,119.59371,,,,,車位:小客車0輛、機車0輛、大客車0輛,,
Taiwan_Gov_OpenData_v2,hotels,Hotel_A15010000H_037783,井垵海語民宿,位於澎湖縣的民宿,馬公市,井垵里1鄰井子垵39之15號,23.521234,119.582278,,,,,車位:小客車0輛、機車0輛、大客車0輛,,
Taiwan_Gov_OpenData_v2,hotels,Hotel_A15010000H_037790,屋灖民宿,位於澎湖縣的民宿,馬公市,光榮里18鄰三多路370巷16號,23.578165,119.570119,,,,,車位:小客車0輛、機車0輛、大客車0輛,,
Taiwan_Gov_OpenData_v2,hotels,Hotel_A15010000H_037792,淘樂漫旅民宿,位於澎湖縣的民宿,馬公市,光榮里18鄰三多路370巷38號,23.578344,119.570301,,,,,車位:小客車0輛、機車0輛、大客車0輛,,
Taiwan_Gov_OpenData_v2,hotels,Hotel_A15010000H_037838,泊月民宿,位於澎湖縣的民宿,馬公市,西衛里25鄰西衛470號,23.585083,119.578627,,,,,車位:小客車0輛、機車0輛、大客車0輛,,
Taiwan_Gov_OpenData_v2,hotels,Hotel_A15010000H_037853,藍調時光民宿,位於澎湖縣的民宿,湖西鄉,許家村6鄰港子尾57之5號,23.58896,119.607752,,,,,車位:小客車0輛、機車6輛、大客車1輛,,
Taiwan_Gov_OpenData_v2,hotels,Hotel_A15010000H_037857,日日是好日民宿,位於澎湖縣的民宿,湖西鄉,許家村6鄰港子尾57之6號,23.58894,119.607894,,,,,車位:小客車1輛、機車3輛、大客車1輛,,
Taiwan_Gov_OpenData_v2,hotels,Hotel_A15010000H_037863,福容徠旅 澎湖,福容徠旅 澎湖島嶼度假勝地・趣海島漫遊藍白交織的「郵輪飯店」外觀，成為澎湖獨特風格的地標建築，每扇窗都是對風景的邀請，每道曲線彷彿正迎風啟航，飯店鄰近馬公第三漁港，距馬公機場約15分鐘車程，至馬公港僅約5分鐘，交通便利。全館102間溫馨客房，空間設計簡約而溫潤，讓旅人自在沉浸於慢活時光。澎湖四季皆宜旅遊：春賞海濱花影、夏玩沁涼水上活動、秋嚐在地美食文化、冬觀季節候鳥風姿，建議安排行程三天兩夜以上漫遊澎湖，這裡是放鬆身心、療癒旅程的理想選擇。 推薦景點：馬公古蹟群、跳島風光、七美雙心石滬、天后宮、跨海大橋澎湖縣馬公市大賢街99號06-9221888,馬公市,東文里4鄰大賢街97號,23.561038,119.58271,,,,,車位:小客車21輛、機車12輛、大客車1輛,https://www.fullon-hotels.com.tw/fullon-poshtels/ph/tw/,
Taiwan_Gov_OpenData_v2,hotels,Hotel_A15010000H_037906,好思寓所民宿,不只是一間提供舒適休憩的旅店。 我們期許成為澎湖島上最體貼的接待者全新智能管家客製化服務每個旅人，給予舒適又足夠的隱私度一層一戶如同家一般，輕鬆享受小島的生活以善待家人的心情珍惜來訪旅人--　Travel like a local.A home away from home.,馬公市,光明里11鄰文光路96號,23.573407,119.570395,,,,,車位:小客車0輛、機車0輛、大客車0輛,,
Taiwan_Gov_OpenData_v2,hotels,Hotel_A15010000H_037924,今棧行旅,位於澎湖縣的旅館,馬公市,中央里16鄰仁愛路75號,23.56556,119.564944,,,,,車位:小客車0輛、機車0輛、大客車0輛,https://www.superbhotel.com.tw,
Taiwan_Gov_OpenData_v2,hotels,Hotel_A15010000H_037926,砝泥民宿,位於澎湖縣的民宿,馬公市,鎖港里11鄰鎖港五路1號,23.525793,119.599718,,,,,車位:小客車0輛、機車0輛、大客車0輛,,
Taiwan_Gov_OpenData_v2,hotels,Hotel_A15010000H_037958,嶼嶼海町民宿,位於澎湖縣的民宿,馬公市,安宅里2鄰宅脚嶼132號,23.575166,119.602423,,,,,車位:小客車0輛、機車0輛、大客車0輛,,
Taiwan_Gov_OpenData_v2,hotels,Hotel_A15010000H_037968,白木洱民宿,位於澎湖縣的民宿,馬公市,石泉里15鄰石泉1之500號,23.561903,119.599021,,,,,車位:小客車0輛、機車0輛、大客車0輛,,
Taiwan_Gov_OpenData_v2,hotels,Hotel_A15010000H_038047,嶼境民宿,位於澎湖縣的民宿,馬公市,西衛里27鄰五福路78巷25弄1之1號,23.582521,119.577652,,,,,車位:小客車0輛、機車0輛、大客車0輛,,
Taiwan_Gov_OpenData_v2,hotels,Hotel_A15010000H_038083,等風來海景電梯民宿,位於澎湖縣的民宿,馬公市,鎖港里14鄰鎖港六路199號,23.521752,119.607489,,,,,車位:小客車0輛、機車0輛、大客車0輛,,
Taiwan_Gov_OpenData_v2,hotels,Hotel_A15010000H_038087,星輝漫旅民宿,位於澎湖縣的民宿,馬公市,五德里2鄰鷄母塢51之76號,23.529093,119.588963,,,,,車位:小客車0輛、機車0輛、大客車0輛,,
Taiwan_Gov_OpenData_v2,hotels,Hotel_A15010000H_038096,夏宜聚民宿,位於澎湖縣的民宿,湖西鄉,林投村2鄰林投108之15號,23.565576,119.650311,,,,,車位:小客車0輛、機車0輛、大客車0輛,,
Taiwan_Gov_OpenData_v2,hotels,Hotel_A15010000H_038097,看海H.W民宿,位於澎湖縣的民宿,白沙鄉,後寮村1鄰後寮104之20號,23.66933,119.57074,,,,,車位:小客車0輛、機車0輛、大客車0輛,,
Taiwan_Gov_OpenData_v2,hotels,Hotel_A15010000H_038105,在河之周民宿,位於澎湖縣的民宿,馬公市,安宅里6鄰宅脚嶼27之17號,23.578575,119.599939,,,,,車位:小客車2輛、機車4輛、大客車0輛,,
Taiwan_Gov_OpenData_v2,hotels,Hotel_A15010000H_038190,那頁民宿,位於澎湖的民宿,白沙鄉,鎮海村8鄰鎮海67號,23.645225,119.594625,,,,,車位:小客車0輛、機車0輛、大客車0輛,,
Taiwan_Gov_OpenData_v2,hotels,Hotel_A15010000H_038208,一掬水民宿,位於澎湖縣的民宿,馬公市,西衛里25鄰西衛470之6號,23.585275,119.578264,,,,,車位:小客車0輛、機車0輛、大客車0輛,,
Taiwan_Gov_OpenData_v2,hotels,Hotel_A15010000H_038210,安逸居民宿,位於澎湖縣的民宿,馬公市,西衛里24鄰西衛433之11號,23.584268,119.578606,,,,,車位:小客車0輛、機車0輛、大客車0輛,,
Taiwan_Gov_OpenData_v2,hotels,Hotel_A15010000H_038257,玖伍海景民宿,位於澎湖縣的民宿,馬公市,光明里32鄰民族路95號,23.572759,119.56655,,,,,車位:小客車0輛、機車0輛、大客車0輛,,
Taiwan_Gov_OpenData_v2,hotels,Hotel_A15010000H_038261,沙時間行旅民宿,位於澎湖縣的民宿,湖西鄉,沙港村1鄰沙港203之12號,23.596167,119.617014,,,,,車位:小客車0輛、機車0輛、大客車0輛,,
Taiwan_Gov_OpenData_v2,hotels,Hotel_A15010000H_038328,夢幻旅澄民宿,位於澎湖縣民宿,馬公市,鎖港里2鄰鎖港一路45巷158號,23.532769,119.60441,,,,,車位:小客車0輛、機車0輛、大客車0輛,,
Taiwan_Gov_OpenData_v2,hotels,Hotel_A15010000H_038408,豪宿文旅民宿,位於澎湖縣的民宿,白沙鄉,瓦硐村7鄰瓦硐108號,23.660343,119.582942,,,,,車位:小客車0輛、機車0輛、大客車0輛,,
Taiwan_Gov_OpenData_v2,hotels,Hotel_A15010000H_038415,濤靜盧民宿,位於澎湖縣的民宿,馬公市,鎖港里14鄰鎖港六路173號,23.521777,119.606541,,,,,車位:小客車2輛、機車5輛、大客車0輛,,
Taiwan_Gov_OpenData_v2,hotels,Hotel_A15010000H_038428,澄嶼民宿,位於澎湖縣的民宿,馬公市,鎖港里11鄰鎖港五路3號,23.525796,119.599797,,,,,車位:小客車0輛、機車0輛、大客車0輛,,
Taiwan_Gov_OpenData_v2,hotels,Hotel_A15010000H_038429,久瀨輕旅民宿,位於澎湖縣的民宿,馬公市,東衛里7鄰東衛70之5號,23.568257,119.601954,,,,,車位:小客車0輛、機車0輛、大客車0輛,,
Taiwan_Gov_OpenData_v2,hotels,Hotel_A15010000H_038492,禾庭文旅民宿,位於澎湖縣的民宿,馬公市,鎖港里11鄰鎖港五路25號,23.525637,119.600338,,,,,車位:小客車0輛、機車0輛、大客車0輛,,
Taiwan_Gov_OpenData_v2,hotels,Hotel_A15010000H_038533,嚕米民宿,位於澎湖縣的民宿,湖西鄉,許家村3鄰港子尾192之5號,23.581775,119.611974,,,,,車位:小客車0輛、機車0輛、大客車0輛,,
Taiwan_Gov_OpenData_v2,hotels,Hotel_A15010000H_038539,遇見海民宿二館,位於澎湖縣的民宿,湖西鄉,許家村3鄰港子尾25之10號,23.585401,119.608211,,,,,車位:小客車0輛、機車0輛、大客車0輛,,
Taiwan_Gov_OpenData_v2,hotels,Hotel_A15010000H_038541,如意軒民宿,位於澎湖縣的民宿,馬公市,西衛里24鄰西衛433之10號,23.584229,119.57867,,,,,車位:小客車0輛、機車0輛、大客車0輛,,
Taiwan_Gov_OpenData_v2,hotels,Hotel_A15010000H_038542,一緒民宿,捨去複雜的裝飾，回歸住宿的本質。在這裡，時間流動得慢了一些，剛好足夠讓我們，看見旅行與生活最美好的樣子我們位在湖西鄉許家村203縣道上的一棟房子,湖西鄉,許家村3鄰港子尾142號,23.585664,119.608967,,,,,車位:小客車0輛、機車0輛、大客車0輛,,
Taiwan_Gov_OpenData_v2,hotels,Hotel_A15010000H_038583,小小民宿,位於澎湖縣的民宿,馬公市,西衛里25鄰西衛265之8號,23.587119,119.579846,,,,,車位:小客車0輛、機車0輛、大客車0輛,,
Taiwan_Gov_OpenData_v2,hotels,Hotel_A15010000H_038584,藍鏡民宿,位於澎湖縣的海景民宿，可於房間內及公共空間欣賞到蔚藍大海、海岸線及夕陽美景。它結合了民宿般的溫馨氛圍與自然美景，讓旅客能在住宿途中享受放鬆的度假感受。,馬公市,西衛里12鄰西衛866號,23.577001,119.584447,,,,,車位:小客車0輛、機車0輛、大客車0輛,,https://taiwan.taiwanstay.net.tw/twpic/325215.jpg?v=20260831
Taiwan_Gov_OpenData_v2,hotels,Hotel_A15010000H_038628,海顏民宿,我們是在澎湖的小民宿，地點恰好在機場至市區的中心點，往返市區或機場都很近，有市區的便利性，但沒有市區的喧鬧噪音。,馬公市,光華里3鄰光華123之8號,23.561526,119.601324,,,,,車位:小客車0輛、機車0輛、大客車0輛,,https://taiwan.taiwanstay.net.tw/twpic/329223.jpg?v=20260831
Taiwan_Gov_OpenData_v2,hotels,Hotel_A15010000H_038631,鑫鰆海景民宿,位於澎湖縣的民宿,馬公市,五德里2鄰鷄母塢51之75號,23.529118,119.588869,,,,,車位:小客車0輛、機車0輛、大客車0輛,,
Taiwan_Gov_OpenData_v2,hotels,Hotel_A15010000H_038632,唯家民宿,位於澎湖縣的民宿,湖西鄉,許家村2鄰港子尾23之5號,23.587438,119.608177,,,,,車位:小客車0輛、機車0輛、大客車0輛,https://www.weijia.tw/index.html,
Taiwan_Gov_OpenData_v2,hotels,Hotel_A15010000H_038660,風姿語民宿,位於澎湖縣湖西鄉的民宿,湖西鄉,湖西村1鄰湖西302之10號,23.580704,119.657553,,,,,車位:小客車0輛、機車0輛、大客車0輛,,
Taiwan_Gov_OpenData_v2,hotels,Hotel_A15010000H_038661,馬森民宿,位於澎湖縣的民宿,湖西鄉,湖西村1鄰湖西302之12號,23.580608,119.657701,,,,,車位:小客車0輛、機車0輛、大客車0輛,,
Taiwan_Gov_OpenData_v2,hotels,Hotel_A15010000H_038681,踏浪觀海美宿民宿,位於澎湖縣的民宿,馬公市,光榮里24鄰三多路390巷15號,23.577094,119.569309,,,,,車位:小客車0輛、機車0輛、大客車0輛,,
Taiwan_Gov_OpenData_v2,hotels,Hotel_A15010000H_038687,五路五號民宿,位於澎湖縣的民宿,馬公市,鎖港里11鄰鎖港五路5號,23.525777,119.599844,,,,,車位:小客車0輛、機車0輛、大客車0輛,,
Taiwan_Gov_OpenData_v2,hotels,Hotel_A15010000H_038689,海蕓灣民宿,位於澎湖縣的民宿,馬公市,光華里3鄰光華123之9號,23.561677,119.601366,,,,,車位:小客車0輛、機車0輛、大客車0輛,,
Taiwan_Gov_OpenData_v2,hotels,Hotel_A15010000H_038695,清出嶼嵐民宿,位於澎湖縣的民宿,湖西鄉,鼎灣村6鄰鼎灣132之3號,23.591692,119.613797,,,,,車位:小客車0輛、機車0輛、大客車0輛,,
Taiwan_Gov_OpenData_v2,hotels,Hotel_A15010000H_038717,風中的草民宿,位於澎湖縣的民宿,馬公市,興仁里10鄰双頭掛279之6號,23.550862,119.616866,,,,,車位:小客車0輛、機車0輛、大客車0輛,,https://taiwan.taiwanstay.net.tw/twpic/349869.jpg?v=20260831
Taiwan_Gov_OpenData_v2,hotels,Hotel_A15010000H_038724,月喬灣行旅民宿,位於澎湖縣的民宿,湖西鄉,東石村1鄰東石51之2號,23.582574,119.621924,,,,,車位:小客車0輛、機車0輛、大客車0輛,,
Taiwan_Gov_OpenData_v2,hotels,Hotel_A15010000H_038727,大衛民宿,位於澎湖縣的民宿,馬公市,石泉里2鄰石泉11之106號,23.557962,119.592572,,,,,車位:小客車1輛、機車3輛、大客車0輛,,
Taiwan_Gov_OpenData_v2,hotels,Hotel_A15010000H_038816,夏之戀民宿,位於澎湖縣的民宿,馬公市,西文里11鄰西文澳768之3號,23.566391,119.593762,,,,,車位:小客車0輛、機車0輛、大客車0輛,,
Taiwan_Gov_OpenData_v2,hotels,Hotel_A15010000H_038820,松旅民宿,位於澎湖縣的民宿,馬公市,前寮里2鄰前寮355之57號,23.556631,119.589353,,,,,車位:小客車0輛、機車0輛、大客車0輛,,
Taiwan_Gov_OpenData_v2,hotels,Hotel_A15010000H_038838,美位海景電梯民宿,位於澎湖縣的民宿,馬公市,西衛里25鄰西衛493號,23.58552,119.578265,,,,,車位:小客車0輛、機車0輛、大客車0輛,,
Taiwan_Gov_OpenData_v2,hotels,Hotel_A15010000H_038858,旅途洋居民宿,位於澎湖縣的民宿,馬公市,鐵線里2鄰鐵線尾45之1號,23.536069,119.601269,,,,,車位:小客車0輛、機車0輛、大客車0輛,,
Taiwan_Gov_OpenData_v2,hotels,Hotel_A15010000H_038975,澎湖嶼夏海景民宿,坐落在澎湖海岸線上的嶼夏海景民宿，這裡沒有繁雜喧鬧，只有藍色海面與緩慢日光。,馬公市,鐵線里5鄰鐵線尾221號,23.534828,119.597542,,,,,車位:小客車0輛、機車0輛、大客車0輛,,
Taiwan_Gov_OpenData_v2,hotels,Hotel_A15010000H_039036,海玥民宿,位於澎湖縣的民宿,馬公市,五德里2鄰鷄母塢51之78號,23.529048,119.589116,,,,,車位:小客車0輛、機車0輛、大客車0輛,,
Taiwan_Gov_OpenData_v2,hotels,Hotel_A15010000H_039067,儷景民宿,位於澎湖縣的民宿,馬公市,復興里1鄰中山路75-2號,23.563284,119.563831,,,,,車位:小客車0輛、機車0輛、大客車0輛,,
Taiwan_Gov_OpenData_v2,hotels,Hotel_A15010000H_039073,舞所蔚民宿二館,位於澎湖縣馬公市鐵線里的民宿,馬公市,鐵線里1鄰鐵線尾116-1號,23.537058,119.604623,,,,,車位:小客車0輛、機車0輛、大客車0輛,,
Taiwan_Gov_OpenData_v2,hotels,Hotel_A15010000H_039082,聽海休閒民宿二館,位於澎湖縣的民宿,馬公市,西衛里14鄰西衛1149號,23.587286,119.584143,,,,,車位:小客車0輛、機車0輛、大客車0輛,,
Taiwan_Gov_OpenData_v2,hotels,Hotel_A15010000H_039083,米霏民宿,澎湖縣民宿,馬公市,西文里21鄰西文澳281之1號,23.565781,119.59332,,,,,車位:小客車0輛、機車0輛、大客車0輛,,https://taiwan.taiwanstay.net.tw/twpic/333381.jpg?v=20260831
Taiwan_Gov_OpenData_v2,hotels,Hotel_A15010000H_039088,花間宜居民宿,花間宜居民宿,湖西鄉,紅羅村6鄰紅羅罩280之3號,23.582377,119.646163,,,,,車位:小客車0輛、機車0輛、大客車0輛,,
Taiwan_Gov_OpenData_v2,hotels,Hotel_A15010000H_039097,沐森民宿,澎湖縣民宿,馬公市,西衛里18鄰五福路138巷23之10號,23.581807,119.576039,,,,,車位:小客車0輛、機車0輛、大客車0輛,,
Taiwan_Gov_OpenData_v2,hotels,Hotel_A15010000H_039133,婕嶼海居民宿,婕嶼海居民宿,馬公市,鐵線里1鄰鐵線尾116之2號,23.536974,119.604692,,,,,車位:小客車0輛、機車0輛、大客車0輛,,
Taiwan_Gov_OpenData_v2,hotels,Hotel_A15010000H_039151,龍族文旅民宿,澎湖縣民宿,馬公市,石泉里2鄰石泉11之100號,23.558333,119.59245,,,,,車位:小客車0輛、機車0輛、大客車0輛,,
Taiwan_Gov_OpenData_v2,hotels,Hotel_A15010000H_039152,酉桑民宿,位於澎湖縣的民宿,馬公市,西衛里25鄰西衛265號,23.586967,119.580292,,,,,車位:小客車0輛、機車0輛、大客車0輛,,
Taiwan_Gov_OpenData_v2,hotels,Hotel_A15010000H_039153,海天逸居民宿,位於澎湖縣的五德里民宿,馬公市,五德里鷄母塢51之79號,23.529095,119.589189,,,,,車位:小客車0輛、機車0輛、大客車0輛,,
Taiwan_Gov_OpenData_v2,hotels,Hotel_A15010000H_039157,那有一間民宿,位於澎湖縣的民宿,馬公市,五德里1鄰鷄母塢196號,23.523987,119.592916,,,,,車位:小客車0輛、機車0輛、大客車0輛,,
Taiwan_Gov_OpenData_v2,hotels,Hotel_A15010000H_039228,愛麗絲夢遊仙境民宿,在澎湖縣大城北的一間民宿,湖西鄉,澎湖縣湖西鄉城北村9鄰大城北265之5號,23.563883,119.618545,,,,,車位:小客車0輛、機車0輛、大客車0輛,,
Taiwan_Gov_OpenData_v2,hotels,Hotel_A15010000H_039296,嶼海相寓民宿,位於澎湖的民宿。,馬公市,東衛里21鄰東衛367-6號,23.568331,119.6091362,,,,,車位:小客車0輛、機車0輛、大客車0輛,,
Taiwan_Gov_OpenData_v2,hotels,Hotel_A15010000H_039312,浪漫聚星寵物友善民宿,澎湖縣民宿,馬公市,鎖港里1鄰吉海路980巷55號,23.53457,119.60718,,,,,車位:小客車0輛、機車0輛、大客車0輛,,
Taiwan_Gov_OpenData_v2,hotels,Hotel_A15010000H_039329,晴井民宿,位於澎湖縣湖西鄉的民宿,湖西鄉,許家村1鄰港子尾13之3號,23.587555,119.60945,,,,,車位:小客車0輛、機車0輛、大客車0輛,,
Taiwan_Gov_OpenData_v2,hotels,Hotel_A15010000H_039368,泥說民宿,位於澎湖的民宿。,馬公市,澎湖縣馬公市前寮里2鄰前寮3之26號,23.556456,119.586542,,,,,車位:小客車0輛、機車0輛、大客車0輛,,https://taiwan.taiwanstay.net.tw/twpic/340661.jpg?v=20260831
Taiwan_Gov_OpenData_v2,hotels,Hotel_A15010000H_039515,自由塔民宿,位於澎湖的民宿。,馬公市,光復里9鄰水源路2之3號,23.56978,119.57129,,,,,車位:小客車0輛、機車0輛、大客車0輛,,https://taiwan.taiwanstay.net.tw/twpic/347032.jpg?v=20260831
Taiwan_Gov_OpenData_v2,hotels,Hotel_A15010000H_039525,酉虹民宿,澎湖縣民宿每間房間都是套房有停車場、洗衣機、晒衣場有休閒設備：卡拉ok伴唱機、電動麻將桌,馬公市,興仁里13鄰双頭掛112之11號,23.54725,119.61357,,,,,車位:小客車0輛、機車0輛、大客車0輛,,
Taiwan_Gov_OpenData_v2,hotels,Hotel_A15010000H_039531,隱寓所民宿,位於澎湖縣民宿,馬公市,西衛里26鄰西衛730號,23.587917,119.582087,,,,,車位:小客車0輛、機車0輛、大客車0輛,,
Taiwan_Gov_OpenData_v2,hotels,Hotel_A15010000H_039583,岑之堡聚落民宿,位於澎湖馬公的民宿,馬公市,光榮里24鄰三多路396號,23.577193,119.569641,,,,,車位:小客車0輛、機車0輛、大客車0輛,,
